Brand,Category,Head Buyer,In-stock bestsellers,Suggestions,Out of stock (ignored),Bestseller coverage,Average price above market,Median price above market,Products above market,Market Index,On campaign,PriceShape products,Discount coverage,High discount share,Campaign-affected products,Campaign-affected market index,Permanent sale products,Permanent sale market index
Nike,3 mens,20415 lotte skovaa,54,32,0,0.6279,0.5420,0.4287,905,72.7516,FALSE,1114.0000,0.0189,0.0117,1012.0000,72.5121,13.0000,91.3947
adidas,3 mens,20415 lotte skovaa,45,81,2,0.3571,0.4948,0.4286,1204,82.4374,FALSE,1797.0000,0.5676,0.5376,823.0000,67.1245,952.0000,95.6753
Kérastase,8 cosmetics,21819 mariette buksti gram,23,3,1,0.8846,0.5015,0.4709,138,67.7881,FALSE,139.0000,0.0000,0.0000,138.0000,67.7881,0.0000,
Neo Noir,5 women,20415 lotte skovaa,19,0,0,1.0000,0.4202,0.2515,392,122.9881,TRUE,1233.0000,0.9951,0.4761,597.0000,104.0282,519.0000,144.7975
New Balance,3 mens,25070 adam massigeh,19,25,0,0.4318,0.4894,0.4051,142,81.2280,TRUE,216.0000,0.5185,0.0000,189.0000,81.2280,0.0000,
PIECES,5 women,25070 adam massigeh,18,20,0,0.4737,0.3803,0.2501,157,135.6665,TRUE,799.0000,0.9812,0.2441,478.0000,109.4536,153.0000,217.5603
Royal Copenhagen,1 home,21819 mariette buksti gram,17,1,0,0.9444,0.3254,0.1224,419,94.6950,TRUE,904.0000,0.6195,0.0819,824.0000,92.7184,74.0000,116.7048
ASICS,3 mens,20415 lotte skovaa,17,21,1,0.4474,0.4268,0.3334,173,78.8356,TRUE,213.0000,0.2300,0.0188,207.0000,78.5338,4.0000,94.4526
Georg Jensen,1 home,21819 mariette buksti gram,17,25,1,0.4048,0.1563,0.0674,208,96.2516,TRUE,306.0000,0.9837,0.0686,285.0000,95.7199,21.0000,103.4675
UGG,7 w access,25070 adam massigeh,11,6,0,0.6471,0.5188,0.4539,101,73.4636,TRUE,124.0000,0.0484,0.0000,115.0000,73.4636,0.0000,
Armani,8 cosmetics,21819 mariette buksti gram,10,0,0,1.0000,0.3037,0.2500,347,82.6259,TRUE,429.0000,0.3939,0.0070,382.0000,81.8503,3.0000,181.3854
Wheat,2 kids,20415 lotte skovaa,10,5,0,0.6667,0.2372,0.1250,129,104.7476,TRUE,286.0000,1.0000,0.0315,257.0000,103.9741,9.0000,126.8362
Birkenstock,7 w access,25070 adam massigeh,10,6,0,0.6250,0.5005,0.4286,93,75.7461,TRUE,106.0000,0.3019,0.1509,88.0000,72.1382,16.0000,95.5898
bisgaard,2 kids,25070 adam massigeh,10,8,2,0.5556,0.2381,0.0781,75,94.7701,TRUE,101.0000,1.0000,0.0297,95.0000,92.1533,3.0000,177.6358
ONLY,5 women,20415 lotte skovaa,9,17,0,0.3462,0.2884,0.2096,172,120.6478,TRUE,562.0000,0.9377,0.2278,376.0000,105.6039,109.0000,172.5421
Hummel,3 mens,20415 lotte skovaa,9,29,1,0.2368,0.6119,0.5066,173,123.2882,FALSE,207.0000,0.0435,0.0338,197.0000,122.6583,7.0000,141.0146
Kay Bojesen,1 home,21819 mariette buksti gram,8,0,0,1.0000,0.4123,0.3332,95,77.8051,TRUE,110.0000,0.7636,0.0000,110.0000,77.8051,0.0000,
Rosti Mepal,,,8,0,0,1.0000,,,,,FALSE,,,,,,,
Saint Laurent,,,8,0,0,1.0000,,,,,FALSE,,,,,,,
The Ordinary,8 cosmetics,21819 mariette buksti gram,8,1,9,0.8889,0.2418,0.1667,67,87.7257,FALSE,78.0000,0.0128,0.0128,77.0000,85.0509,1.0000,293.6858
Dyson,8 cosmetics,21819 mariette buksti gram,8,3,0,0.7273,0.1287,0.1246,29,94.6081,FALSE,58.0000,0.0000,0.0000,57.0000,94.6081,0.0000,
L'Oréal Paris,8 cosmetics,21819 mariette buksti gram,8,9,0,0.4706,0.6188,0.5504,168,63.8953,TRUE,169.0000,0.0769,0.0000,169.0000,63.8953,0.0000,
NAME IT,2 kids,20415 lotte skovaa,8,28,0,0.2222,0.1874,0.0774,218,102.5331,TRUE,403.0000,0.9851,0.2382,275.0000,99.5473,90.0000,111.6564
Moroccanoil,8 cosmetics,21819 mariette buksti gram,7,0,0,1.0000,0.3975,0.3795,108,85.2143,TRUE,157.0000,0.2866,0.0000,151.0000,85.2143,0.0000,
Clinique,8 cosmetics,21819 mariette buksti gram,7,1,2,0.8750,0.5859,0.5246,576,67.9582,TRUE,618.0000,0.2379,0.0000,606.0000,67.9582,0.0000,
Sage Appliances,,,7,1,0,0.8750,,,,,FALSE,,,,,,,
Levi’s,3 mens,20415 lotte skovaa,7,5,0,0.5833,0.5866,0.4149,119,85.0986,TRUE,179.0000,0.6313,0.1620,132.0000,73.6531,24.0000,148.0489
Konges Sløjd,2 kids,20415 lotte skovaa,7,6,0,0.5385,0.0981,0.0715,52,112.7048,TRUE,498.0000,0.9337,0.0904,402.0000,111.0239,38.0000,130.4871
Joha,2 kids,20415 lotte skovaa,7,8,0,0.4667,0.3911,0.2502,96,90.1490,TRUE,156.0000,0.9295,0.0705,128.0000,88.5816,8.0000,115.2263
Mikk-Line,2 kids,20415 lotte skovaa,7,22,0,0.2414,0.2250,0.1932,70,95.5858,TRUE,128.0000,0.8828,0.0312,99.0000,93.7191,4.0000,141.7853
CHANEL,8 cosmetics,21819 mariette buksti gram,6,0,0,1.0000,0.1387,0.1225,626,93.7181,FALSE,1094.0000,0.0000,0.0000,1008.0000,93.7181,0.0000,
HAY,1 home,21819 mariette buksti gram,6,0,0,1.0000,0.1393,0.0689,1119,92.5455,TRUE,1298.0000,0.9461,0.0316,1237.0000,92.1467,39.0000,105.1969
Tradition,1 home,21819 mariette buksti gram,6,0,0,1.0000,0.1861,0.1762,171,87.5672,TRUE,193.0000,1.0000,0.0155,186.0000,87.0632,3.0000,118.8126
Valentino,8 cosmetics,21819 mariette buksti gram,6,0,0,1.0000,0.3241,0.2137,41,89.4177,TRUE,55.0000,0.9455,0.0000,54.0000,89.4177,0.0000,
Jjxx,5 women,25070 adam massigeh,6,1,0,0.8571,0.3134,0.1667,45,140.0865,TRUE,273.0000,1.0000,0.1758,178.0000,116.3131,40.0000,245.8780
PUMA,3 mens,20415 lotte skovaa,6,1,0,0.8571,0.6283,0.4762,395,77.6126,TRUE,581.0000,0.1239,0.0224,560.0000,76.7070,13.0000,116.6230
Saucony,3 mens,,6,2,0,0.7500,0.6908,0.5041,43,70.3908,TRUE,53.0000,0.1321,0.0000,52.0000,70.3908,0.0000,
Beurer,1 home,21819 mariette buksti gram,6,3,0,0.6667,0.7749,0.7512,290,66.9839,FALSE,335.0000,0.2567,0.2299,256.0000,59.4057,76.0000,92.5104
Hoka One One,,,6,3,0,0.6667,,,,,FALSE,,,,,,,
Eva Solo,1 home,21819 mariette buksti gram,6,4,0,0.6000,0.3478,0.2058,407,80.3056,TRUE,432.0000,0.8148,0.0185,423.0000,80.1792,8.0000,86.9849
Beauté Pacifique,8 cosmetics,21819 mariette buksti gram,5,0,0,1.0000,0.1124,0.0894,91,91.3486,TRUE,95.0000,0.9053,0.0000,95.0000,91.3486,0.0000,
Biotherm,8 cosmetics,21819 mariette buksti gram,5,0,1,1.0000,0.2226,0.1724,119,88.1377,TRUE,143.0000,0.8741,0.0070,139.0000,87.0085,1.0000,245.0980
Lancôme,8 cosmetics,21819 mariette buksti gram,5,0,0,1.0000,0.5499,0.5557,566,68.9919,TRUE,605.0000,0.2992,0.0000,588.0000,68.9919,0.0000,
NYX Professional Makeup,8 cosmetics,21819 mariette buksti gram,5,0,1,1.0000,0.5954,0.5297,285,67.7414,FALSE,294.0000,0.0306,0.0306,285.0000,64.5621,9.0000,168.4192
Pavement,7 w access,25070 adam massigeh,5,0,0,1.0000,0.5447,0.4293,55,76.2899,TRUE,81.0000,0.1481,0.0494,69.0000,75.7805,4.0000,85.0773
Ecooking,8 cosmetics,21819 mariette buksti gram,5,1,0,0.8333,0.2833,0.2785,127,89.6575,TRUE,180.0000,0.4889,0.0000,178.0000,89.6575,0.0000,
Kähler,1 home,21819 mariette buksti gram,5,1,0,0.8333,0.3660,0.2944,137,83.3639,TRUE,166.0000,0.8976,0.1506,139.0000,78.0934,25.0000,112.6679
MP Denmark,,,5,1,0,0.8333,,,,,FALSE,,,,,,,
M·A·C,8 cosmetics,21819 mariette buksti gram,5,1,1,0.8333,0.4765,0.3345,1371,72.6394,TRUE,1508.0000,0.0292,0.0000,1429.0000,72.6394,0.0000,
Redken,8 cosmetics,21819 mariette buksti gram,5,1,2,0.8333,0.5937,0.5661,89,64.2722,FALSE,90.0000,0.0000,0.0000,90.0000,64.2722,0.0000,
Dior,8 cosmetics,21819 mariette buksti gram,5,2,0,0.7143,0.2179,0.2186,925,85.9498,FALSE,1131.0000,0.0000,0.0000,1041.0000,85.9498,0.0000,
Woden,7 w access,25070 adam massigeh,5,2,0,0.7143,0.3856,0.3996,74,84.5783,TRUE,112.0000,0.2054,0.0357,103.0000,83.5458,4.0000,111.1671
KEEN,3 mens,25070 adam massigeh,5,3,0,0.6250,0.5227,0.3333,15,77.5055,FALSE,25.0000,0.0000,0.0000,20.0000,77.5055,0.0000,
Barbour,3 mens,20415 lotte skovaa,5,4,0,0.5556,0.3593,0.1452,111,87.3210,TRUE,195.0000,0.1333,0.0256,155.0000,87.1128,1.0000,119.6000
Södahl,1 home,21819 mariette buksti gram,5,4,0,0.5556,0.4870,0.4285,207,78.5164,TRUE,254.0000,0.1614,0.0472,239.0000,76.6373,12.0000,115.9408
De'Longhi,1 home,21819 mariette buksti gram,5,5,0,0.5000,0.2981,0.2301,22,84.9493,TRUE,29.0000,1.0000,0.0690,26.0000,86.3995,2.0000,66.0957
Olaplex,8 cosmetics,21819 mariette buksti gram,5,5,1,0.5000,1.2076,1.0352,19,47.9342,TRUE,20.0000,0.1000,0.0000,19.0000,47.9342,0.0000,
Bundgaard,2 kids,25070 adam massigeh,5,6,1,0.4545,0.2080,0.1423,12,106.5713,TRUE,44.0000,1.0000,0.0000,36.0000,106.5713,0.0000,
Ninja,1 home,21819 mariette buksti gram,5,11,2,0.3125,0.2856,0.1431,15,86.0268,TRUE,17.0000,1.0000,0.0000,17.0000,86.0268,0.0000,
Salomon,3 mens,20415 lotte skovaa,5,23,0,0.1786,0.4888,0.4331,86,74.4628,FALSE,106.0000,0.0189,0.0000,104.0000,74.4628,0.0000,
Jean Paul Gaultier,8 cosmetics,21819 mariette buksti gram,4,0,0,1.0000,0.3657,0.3333,71,74.3892,TRUE,74.0000,1.0000,0.0000,71.0000,74.3892,0.0000,
Nilens Jord,8 cosmetics,21819 mariette buksti gram,4,0,0,1.0000,0.2950,0.2917,285,86.5063,TRUE,440.0000,0.1273,0.0000,433.0000,86.5063,0.0000,
Calvin Klein,6 lingerie,20415 lotte skovaa,4,1,0,0.8000,0.6900,0.4541,251,88.2186,TRUE,473.0000,0.3975,0.1374,341.0000,76.1347,55.0000,163.1387
Hunter,7 w access,25070 adam massigeh,4,1,0,0.8000,0.4510,0.3744,24,84.4104,TRUE,38.0000,0.3421,0.0000,36.0000,84.4104,0.0000,
K18,8 cosmetics,21819 mariette buksti gram,4,1,0,0.8000,0.4803,0.4529,13,77.1351,FALSE,18.0000,0.0000,0.0000,18.0000,77.1351,0.0000,
Liiteguard,3 mens,20415 lotte skovaa,4,1,0,0.8000,0.0552,0.0032,121,96.2834,FALSE,128.0000,0.0469,0.0000,128.0000,96.2834,0.0000,
MANGO,5 women,25070 adam massigeh,4,1,0,0.8000,0.3557,0.3333,181,121.2157,FALSE,1368.0000,0.5146,0.4408,426.0000,98.5225,430.0000,143.6977
Object,5 women,25070 adam massigeh,4,1,0,0.8000,0.3484,0.1668,102,145.2780,TRUE,456.0000,1.0000,0.4320,223.0000,108.2591,167.0000,194.7105
Prada,8 cosmetics,21819 mariette buksti gram,4,1,0,0.8000,0.3618,0.2852,69,81.7658,TRUE,331.0000,0.2961,0.0000,78.0000,81.7658,0.0000,
Stelton,1 home,21819 mariette buksti gram,4,1,0,0.8000,0.1736,0.1111,146,94.9633,TRUE,203.0000,0.9655,0.4286,116.0000,93.4188,87.0000,97.0226
HUGO BOSS,,,4,2,0,0.6667,,,,,FALSE,,,,,,,
Maria Nila,8 cosmetics,21819 mariette buksti gram,4,2,0,0.6667,0.5370,0.4583,133,67.1818,FALSE,133.0000,0.0000,0.0000,133.0000,67.1818,0.0000,
BaByliss,8 cosmetics,,4,3,0,0.5714,0.5730,0.5050,27,67.1162,FALSE,28.0000,0.0000,0.0000,28.0000,67.1162,0.0000,
Maybelline,8 cosmetics,21819 mariette buksti gram,4,3,3,0.5714,0.6485,0.5716,177,63.0710,FALSE,177.0000,0.0000,0.0000,177.0000,63.0710,0.0000,
Crocs,7 w access,25070 adam massigeh,4,4,0,0.5000,0.4105,0.3565,77,82.0027,TRUE,100.0000,0.7500,0.2100,72.0000,77.1990,18.0000,101.2177
Medicube,8 cosmetics,21819 mariette buksti gram,4,4,1,0.5000,0.3552,0.3160,43,77.7325,TRUE,45.0000,1.0000,0.0000,45.0000,77.7325,0.0000,
BIBS,2 kids,20415 lotte skovaa,4,5,0,0.4444,0.2325,0.2115,57,82.9382,TRUE,59.0000,0.9831,0.0000,57.0000,82.9382,0.0000,
Mos Mosh,5 women,25070 adam massigeh,4,5,0,0.4444,0.7079,0.4293,151,71.2683,FALSE,203.0000,0.0246,0.0246,184.0000,70.7052,5.0000,91.9889
Stanley,1 home,21819 mariette buksti gram,4,5,0,0.4444,0.1915,0.1386,62,94.3517,TRUE,91.0000,0.9121,0.0000,88.0000,94.3517,0.0000,
Estée Lauder,8 cosmetics,21819 mariette buksti gram,3,0,0,1.0000,0.5731,0.5303,409,69.6561,TRUE,466.0000,0.2918,0.0021,445.0000,69.6124,1.0000,89.1143
GOSH COPENHAGEN,,,3,0,0,1.0000,,,,,FALSE,,,,,,,
Gastrotools,1 home,21819 mariette buksti gram,3,0,0,1.0000,1.0169,1.0169,1,98.7281,FALSE,61.0000,0.0000,0.0000,39.0000,98.7281,0.0000,
JBS,3 mens,20415 lotte skovaa,3,0,0,1.0000,0.5179,0.3365,174,76.6622,TRUE,238.0000,0.0672,0.0672,184.0000,72.0968,13.0000,141.2806
Westwing,,,3,0,0,1.0000,,,,,FALSE,,,,,,,
ZARKOPERFUME,,,3,0,0,1.0000,,,,,FALSE,,,,,,,
phenumb,,,3,0,0,1.0000,,,,,FALSE,,,,,,,
BYIC,5 women,,3,1,0,0.7500,0.2498,0.2500,30,121.7248,FALSE,239.0000,0.2050,0.1255,186.0000,100.3306,26.0000,274.7762
Billi Bi,7 w access,25070 adam massigeh,3,1,0,0.7500,0.2419,0.1431,37,100.8947,TRUE,138.0000,0.2899,0.0580,73.0000,92.7458,5.0000,219.8686
Blundstone,7 w access,25070 adam massigeh,3,1,0,0.7500,0.4727,0.4012,18,71.5760,FALSE,20.0000,0.0000,0.0000,19.0000,71.5760,0.0000,
Liewood,2 kids,20415 lotte skovaa,3,1,0,0.7500,0.4647,0.4257,292,74.8817,TRUE,323.0000,0.1796,0.0898,285.0000,71.0630,28.0000,113.7506
Merrell,7 w access,,3,1,0,0.7500,0.3640,0.2804,10,84.7814,FALSE,13.0000,0.3846,0.0000,13.0000,84.7814,0.0000,
Moonboon,2 kids,20415 lotte skovaa,3,1,0,0.7500,0.1062,0.0033,69,92.1931,FALSE,73.0000,0.0000,0.0000,73.0000,92.1931,0.0000,
Sanzi Beauty,8 cosmetics,21819 mariette buksti gram,3,1,0,0.7500,0.3755,0.2505,87,88.2668,TRUE,166.0000,0.3614,0.0000,147.0000,88.2668,0.0000,
Bareen,3 mens,25070 adam massigeh,3,2,0,0.6000,0.3505,0.3339,33,94.0954,TRUE,108.0000,0.3056,0.0926,71.0000,92.2352,5.0000,120.5098
Beauty of Joseon,8 cosmetics,21819 mariette buksti gram,3,2,2,0.6000,0.7826,0.7363,21,57.9391,TRUE,21.0000,1.0000,0.0000,21.0000,57.9391,0.0000,
CND,8 cosmetics,21819 mariette buksti gram,3,2,0,0.6000,0.3427,0.2626,139,80.4171,TRUE,163.0000,0.0245,0.0061,157.0000,79.3369,1.0000,250.0000
Huttelihut,2 kids,20415 lotte skovaa,3,2,0,0.6000,0.3540,0.1429,31,96.0853,TRUE,81.0000,0.6049,0.0247,60.0000,95.6348,2.0000,109.6014
Meraki,1 home,21819 mariette buksti gram,3,2,0,0.6000,0.3501,0.2958,98,76.3282,TRUE,99.0000,0.9899,0.0101,98.0000,76.3545,1.0000,73.7500
CeLaVi,2 kids,20415 lotte skovaa,3,3,0,0.5000,0.2952,0.3419,17,89.7263,TRUE,25.0000,0.6400,0.0800,23.0000,87.4997,2.0000,115.3320
EN FANT,2 kids,20415 lotte skovaa,3,3,0,0.5000,0.3683,0.2154,44,89.3661,TRUE,61.0000,0.7213,0.1148,51.0000,85.1676,6.0000,125.0528
Timberland,3 mens,25070 adam massigeh,3,3,0,0.5000,29.9748,0.4252,34,78.8636,TRUE,49.0000,0.3061,0.1020,37.0000,68.6674,3.0000,204.6163
T-fal,,,3,4,0,0.4286,,,,,FALSE,,,,,,,
Vero Moda,5 women,25070 adam massigeh,3,19,0,0.1364,0.6667,0.6667,2,113.3518,FALSE,12.0000,0.6667,0.5000,2.0000,60.0000,4.0000,140.0277
Angulus,7 w access,25070 adam massigeh,2,0,0,1.0000,0.4159,0.3349,54,90.0437,TRUE,129.0000,0.1395,0.1240,100.0000,86.7872,14.0000,113.3048
Bianco,7 w access,25070 adam massigeh,2,0,0,1.0000,0.1573,0.1429,60,102.0911,TRUE,119.0000,1.0000,0.0420,107.0000,102.1289,5.0000,101.2818
Björn Borg,3 mens,20415 lotte skovaa,2,0,0,1.0000,0.3480,0.3327,50,83.8593,FALSE,74.0000,0.0676,0.0541,66.0000,81.7036,3.0000,131.2848
Brooks,,,2,0,0,1.0000,,,,,FALSE,,,,,,,
Bugaboo,2 kids,20415 lotte skovaa,2,0,0,1.0000,0.2526,0.2143,53,95.9371,TRUE,112.0000,1.0000,0.0000,106.0000,95.9371,0.0000,
Carolina Herrera,8 cosmetics,21819 mariette buksti gram,2,0,0,1.0000,0.2855,0.2862,39,80.8671,TRUE,42.0000,1.0000,0.0000,42.0000,80.8671,0.0000,
Caudalie,8 cosmetics,21819 mariette buksti gram,2,0,0,1.0000,0.1259,0.0586,23,100.4364,TRUE,68.0000,1.0000,0.0000,68.0000,100.4364,0.0000,
Depend,8 cosmetics,21819 mariette buksti gram,2,0,0,1.0000,0.4108,0.4140,216,73.4826,TRUE,227.0000,0.0441,0.0088,224.0000,73.4826,0.0000,
Embryolisse,8 cosmetics,21819 mariette buksti gram,2,0,0,1.0000,0.5273,0.4545,49,71.6887,TRUE,53.0000,0.7736,0.0000,53.0000,71.6887,0.0000,
Erborian,8 cosmetics,21819 mariette buksti gram,2,0,0,1.0000,0.5188,0.4317,87,69.3418,FALSE,97.0000,0.0412,0.0103,91.0000,69.3418,0.0000,
GoBabyGo,2 kids,20415 lotte skovaa,2,0,0,1.0000,0.3856,0.1078,70,92.0279,TRUE,107.0000,1.0000,0.0187,97.0000,91.2120,2.0000,131.5972
HUDA BEAUTY,8 cosmetics,21819 mariette buksti gram,2,0,0,1.0000,0.4006,0.1585,156,101.0815,FALSE,378.0000,0.1508,0.0688,285.0000,97.5234,13.0000,179.0863
HYPE.,,,2,0,0,1.0000,,,,,FALSE,,,,,,,
KEVIN.MURPHY,8 cosmetics,21819 mariette buksti gram,2,0,0,1.0000,0.4521,0.3333,87,74.8635,FALSE,96.0000,0.0000,0.0000,96.0000,74.8635,0.0000,
Kiehl's,8 cosmetics,21819 mariette buksti gram,2,0,0,1.0000,0.1407,0.1015,81,97.5700,TRUE,138.0000,0.8913,0.0000,137.0000,97.5700,0.0000,
LAVINDE COPENHAGEN,8 cosmetics,21819 mariette buksti gram,2,0,0,1.0000,0.3953,0.4000,21,75.8612,TRUE,22.0000,0.4545,0.0000,22.0000,75.8612,0.0000,
Lakrids by Bülow,11 food,61164 jacob bøgeholdt nielsen,2,0,0,1.0000,0.2744,0.2025,25,91.9510,FALSE,57.0000,0.0000,0.0000,55.0000,91.9510,0.0000,
Lyngby Porcelæn,1 home,21819 mariette buksti gram,2,0,0,1.0000,0.5437,0.3672,134,73.3215,TRUE,147.0000,0.9660,0.1156,129.0000,70.5279,15.0000,97.3459
Marmar Copenhagen,2 kids,20415 lotte skovaa,2,0,0,1.0000,0.3515,0.1116,71,101.5310,TRUE,266.0000,0.7143,0.0226,185.0000,101.6887,6.0000,96.6685
Melton,2 kids,20415 lotte skovaa,2,0,0,1.0000,0.5208,0.2500,44,97.9220,TRUE,83.0000,1.0000,0.0964,62.0000,92.0698,7.0000,149.7557
Merit Beauty,8 cosmetics,,2,0,0,1.0000,,,,100.0000,FALSE,129.0000,0.0000,0.0000,25.0000,100.0000,0.0000,
Modström,5 women,25070 adam massigeh,2,0,0,1.0000,0.6105,0.4296,132,90.8626,FALSE,386.0000,0.4637,0.4637,196.0000,90.8161,173.0000,90.9152
NARS,8 cosmetics,21819 mariette buksti gram,2,0,0,1.0000,0.2932,0.3000,317,83.0788,FALSE,373.0000,0.0349,0.0188,353.0000,82.3709,7.0000,118.7805
Nalgene,,,2,0,0,1.0000,,,,,FALSE,,,,,,,
NutriBullet,1 home,21819 mariette buksti gram,2,0,0,1.0000,0.5906,0.5127,14,69.3547,TRUE,15.0000,1.0000,0.0667,14.0000,71.7627,1.0000,35.6428
Origins,8 cosmetics,21819 mariette buksti gram,2,0,0,1.0000,0.1814,0.1733,67,90.5469,TRUE,87.0000,0.9540,0.0000,83.0000,90.5469,0.0000,
PURITO,,,2,0,0,1.0000,,,,,FALSE,,,,,,,
RAINS,5 women,25070 adam massigeh,2,0,0,1.0000,0.6517,0.4552,132,84.5358,TRUE,295.0000,0.2203,0.0949,243.0000,82.3866,5.0000,188.9831
Rethinkit,,,2,0,0,1.0000,,,,,FALSE,,,,,,,
Rudolph Care,8 cosmetics,21819 mariette buksti gram,2,0,0,1.0000,0.0871,0.0041,43,96.8175,TRUE,84.0000,0.8929,0.0000,84.0000,96.8175,0.0000,
Selected,5 women,25070 adam massigeh,2,0,0,1.0000,0.4305,0.2529,295,105.0509,FALSE,614.0000,0.9837,0.2068,433.0000,93.0891,115.0000,150.0895
Tweezerman,8 cosmetics,,2,0,0,1.0000,0.4099,0.3507,35,71.4351,FALSE,35.0000,0.0000,0.0000,35.0000,71.4351,0.0000,
WONDERSKIN,8 cosmetics,21819 mariette buksti gram,2,0,0,1.0000,0.2973,0.2500,97,83.9813,TRUE,115.0000,1.0000,0.0000,115.0000,83.9813,0.0000,
Wood Wood,3 mens,20415 lotte skovaa,2,0,0,1.0000,0.5394,0.4286,141,88.6585,TRUE,328.0000,0.2744,0.2744,177.0000,79.1873,79.0000,109.8789
Zebla,3 mens,20415 lotte skovaa,2,0,0,1.0000,0.5048,0.5246,7,66.9000,FALSE,7.0000,0.1429,0.0000,7.0000,66.9000,0.0000,
milk_shake,8 cosmetics,,2,0,0,1.0000,1.0461,1.0758,66,50.2432,FALSE,66.0000,0.0000,0.0000,66.0000,50.2432,0.0000,
COSRX,8 cosmetics,21819 mariette buksti gram,2,1,1,0.6667,0.5980,0.5387,61,66.2654,TRUE,63.0000,1.0000,0.0000,63.0000,66.2654,0.0000,
Charlotte Tilbury,8 cosmetics,21819 mariette buksti gram,2,1,0,0.6667,0.2191,0.1765,306,98.5260,FALSE,540.0000,0.0333,0.0093,432.0000,97.6630,5.0000,173.0884
Cisco,,,2,1,0,0.6667,,,,,FALSE,,,,,,,
Dr. Althea,8 cosmetics,21819 mariette buksti gram,2,1,0,0.6667,0.4560,0.3993,10,71.5119,TRUE,10.0000,1.0000,0.0000,10.0000,71.5119,0.0000,
Pilgrim,7 w access,20415 lotte skovaa,2,1,0,0.6667,0.4314,0.3344,378,87.7072,TRUE,687.0000,0.0728,0.0728,609.0000,83.7139,47.0000,139.4500
Smeg,1 home,21819 mariette buksti gram,2,1,0,0.6667,0.2414,0.2402,108,84.7250,TRUE,124.0000,0.9919,0.0000,124.0000,84.7250,0.0000,
Stokke,2 kids,20415 lotte skovaa,2,1,0,0.6667,0.1386,0.0692,35,102.3193,TRUE,89.0000,0.9551,0.0000,74.0000,102.3193,0.0000,
Triumph,6 lingerie,20415 lotte skovaa,2,1,0,0.6667,0.6796,0.5468,119,104.1093,FALSE,244.0000,0.1762,0.1762,199.0000,79.6054,42.0000,220.2111
ghd,8 cosmetics,21819 mariette buksti gram,2,1,0,0.6667,0.4222,0.3755,64,72.4259,FALSE,66.0000,0.0000,0.0000,66.0000,72.4259,0.0000,
AYA,,,2,2,0,0.5000,,,,,FALSE,,,,,,,
Havaianas,7 w access,25070 adam massigeh,2,2,0,0.5000,0.7861,0.5409,10,61.4512,FALSE,10.0000,0.2000,0.0000,10.0000,61.4512,0.0000,
Sofie Schnoor,2 kids,20415 lotte skovaa,2,2,0,0.5000,0.7270,0.4318,256,87.6915,TRUE,489.0000,0.4479,0.2270,351.0000,82.0572,109.0000,105.8353
Technivorm,,,2,2,0,0.5000,,,,,FALSE,,,,,,,
essie,8 cosmetics,21819 mariette buksti gram,2,2,0,0.5000,0.5989,0.5486,153,63.6378,FALSE,153.0000,0.0000,0.0000,153.0000,63.6378,0.0000,
LEGO,2 kids,20415 lotte skovaa,2,3,0,0.4000,0.6680,0.6272,274,60.8125,FALSE,275.0000,0.0000,0.0000,275.0000,60.8125,0.0000,
Vans,3 mens,20415 lotte skovaa,2,3,0,0.4000,0.8338,0.5838,30,72.4943,TRUE,42.0000,0.8810,0.0238,35.0000,72.4943,0.0000,
Viking Footwear,,,2,3,0,0.4000,,,,,FALSE,,,,,,,
HairLust,8 cosmetics,21819 mariette buksti gram,2,4,0,0.3333,0.3228,0.3228,2,96.0134,FALSE,12.0000,0.0000,0.0000,12.0000,96.0134,0.0000,
OBH Nordica,1 home,21819 mariette buksti gram,2,4,0,0.3333,0.7884,0.8045,16,63.9553,TRUE,17.0000,1.0000,0.0588,16.0000,62.8616,1.0000,81.4536
H2O - Sportswear,,,2,5,1,0.2857,,,,,FALSE,,,,,,,
Anua,8 cosmetics,21819 mariette buksti gram,2,6,1,0.2500,0.4645,0.3717,26,72.0525,TRUE,26.0000,1.0000,0.0000,26.0000,72.0525,0.0000,
The North Face,3 mens,20415 lotte skovaa,2,7,0,0.2222,0.3346,0.2607,130,82.9652,TRUE,167.0000,0.5269,0.0180,154.0000,82.4215,2.0000,124.8290
Skechers,3 mens,,2,10,0,0.1667,0.4547,0.2499,36,76.4373,FALSE,39.0000,0.0000,0.0000,38.0000,76.4373,0.0000,
Philips,1 home,21819 mariette buksti gram,2,37,1,0.0513,0.3292,0.2879,56,82.0147,TRUE,65.0000,0.9692,0.0000,64.0000,82.0147,0.0000,
Aarke,,,1,0,0,1.0000,,,,,FALSE,,,,,,,
All In One,,,1,0,0,1.0000,,,,,FALSE,,,,,,,
Ankarsrum,1 home,21819 mariette buksti gram,1,0,0,1.0000,0.2154,0.1868,11,87.3126,TRUE,14.0000,0.9286,0.0000,14.0000,87.3126,0.0000,
Avent,,,1,0,0,1.0000,,,,,FALSE,,,,,,,
BLS Hafnia,3 mens,20415 lotte skovaa,1,0,0,1.0000,0.8062,0.6699,5,104.2006,TRUE,51.0000,0.3529,0.0000,50.0000,104.2006,0.0000,
Ballarini,1 home,21819 mariette buksti gram,1,0,0,1.0000,0.1409,0.1428,12,88.7881,TRUE,13.0000,1.0000,0.0000,13.0000,88.7881,0.0000,
Becksöndergaard,7 w access,25070 adam massigeh,1,0,0,1.0000,0.4243,0.3333,144,96.7625,TRUE,290.0000,0.9103,0.2897,192.0000,101.1325,78.0000,86.0053
Bialetti,1 home,,1,0,0,1.0000,1.0914,1.1671,31,52.3585,FALSE,32.0000,0.0000,0.0000,32.0000,52.3585,0.0000,
Bodyologist,8 cosmetics,21819 mariette buksti gram,1,0,0,1.0000,0.1339,0.0035,12,96.7623,TRUE,16.0000,1.0000,0.0000,16.0000,96.7623,0.0000,
Bondi Sands,8 cosmetics,21819 mariette buksti gram,1,0,0,1.0000,0.6143,0.5915,46,64.5324,TRUE,46.0000,1.0000,0.0000,46.0000,64.5324,0.0000,
Bongusta,1 home,21819 mariette buksti gram,1,0,0,1.0000,0.5028,0.2921,118,82.2736,FALSE,204.0000,0.0000,0.0000,174.0000,82.2736,0.0000,
Burberry,8 cosmetics,21819 mariette buksti gram,1,0,0,1.0000,0.7567,0.5732,62,64.4684,TRUE,65.0000,1.0000,0.0000,65.0000,64.4684,0.0000,
CLEAN,8 cosmetics,21819 mariette buksti gram,1,0,0,1.0000,0.5160,0.5000,86,72.7182,TRUE,94.0000,1.0000,0.0000,94.0000,72.7182,0.0000,
Caramma,2 kids,20415 lotte skovaa,1,0,0,1.0000,,,,100.0000,TRUE,4.0000,0.0000,0.0000,4.0000,100.0000,0.0000,
Chantelle,6 lingerie,20415 lotte skovaa,1,0,0,1.0000,0.3956,0.2500,182,110.1702,FALSE,577.0000,0.3709,0.3709,276.0000,86.8586,128.0000,160.4357
Chloé,8 cosmetics,21819 mariette buksti gram,1,0,0,1.0000,0.6801,0.6400,44,66.3531,TRUE,48.0000,1.0000,0.0000,48.0000,66.3531,0.0000,
Clarks,,,1,0,0,1.0000,,,,,FALSE,,,,,,,
Culture,5 women,25070 adam massigeh,1,0,0,1.0000,0.3724,0.2197,158,102.3726,TRUE,351.0000,1.0000,0.3932,156.0000,86.3227,114.0000,124.3357
D-Co Copenhagen,,,1,0,0,1.0000,,,,,FALSE,,,,,,,
Dickies,3 mens,20415 lotte skovaa,1,0,0,1.0000,0.7464,0.6270,28,112.2768,TRUE,69.0000,0.9565,0.5507,23.0000,69.8285,34.0000,140.9919
Dolce & Gabbana,8 cosmetics,21819 mariette buksti gram,1,0,0,1.0000,0.6611,0.6452,86,65.8185,TRUE,92.0000,1.0000,0.0000,92.0000,65.8185,0.0000,
Endeavour,1 home,21819 mariette buksti gram,1,0,0,1.0000,0.1691,0.0722,34,96.6694,TRUE,50.0000,1.0000,0.0400,48.0000,94.2914,2.0000,153.7420
Envii,5 women,25070 adam massigeh,1,0,0,1.0000,0.5349,0.4000,60,118.5625,TRUE,206.0000,1.0000,0.3786,100.0000,109.7717,68.0000,131.4901
Fable and Mane,,,1,0,0,1.0000,,,,,FALSE,,,,,,,
Fenty Beauty,,,1,0,0,1.0000,,,,,FALSE,,,,,,,
Frederik Bagger,1 home,21819 mariette buksti gram,1,0,0,1.0000,0.3900,0.3032,74,92.1588,TRUE,109.0000,0.8165,0.2202,85.0000,89.7997,24.0000,100.5139
Garment Project,3 mens,25070 adam massigeh,1,0,0,1.0000,0.5856,0.4286,17,77.6731,TRUE,32.0000,0.0000,0.0000,26.0000,77.6731,0.0000,
Grande Cosmetics,,,1,0,0,1.0000,,,,,FALSE,,,,,,,
Gucci,8 cosmetics,21819 mariette buksti gram,1,0,0,1.0000,0.6177,0.5874,65,65.6015,TRUE,66.0000,1.0000,0.0000,66.0000,65.6015,0.0000,
Hanne Bang,8 cosmetics,21819 mariette buksti gram,1,0,0,1.0000,0.4450,0.4264,6,69.5283,FALSE,6.0000,0.0000,0.0000,6.0000,69.5283,0.0000,
Herôme,8 cosmetics,21819 mariette buksti gram,1,0,0,1.0000,0.5147,0.4631,23,68.7155,TRUE,24.0000,0.0833,0.0000,24.0000,68.7155,0.0000,
Hot Wheels,2 kids,20415 lotte skovaa,1,0,0,1.0000,0.7599,0.5869,23,58.9118,FALSE,23.0000,0.0000,0.0000,23.0000,58.9118,0.0000,
Hourglass,8 cosmetics,21819 mariette buksti gram,1,0,0,1.0000,0.2267,0.1974,72,96.1862,FALSE,313.0000,0.0479,0.0064,159.0000,96.2826,1.0000,80.8612
Hunkøn,5 women,,1,0,0,1.0000,0.5604,0.3339,13,96.9187,TRUE,114.0000,0.0702,0.0702,80.0000,94.8078,5.0000,130.6930
IITTALA,1 home,21819 mariette buksti gram,1,0,0,1.0000,0.1931,0.1459,507,95.5415,TRUE,695.0000,0.9583,0.0590,627.0000,90.6687,39.0000,173.8812
IT Cosmetics,8 cosmetics,,1,0,0,1.0000,0.3009,0.2963,117,78.5827,TRUE,119.0000,0.2269,0.0084,118.0000,78.2528,1.0000,117.5163
Innersense Organic Beauty,,,1,0,1,1.0000,,,,,FALSE,,,,,,,
JURA,1 home,21819 mariette buksti gram,1,0,0,1.0000,0.2071,0.1146,34,87.5815,FALSE,37.0000,0.0000,0.0000,36.0000,87.5815,0.0000,
Jane Iredale,8 cosmetics,21819 mariette buksti gram,1,0,0,1.0000,0.7256,0.5555,332,63.0346,TRUE,343.0000,0.0525,0.0000,343.0000,63.0346,0.0000,
Juna,1 home,21819 mariette buksti gram,1,0,0,1.0000,0.3335,0.2670,90,85.4736,TRUE,116.0000,1.0000,0.1810,94.0000,80.9075,21.0000,105.9127
Kaffe,5 women,25070 adam massigeh,1,0,0,1.0000,0.3455,0.2181,248,106.7311,TRUE,637.0000,1.0000,0.3658,291.0000,87.3363,195.0000,135.6741
Kayali,8 cosmetics,21819 mariette buksti gram,1,0,0,1.0000,0.1404,0.1448,26,95.5844,FALSE,71.0000,0.0000,0.0000,42.0000,95.5844,0.0000,
KitchenAid,1 home,21819 mariette buksti gram,1,0,0,1.0000,0.2584,0.1705,107,89.6474,TRUE,142.0000,0.9014,0.0775,130.0000,87.1194,11.0000,119.5235
L'OCCITANE,8 cosmetics,21819 mariette buksti gram,1,0,0,1.0000,0.0957,0.0202,69,96.3201,TRUE,90.0000,0.8444,0.0000,86.0000,96.3201,0.0000,
La Marzocco,1 home,21819 mariette buksti gram,1,0,0,1.0000,0.0097,0.0001,6,99.3017,FALSE,8.0000,0.0000,0.0000,7.0000,99.3017,0.0000,
Le Creuset,1 home,21819 mariette buksti gram,1,0,0,1.0000,0.1560,0.1388,327,97.7749,TRUE,604.0000,0.9603,0.0099,578.0000,97.3542,6.0000,138.3000
Leander,2 kids,20415 lotte skovaa,1,0,0,1.0000,0.2273,0.0008,25,95.0526,TRUE,32.0000,1.0000,0.1562,27.0000,94.1444,5.0000,99.9571
Lexington Company,,,1,0,0,1.0000,,,,,FALSE,,,,,,,
Lollys Laundry,5 women,25070 adam massigeh,1,0,0,1.0000,0.3859,0.3383,118,82.4031,TRUE,164.0000,0.3720,0.3720,100.0000,80.5150,59.0000,85.6034
Lyngby Glas,1 home,21819 mariette buksti gram,1,0,0,1.0000,0.4969,0.5003,47,69.1018,FALSE,49.0000,0.1020,0.1020,42.0000,67.1602,5.0000,85.4109
MAKEUP BY MARIO,8 cosmetics,21819 mariette buksti gram,1,0,0,1.0000,0.0457,0.0457,2,100.1150,FALSE,263.0000,0.0000,0.0000,89.0000,100.1150,0.0000,
Maison Margiela,8 cosmetics,21819 mariette buksti gram,1,0,0,1.0000,0.2550,0.2205,39,84.5943,TRUE,46.0000,1.0000,0.0000,46.0000,84.5943,0.0000,
Manucurist Paris,,,1,0,0,1.0000,,,,,FALSE,,,,,,,
Marie Jo,6 lingerie,20415 lotte skovaa,1,0,0,1.0000,0.8378,0.6667,53,108.1791,FALSE,382.0000,0.3613,0.3613,223.0000,92.3006,86.0000,149.3526
Matinique,3 mens,20415 lotte skovaa,1,0,0,1.0000,0.4163,0.3336,241,113.4855,TRUE,766.0000,0.6188,0.4961,271.0000,81.8911,297.0000,142.3142
Mbym,5 women,25070 adam massigeh,1,0,0,1.0000,0.6235,0.3360,91,96.7346,FALSE,215.0000,0.2233,0.2233,146.0000,84.6915,44.0000,136.6957
McKINLEY,3 mens,20415 lotte skovaa,1,0,0,1.0000,0.4846,0.3334,212,93.6270,FALSE,819.0000,0.3907,0.2747,541.0000,91.1465,218.0000,99.7827
Miild,8 cosmetics,21819 mariette buksti gram,1,0,0,1.0000,0.0148,0.0003,51,103.2809,TRUE,104.0000,0.1154,0.0000,98.0000,103.2809,0.0000,
Mini-Pop,2 kids,,1,0,0,1.0000,0.1784,0.1134,32,98.9048,TRUE,52.0000,1.0000,0.0000,49.0000,98.9048,0.0000,
Moebe,1 home,21819 mariette buksti gram,1,0,0,1.0000,0.2450,0.1787,76,86.3291,TRUE,86.0000,1.0000,0.0000,84.0000,86.3291,0.0000,
Montblanc,8 cosmetics,21819 mariette buksti gram,1,0,0,1.0000,0.7745,0.6389,42,61.1564,TRUE,43.0000,1.0000,0.0000,43.0000,61.1564,0.0000,
Nailberry,8 cosmetics,21819 mariette buksti gram,1,0,0,1.0000,0.3012,0.2500,84,79.4936,TRUE,89.0000,0.0337,0.0000,88.0000,79.4936,0.0000,
Noisy May,5 women,25070 adam massigeh,1,0,0,1.0000,0.4630,0.4997,46,139.3730,TRUE,197.0000,1.0000,0.2081,138.0000,111.4397,38.0000,240.8149
Nordal,1 home,21819 mariette buksti gram,1,0,0,1.0000,0.1685,0.0833,77,99.3617,TRUE,134.0000,1.0000,0.1045,119.0000,94.8521,14.0000,137.6933
OLEHENRIKSEN,8 cosmetics,21819 mariette buksti gram,1,0,0,1.0000,0.2028,0.2500,42,97.3073,TRUE,72.0000,0.9444,0.0000,68.0000,97.3073,0.0000,
ONLY & SONS,3 mens,20415 lotte skovaa,1,0,0,1.0000,0.2974,0.1610,90,125.2527,TRUE,297.0000,1.0000,0.2492,167.0000,98.7889,60.0000,198.9101
One Size,8 cosmetics,,1,0,0,1.0000,,,,104.8017,FALSE,38.0000,0.0000,0.0000,14.0000,104.8017,0.0000,
Ouai,8 cosmetics,21819 mariette buksti gram,1,0,0,1.0000,0.1450,0.1282,36,103.9762,TRUE,80.0000,0.3375,0.0000,70.0000,103.9762,0.0000,
Paco Rabanne,,,1,0,0,1.0000,,,,,FALSE,,,,,,,
Parajumpers,3 mens,25070 adam massigeh,1,0,0,1.0000,0.0803,0.0803,2,106.6914,FALSE,27.0000,0.1111,0.1111,15.0000,99.7533,1.0000,210.7639
Part Two,5 women,25070 adam massigeh,1,0,0,1.0000,0.5004,0.3333,159,111.1563,TRUE,592.0000,0.6858,0.5422,184.0000,80.3906,223.0000,136.5415
Perspirex,8 cosmetics,,1,0,1,1.0000,0.1247,0.1038,4,102.1270,TRUE,7.0000,1.0000,0.0000,7.0000,102.1270,0.0000,
Peter Thomas Roth,8 cosmetics,21819 mariette buksti gram,1,0,0,1.0000,0.3534,0.3711,29,78.6606,TRUE,32.0000,1.0000,0.0000,32.0000,78.6606,0.0000,
RIG-TIG,1 home,21819 mariette buksti gram,1,0,0,1.0000,0.4182,0.2117,81,82.1182,TRUE,96.0000,1.0000,0.2812,69.0000,74.9104,27.0000,100.5384
Ralph Lauren,,,1,0,0,1.0000,,,,,FALSE,,,,,,,
Rare Beauty,8 cosmetics,21819 mariette buksti gram,1,0,0,1.0000,0.3006,0.2830,8,105.1878,FALSE,249.0000,0.0120,0.0120,78.0000,104.0279,1.0000,195.6596
Rarewaves,,,1,0,0,1.0000,,,,,FALSE,,,,,,,
Real Purity,8 cosmetics,,1,0,0,1.0000,,,,104.5226,FALSE,1.0000,1.0000,0.0000,1.0000,104.5226,0.0000,
Resteröds,3 mens,20415 lotte skovaa,1,0,0,1.0000,0.4260,0.2543,51,101.5076,TRUE,183.0000,0.3607,0.1475,111.0000,98.6006,14.0000,124.5560
RevitaLash,8 cosmetics,21819 mariette buksti gram,1,0,0,1.0000,0.3665,0.1475,5,84.9633,TRUE,6.0000,1.0000,0.0000,6.0000,84.9633,0.0000,
Revolution Beauty,,,1,0,0,1.0000,,,,,FALSE,,,,,,,
Rituals,8 cosmetics,21819 mariette buksti gram,1,0,0,1.0000,0.1016,0.0069,92,106.5407,TRUE,225.0000,0.6622,0.0000,212.0000,106.5407,0.0000,
Rocket Espresso,,,1,0,0,1.0000,,,,,FALSE,,,,,,,
STOFF Nage,,,1,0,0,1.0000,,,,,FALSE,,,,,,,
SUI AVA,7 w access,25070 adam massigeh,1,0,0,1.0000,0.6065,0.3897,117,98.7098,TRUE,638.0000,0.0596,0.0596,391.0000,94.0926,30.0000,158.8872
Salt & Stone,,,1,0,0,1.0000,,,,,FALSE,,,,,,,
Samsøe & Samsøe,5 women,25070 adam massigeh,1,0,0,1.0000,0.4934,0.2963,120,96.4101,TRUE,246.0000,0.3699,0.3049,152.0000,85.9406,65.0000,120.8927
Sebra,2 kids,20415 lotte skovaa,1,0,0,1.0000,0.1347,0.0379,80,99.7645,TRUE,141.0000,1.0000,0.0071,134.0000,98.6806,1.0000,245.0000
Shiseido,8 cosmetics,21819 mariette buksti gram,1,0,0,1.0000,0.9032,0.7584,291,59.2925,TRUE,299.0000,0.3813,0.0301,290.0000,56.2766,9.0000,156.4714
Smellwell,3 mens,20415 lotte skovaa,1,0,0,1.0000,0.2396,0.2395,4,83.2916,FALSE,4.0000,0.0000,0.0000,4.0000,83.2916,0.0000,
Sol de Janeiro,8 cosmetics,21819 mariette buksti gram,1,0,0,1.0000,0.4641,0.4420,65,70.1081,FALSE,70.0000,0.0000,0.0000,66.0000,70.1081,0.0000,
Spiegelau,1 home,21819 mariette buksti gram,1,0,0,1.0000,0.3174,0.1986,45,81.6141,TRUE,50.0000,0.8400,0.0200,47.0000,79.6965,1.0000,171.7391
Spring Copenhagen,1 home,21819 mariette buksti gram,1,0,0,1.0000,0.2720,0.0620,127,91.6796,TRUE,171.0000,1.0000,0.0058,165.0000,91.7195,1.0000,85.1003
Stryker,,,1,0,0,1.0000,,,,,FALSE,,,,,,,
Studio Feder,1 home,21819 mariette buksti gram,1,0,0,1.0000,0.4503,0.3333,70,88.1760,FALSE,147.0000,0.0272,0.0272,110.0000,86.0353,3.0000,166.6667
Taiyo Yuden,,,1,0,0,1.0000,,,,,FALSE,,,,,,,
Too Faced,8 cosmetics,21819 mariette buksti gram,1,0,0,1.0000,0.0734,0.0208,92,104.9939,FALSE,333.0000,0.0571,0.0390,267.0000,102.1338,9.0000,189.8439
Tromborg,8 cosmetics,21819 mariette buksti gram,1,0,0,1.0000,0.1012,0.0714,73,99.7895,TRUE,225.0000,0.9644,0.0089,216.0000,99.6975,2.0000,109.7222
UYUNI,1 home,21819 mariette buksti gram,1,0,0,1.0000,0.2430,0.1361,125,94.8157,TRUE,251.0000,1.0000,0.0000,239.0000,94.8157,0.0000,
Urban Decay,8 cosmetics,21819 mariette buksti gram,1,0,0,1.0000,0.1670,0.0980,12,102.9192,FALSE,17.0000,0.1176,0.1176,15.0000,89.9751,2.0000,200.0000
VAUDE,,,1,0,0,1.0000,,,,,FALSE,,,,,,,
Versace,8 cosmetics,21819 mariette buksti gram,1,0,0,1.0000,0.3479,0.3420,103,84.2591,TRUE,134.0000,0.9552,0.0000,125.0000,84.2591,0.0000,
Viktor&Rolf,8 cosmetics,21819 mariette buksti gram,1,0,0,1.0000,0.5364,0.5022,19,75.8587,TRUE,24.0000,1.0000,0.0000,23.0000,75.8587,0.0000,
Vipp,1 home,21819 mariette buksti gram,1,0,0,1.0000,0.3651,0.3658,97,78.7705,FALSE,117.0000,0.0000,0.0000,116.0000,78.7705,0.0000,
Wrangler,5 women,20415 lotte skovaa,1,0,0,1.0000,0.8361,0.5412,11,92.8516,TRUE,28.0000,0.5000,0.1429,19.0000,81.0363,3.0000,167.6821
Xlash,8 cosmetics,21819 mariette buksti gram,1,0,0,1.0000,0.0962,0.0534,10,115.0706,TRUE,35.0000,0.9714,0.0000,33.0000,115.0706,0.0000,
ZENZ Organic,,,1,0,0,1.0000,,,,,FALSE,,,,,,,
ZWILLING,1 home,21819 mariette buksti gram,1,0,0,1.0000,0.2402,0.1767,279,90.3152,TRUE,342.0000,1.0000,0.0760,315.0000,86.3026,26.0000,138.9300
dermalogica,8 cosmetics,21819 mariette buksti gram,1,0,0,1.0000,0.2785,0.1288,109,85.1965,TRUE,122.0000,0.9262,0.0000,114.0000,85.1965,0.0000,
ferm LIVING,1 home,21819 mariette buksti gram,1,0,0,1.0000,0.2477,0.2297,241,87.5673,TRUE,304.0000,0.7138,0.0296,279.0000,86.0802,9.0000,133.6683
lala Berlin,7 w access,25070 adam massigeh,1,0,0,1.0000,0.2432,0.3765,5,121.0679,TRUE,32.0000,1.0000,0.0938,27.0000,117.6958,2.0000,166.5918
oval square,5 women,25070 adam massigeh,1,0,0,1.0000,138.1234,0.2522,29,77.5342,FALSE,64.0000,0.0938,0.0938,40.0000,76.9725,1.0000,100.0000
tarte,8 cosmetics,21819 mariette buksti gram,1,0,0,1.0000,,,,119.3614,FALSE,333.0000,0.0420,0.0090,77.0000,101.2636,2.0000,816.1259
Azzaro,8 cosmetics,21819 mariette buksti gram,1,1,0,0.5000,0.5372,0.5023,15,66.4124,TRUE,15.0000,1.0000,0.0000,15.0000,66.4124,0.0000,
COLOR KIDS,2 kids,20415 lotte skovaa,1,1,0,0.5000,0.2393,0.1077,29,100.2684,TRUE,59.0000,0.8644,0.1356,46.0000,97.7566,8.0000,114.7115
DAY ET,7 w access,25070 adam massigeh,1,1,0,0.5000,0.2464,0.0671,43,106.1049,TRUE,116.0000,1.0000,0.0517,101.0000,106.6123,6.0000,97.5633
Elizabeth Arden,8 cosmetics,,1,1,0,0.5000,0.7951,0.6882,98,63.9623,TRUE,107.0000,0.8037,0.0187,103.0000,64.0331,2.0000,60.3165
Ichi,5 women,25070 adam massigeh,1,1,0,0.5000,0.4106,0.2540,152,112.4507,TRUE,509.0000,1.0000,0.3694,218.0000,95.4744,116.0000,144.3543
Lindbergh,3 mens,20415 lotte skovaa,1,1,0,0.5000,0.2977,0.1445,461,99.9858,TRUE,794.0000,0.9987,0.1033,699.0000,96.4218,82.0000,130.3660
M2 Beauté,8 cosmetics,21819 mariette buksti gram,1,1,1,0.5000,0.7732,0.6195,10,58.6284,TRUE,10.0000,0.4000,0.0000,10.0000,58.6284,0.0000,
National Geographic,2 kids,20415 lotte skovaa,1,1,0,0.5000,0.5093,0.5429,21,67.2404,FALSE,21.0000,0.0000,0.0000,21.0000,67.2404,0.0000,
Nespresso,1 home,21819 mariette buksti gram,1,1,0,0.5000,0.2454,0.1268,26,88.5086,TRUE,38.0000,0.6842,0.0000,35.0000,88.5086,0.0000,
Oakley,7 w access,25070 adam massigeh,1,1,0,0.5000,0.8472,0.8350,16,54.6011,FALSE,16.0000,0.0625,0.0625,15.0000,53.3420,1.0000,73.4862
Playboy,3 mens,25070 adam massigeh,1,1,0,0.5000,0.4815,0.3211,28,99.9042,TRUE,75.0000,0.7867,0.0133,53.0000,96.1330,1.0000,299.7769
SILFEN,7 w access,25070 adam massigeh,1,1,0,0.5000,0.3190,0.2505,17,92.7995,TRUE,57.0000,0.0000,0.0000,46.0000,92.7995,0.0000,
Skin1004,8 cosmetics,21819 mariette buksti gram,1,1,0,0.5000,0.6020,0.5683,49,66.1040,TRUE,49.0000,1.0000,0.0000,49.0000,66.1040,0.0000,
The Original Big Wheel,,,1,1,0,0.5000,,,,,FALSE,,,,,,,
Weleda,8 cosmetics,21819 mariette buksti gram,1,1,0,0.5000,0.3265,0.2718,41,78.1912,TRUE,41.0000,1.0000,0.0000,41.0000,78.1912,0.0000,
glowie,,,1,1,0,0.5000,,,,,FALSE,,,,,,,
organicup-allmatters,,,1,1,0,0.5000,,,,,FALSE,,,,,,,
BARK™DNA,8 cosmetics,21819 mariette buksti gram,1,2,1,0.3333,,,,132.5610,TRUE,3.0000,1.0000,0.0000,3.0000,132.5610,0.0000,
Patagonia,3 mens,20415 lotte skovaa,1,2,0,0.3333,0.4918,0.5392,7,77.0692,FALSE,9.0000,0.0000,0.0000,9.0000,77.0692,0.0000,
Wella,8 cosmetics,21819 mariette buksti gram,1,2,0,0.3333,0.9284,0.8105,57,54.9306,FALSE,57.0000,0.0000,0.0000,57.0000,54.9306,0.0000,
Diverse,2 kids,20415 lotte skovaa,1,3,0,0.2500,0.6758,0.6635,11,65.0484,FALSE,12.0000,0.0000,0.0000,12.0000,65.0484,0.0000,
Fransa,5 women,25070 adam massigeh,1,3,0,0.2500,0.2076,0.1319,99,136.5354,TRUE,758.0000,0.9591,0.7573,96.0000,107.2026,233.0000,148.6210
Shark,,,1,3,0,0.2500,,,,,FALSE,,,,,,,
Under Armour,3 mens,20415 lotte skovaa,1,4,0,0.2000,0.5512,0.4365,99,70.1706,FALSE,109.0000,0.0092,0.0000,107.0000,70.1706,0.0000,
Helly Hansen,3 mens,,1,5,0,0.1667,0.7193,0.6666,98,68.5919,FALSE,125.0000,0.0000,0.0000,122.0000,68.5919,0.0000,
Didriksons,3 mens,,1,7,0,0.1250,0.5047,0.4285,53,72.1100,FALSE,59.0000,0.0000,0.0000,58.0000,72.1100,0.0000,
Microsoft,,,1,8,0,0.1111,,,,,FALSE,,,,,,,
Fjällräven,2 kids,20415 lotte skovaa,1,10,0,0.0909,0.4910,0.5000,5,81.1500,TRUE,7.0000,0.7143,0.0000,7.0000,81.1500,0.0000,
JACK & JONES,3 mens,20415 lotte skovaa,1,11,0,0.0833,0.3278,0.2500,262,102.8588,TRUE,508.0000,0.9902,0.2480,336.0000,92.5174,114.0000,133.3388
Braun,1 home,21819 mariette buksti gram,1,16,0,0.0588,0.2409,0.1955,32,85.8536,TRUE,39.0000,0.9487,0.0513,34.0000,85.7687,2.0000,87.2968
& Other Stories,,,0,5,0,0.0000,,,,,FALSE,,,,,,,
3M,,,0,2,0,0.0000,,,,,FALSE,,,,,,,
4her,,,0,1,0,0.0000,,,,,FALSE,,,,,,,
5days,,,0,1,0,0.0000,,,,,FALSE,,,,,,,
5five,,,0,1,0,0.0000,,,,,FALSE,,,,,,,
66°North,,,0,2,0,0.0000,,,,,FALSE,,,,,,,
A-DERMA,,,0,5,0,0.0000,,,,,FALSE,,,,,,,
A.Vogel,,,0,5,0,0.0000,,,,,FALSE,,,,,,,
ABUS,,,0,1,0,0.0000,,,,,FALSE,,,,,,,
AEG,,,0,8,0,0.0000,,,,,FALSE,,,,,,,
AIRTOX,,,0,2,0,0.0000,,,,,FALSE,,,,,,,
AISO,8 cosmetics,75404 jonas linding berg,0,1,0,0.0000,0.3333,0.3333,2,95.3859,FALSE,11.0000,0.0000,0.0000,10.0000,95.3859,0.0000,
AIVIQ,,,0,1,0,0.0000,,,,,FALSE,,,,,,,
ALCAZAR,,,0,1,0,0.0000,,,,,FALSE,,,,,,,
ALLTEST,,,0,1,0,0.0000,,,,,FALSE,,,,,,,
ALOHAS,,,0,2,0,0.0000,,,,,FALSE,,,,,,,
APOVIT,,,0,8,0,0.0000,,,,,FALSE,,,,,,,
ASG,,,0,1,0,0.0000,,,,,FALSE,,,,,,,
Aankl,,,0,4,0,0.0000,,,,,FALSE,,,,,,,
Aankl Footwear,,,0,2,0,0.0000,,,,,FALSE,,,,,,,
Abena,,,0,7,0,0.0000,,,,,FALSE,,,,,,,
Absodry,,,0,1,0,0.0000,,,,,FALSE,,,,,,,
Accu-Chek,,,0,1,0,0.0000,,,,,FALSE,,,,,,,
Acrilex,,,0,1,0,0.0000,,,,,FALSE,,,,,,,
Adano,,,0,1,0,0.0000,,,,,FALSE,,,,,,,
Adax,7 w access,25070 adam massigeh,0,1,0,0.0000,0.4650,0.3335,117,92.4107,TRUE,403.0000,0.0298,0.0298,334.0000,90.7319,8.0000,162.5000
Aduro,,,0,2,0,0.0000,,,,,FALSE,,,,,,,
Aestura,8 cosmetics,,0,1,0,0.0000,0.5316,0.1583,3,85.4775,FALSE,10.0000,0.0000,0.0000,5.0000,85.4775,0.0000,
Afnan,,,0,2,0,0.0000,,,,,FALSE,,,,,,,
Ahh Bra,,,0,1,0,0.0000,,,,,FALSE,,,,,,,
Airpure,,,0,1,0,0.0000,,,,,FALSE,,,,,,,
Alba Botanica,,,0,2,0,0.0000,,,,,FALSE,,,,,,,
Albany,,,0,1,0,0.0000,,,,,FALSE,,,,,,,
Alcon,,,0,3,0,0.0000,,,,,FALSE,,,,,,,
Alliance,,,0,1,0,0.0000,,,,,FALSE,,,,,,,
Alma,,,0,1,0,0.0000,,,,,FALSE,,,,,,,
Alpecin,,,0,1,0,0.0000,,,,,FALSE,,,,,,,
Alpine,,,0,4,0,0.0000,,,,,FALSE,,,,,,,
Altra,,,0,2,0,0.0000,,,,,FALSE,,,,,,,
American Crew,,,0,1,0,0.0000,,,,,FALSE,,,,,,,
Anabox,,,0,1,0,0.0000,,,,,FALSE,,,,,,,
Anna Field,,,0,2,0,0.0000,,,,,FALSE,,,,,,,
Apple,,,0,7,0,0.0000,,,,,FALSE,,,,,,,
Arc'teryx,,,0,8,0,0.0000,,,,,FALSE,,,,,,,
Arencia official,,,0,1,0,0.0000,,,,,FALSE,,,,,,,
Arla,,,0,1,0,0.0000,,,,,FALSE,,,,,,,
Artipoppe,,,0,1,0,0.0000,,,,,FALSE,,,,,,,
Artlink,,,0,2,0,0.0000,,,,,FALSE,,,,,,,
Athlecia,,,0,1,0,0.0000,,,,,FALSE,,,,,,,
Australian Body Care,,,0,11,0,0.0000,,,,,FALSE,,,,,,,
Avabeauty.Se,,,0,1,0,0.0000,,,,,FALSE,,,,,,,
Avène,,,0,3,0,0.0000,,,,,FALSE,,,,,,,
Axel Arigato,,,0,1,0,0.0000,,,,,FALSE,,,,,,,
Ayyildiz,,,0,1,0,0.0000,,,,,FALSE,,,,,,,
BAMBUSA,,,0,1,0,0.0000,,,,,FALSE,,,,,,,
BEBIRD,,,0,1,0,0.0000,,,,,FALSE,,,,,,,
BGA,,,0,2,0,0.0000,,,,,FALSE,,,,,,,
BIELENDA,,,0,1,0,0.0000,,,,,FALSE,,,,,,,
BIODERMA,,,0,1,0,0.0000,,,,,FALSE,,,,,,,
BISSELL,,,0,1,0,0.0000,,,,,FALSE,,,,,,,
BODUM,1 home,21819 mariette buksti gram,0,2,1,0.0000,0.2511,0.1833,52,89.2271,TRUE,69.0000,0.9420,0.0290,65.0000,89.2271,0.0000,
BORA,,,0,1,0,0.0000,,,,,FALSE,,,,,,,
BY NIGHT,,,0,1,0,0.0000,,,,,FALSE,,,,,,,
Baby Brezza,,,0,2,0,0.0000,,,,,FALSE,,,,,,,
Baby Foot,,,0,1,0,0.0000,,,,,FALSE,,,,,,,
BabyDan,,,0,3,0,0.0000,,,,,FALSE,,,,,,,
Babymoov,,,0,1,0,0.0000,,,,,FALSE,,,,,,,
Bach,,,0,1,0,0.0000,,,,,FALSE,,,,,,,
Bamboo,,,0,1,0,0.0000,,,,,FALSE,,,,,,,
Barebells,,,0,2,0,0.0000,,,,,FALSE,,,,,,,
Baseus,,,0,1,0,0.0000,,,,,FALSE,,,,,,,
Bauhaus,,,0,1,0,0.0000,,,,,FALSE,,,,,,,
Bayer,,,0,4,0,0.0000,,,,,FALSE,,,,,,,
Becel,,,0,1,0,0.0000,,,,,FALSE,,,,,,,
Beemoo,,,0,1,0,0.0000,,,,,FALSE,,,,,,,
Benton,,,0,1,0,0.0000,,,,,FALSE,,,,,,,
Bershka,,,0,10,0,0.0000,,,,,FALSE,,,,,,,
Beslag Design,,,0,1,0,0.0000,,,,,FALSE,,,,,,,
Bigso,,,0,2,0,0.0000,,,,,FALSE,,,,,,,
Bilbuster,,,0,1,0,0.0000,,,,,FALSE,,,,,,,
Biltema,,,0,20,0,0.0000,,,,,FALSE,,,,,,,
Bio-Oil,,,0,1,0,0.0000,,,,,FALSE,,,,,,,
Bio-Strath,,,0,2,0,0.0000,,,,,FALSE,,,,,,,
BioTechUSA,,,0,3,0,0.0000,,,,,FALSE,,,,,,,
Bioforce,,,0,3,0,0.0000,,,,,FALSE,,,,,,,
Biorepair,,,0,1,0,0.0000,,,,,FALSE,,,,,,,
Biosym,,,0,11,0,0.0000,,,,,FALSE,,,,,,,
Biovita,,,0,1,0,0.0000,,,,,FALSE,,,,,,,
Bison,3 mens,20415 lotte skovaa,0,1,0,0.0000,0.1602,0.0676,9,116.6232,TRUE,52.0000,1.0000,0.0385,46.0000,115.0517,2.0000,152.7676
Bitz,1 home,21819 mariette buksti gram,0,1,0,0.0000,0.1857,0.1422,31,86.2672,FALSE,31.0000,1.0000,0.0000,31.0000,86.2672,0.0000,
Black Colour,,,0,5,0,0.0000,,,,,FALSE,,,,,,,
Black Unicorn,,,0,2,0,0.0000,,,,,FALSE,,,,,,,
Blomsterbergs,,,0,1,0,0.0000,,,,,FALSE,,,,,,,
Bloomingville,,,0,1,0,0.0000,,,,,FALSE,,,,,,,
Blue Rebel,,,0,1,0,0.0000,,,,,FALSE,,,,,,,
Bodylab,,,0,12,0,0.0000,,,,,FALSE,,,,,,,
Bodymod,,,0,1,0,0.0000,,,,,FALSE,,,,,,,
Boland,,,0,1,0,0.0000,,,,,FALSE,,,,,,,
Boom Butik,,,0,2,0,0.0000,,,,,FALSE,,,,,,,
Borg Living,,,0,10,0,0.0000,,,,,FALSE,,,,,,,
Borås Cotton,,,0,1,0,0.0000,,,,,FALSE,,,,,,,
Bosch,,,0,31,0,0.0000,,,,,FALSE,,,,,,,
Bows By Stær,,,0,1,0,0.0000,,,,,FALSE,,,,,,,
Breathe Right,,,0,1,0,0.0000,,,,,FALSE,,,,,,,
Breathox,,,0,1,0,0.0000,,,,,FALSE,,,,,,,
Brilliant,,,0,1,0,0.0000,,,,,FALSE,,,,,,,
Bruder,,,0,1,0,0.0000,,,,,FALSE,,,,,,,
Budget Car Rental,,,0,1,0,0.0000,,,,,FALSE,,,,,,,
Bulk,,,0,8,0,0.0000,,,,,FALSE,,,,,,,
C.P. Company,,,0,2,0,0.0000,,,,,FALSE,,,,,,,
CAIA,,,0,2,0,0.0000,,,,,FALSE,,,,,,,
CAT,,,0,1,0,0.0000,,,,,FALSE,,,,,,,
CERVA,,,0,1,0,0.0000,,,,,FALSE,,,,,,,
CEWE Photoworld,,,0,4,0,0.0000,,,,,FALSE,,,,,,,
CNC Flow Control,,,0,1,0,0.0000,,,,,FALSE,,,,,,,
CONTOUR,,,0,1,0,0.0000,,,,,FALSE,,,,,,,
COROS,,,0,1,0,0.0000,,,,,FALSE,,,,,,,
COSORI,,,0,1,0,0.0000,,,,,FALSE,,,,,,,
CPH,,,0,1,0,0.0000,,,,,FALSE,,,,,,,
CURAPROX,,,0,1,0,0.0000,,,,,FALSE,,,,,,,
CYBEX,,,0,5,0,0.0000,,,,,FALSE,,,,,,,
Cam Cam,,,0,2,0,0.0000,,,,,FALSE,,,,,,,
CamelBak,,,0,1,0,0.0000,,,,,FALSE,,,,,,,
Cana Care,,,0,1,0,0.0000,,,,,FALSE,,,,,,,
Candy,,,0,2,0,0.0000,,,,,FALSE,,,,,,,
Carhartt,,,0,6,0,0.0000,,,,,FALSE,,,,,,,
Carriwell,,,0,2,0,0.0000,,,,,FALSE,,,,,,,
Casper Sobczyk,,,0,4,0,0.0000,,,,,FALSE,,,,,,,
Cavius,,,0,1,0,0.0000,,,,,FALSE,,,,,,,
Centellian24,,,0,2,0,0.0000,,,,,FALSE,,,,,,,
CeraVe,,,0,19,0,0.0000,,,,,FALSE,,,,,,,
Chanti,,,0,3,0,0.0000,,,,,FALSE,,,,,,,
Chic Antique,,,0,1,0,0.0000,,,,,FALSE,,,,,,,
Cillit BANG,,,0,1,0,0.0000,,,,,FALSE,,,,,,,
Clatronic,,,0,1,0,0.0000,,,,,FALSE,,,,,,,
Claudio,3 mens,20415 lotte skovaa,0,1,0,0.0000,0.0939,0.0661,16,99.6609,TRUE,24.0000,0.9167,0.0000,24.0000,99.6609,0.0000,
Cleanfriend,,,0,2,0,0.0000,,,,,FALSE,,,,,,,
Clear Eyes,,,0,1,0,0.0000,,,,,FALSE,,,,,,,
Clearblue,,,0,1,0,0.0000,,,,,FALSE,,,,,,,
Clique,,,0,2,0,0.0000,,,,,FALSE,,,,,,,
Co`Couture,,,0,2,0,0.0000,,,,,FALSE,,,,,,,
Color Wow,8 cosmetics,21819 mariette buksti gram,0,2,1,0.0000,0.7525,0.7328,16,58.6040,FALSE,16.0000,0.0000,0.0000,16.0000,58.6040,0.0000,
Common Clouds,,,0,1,0,0.0000,,,,,FALSE,,,,,,,
Compeed,,,0,1,0,0.0000,,,,,FALSE,,,,,,,
Converse,3 mens,20415 lotte skovaa,0,7,0,0.0000,0.8266,0.6882,5,63.5562,FALSE,6.0000,0.0000,0.0000,6.0000,63.5562,0.0000,
Cook & Baker,,,0,6,0,0.0000,,,,,FALSE,,,,,,,
Cooper,,,0,1,0,0.0000,,,,,FALSE,,,,,,,
Copenhagen Shoes,7 w access,,0,1,0,0.0000,0.3801,0.2345,13,106.5679,TRUE,49.0000,0.9796,0.0204,41.0000,106.3805,1.0000,114.2539
Cordell,,,0,1,0,0.0000,,,,,FALSE,,,,,,,
Corwin Elcykel,,,0,1,0,0.0000,,,,,FALSE,,,,,,,
Cosilana,,,0,1,0,0.0000,,,,,FALSE,,,,,,,
Crazy Color,,,0,1,0,0.0000,,,,,FALSE,,,,,,,
Creative-Cables,,,0,1,0,0.0000,,,,,FALSE,,,,,,,
Croll and Denecke,,,0,2,0,0.0000,,,,,FALSE,,,,,,,
Cruz,,,0,1,0,0.0000,,,,,FALSE,,,,,,,
Curver,,,0,1,0,0.0000,,,,,FALSE,,,,,,,
DANISH ENDURANCE,,,0,5,0,0.0000,,,,,FALSE,,,,,,,
DAP,,,0,1,0,0.0000,,,,,FALSE,,,,,,,
DAY,,,0,9,0,0.0000,,,,,FALSE,,,,,,,
DEBEL,,,0,8,0,0.0000,,,,,FALSE,,,,,,,
DEWALT,,,0,1,0,0.0000,,,,,FALSE,,,,,,,
DFI,,,0,5,0,0.0000,,,,,FALSE,,,,,,,
DOZ,,,0,2,0,0.0000,,,,,FALSE,,,,,,,
DROPS Design,,,0,1,0,0.0000,,,,,FALSE,,,,,,,
DUOLAC,,,0,3,0,0.0000,,,,,FALSE,,,,,,,
DUSY,,,0,1,0,0.0000,,,,,FALSE,,,,,,,
Dafi,,,0,1,0,0.0000,,,,,FALSE,,,,,,,
Dak,,,0,1,0,0.0000,,,,,FALSE,,,,,,,
Danco,,,0,1,0,0.0000,,,,,FALSE,,,,,,,
Dancover,,,0,4,0,0.0000,,,,,FALSE,,,,,,,
Danfoss,,,0,1,0,0.0000,,,,,FALSE,,,,,,,
Danmarks-Posen.Dk,,,0,1,0,0.0000,,,,,FALSE,,,,,,,
Dansand,,,0,1,0,0.0000,,,,,FALSE,,,,,,,
Decubal,,,0,8,0,0.0000,,,,,FALSE,,,,,,,
Deerhunter,,,0,2,0,0.0000,,,,,FALSE,,,,,,,
Denver Electronics,,,0,4,0,0.0000,,,,,FALSE,,,,,,,
Derma,,,0,2,0,0.0000,,,,,FALSE,,,,,,,
Dermaknowlogy,,,0,1,0,0.0000,,,,,FALSE,,,,,,,
Design & Handelshuset,,,0,1,0,0.0000,,,,,FALSE,,,,,,,
Diamondart,,,0,1,0,0.0000,,,,,FALSE,,,,,,,
Diasocks,,,0,1,0,0.0000,,,,,FALSE,,,,,,,
Dickie Toys,,,0,1,0,0.0000,,,,,FALSE,,,,,,,
Digital Energy,,,0,1,0,0.0000,,,,,FALSE,,,,,,,
Direct Signs,,,0,1,0,0.0000,,,,,FALSE,,,,,,,
Dlf,,,0,2,0,0.0000,,,,,FALSE,,,,,,,
Dlg,,,0,1,0,0.0000,,,,,FALSE,,,,,,,
Doff,,,0,1,0,0.0000,,,,,FALSE,,,,,,,
Domestos,,,0,1,0,0.0000,,,,,FALSE,,,,,,,
Done by Deer,2 kids,20415 lotte skovaa,0,2,0,0.0000,0.1020,0.0881,140,94.8913,TRUE,169.0000,1.0000,0.0769,156.0000,93.5832,13.0000,110.5877
Dr. Beckmann,,,0,1,0,0.0000,,,,,FALSE,,,,,,,
Dr. Martens,7 w access,25070 adam massigeh,0,2,0,0.0000,0.2772,0.2283,48,88.5832,TRUE,69.0000,0.9855,0.0000,67.0000,88.5832,0.0000,
Dreame,,,0,11,0,0.0000,,,,,FALSE,,,,,,,
DripDrop,,,0,1,0,0.0000,,,,,FALSE,,,,,,,
Ducray,,,0,4,0,0.0000,,,,,FALSE,,,,,,,
Duffy,,,0,1,0,0.0000,,,,,FALSE,,,,,,,
Duka,,,0,1,0,0.0000,,,,,FALSE,,,,,,,
Dulcolax,,,0,1,0,0.0000,,,,,FALSE,,,,,,,
Dunlop,,,0,1,0,0.0000,,,,,FALSE,,,,,,,
Duralex,,,0,1,0,0.0000,,,,,FALSE,,,,,,,
Dyberg Larsen,,,0,1,0,0.0000,,,,,FALSE,,,,,,,
E-line,,,0,2,0,0.0000,,,,,FALSE,,,,,,,
EAN,,,0,1,0,0.0000,,,,,FALSE,,,,,,,
ECCO,,,0,2,0,0.0000,,,,,FALSE,,,,,,,
EGLO,,,0,1,0,0.0000,,,,,FALSE,,,,,,,
ENJOY,,,0,1,0,0.0000,,,,,FALSE,,,,,,,
ERNE,,,0,1,0,0.0000,,,,,FALSE,,,,,,,
ESPA,,,0,2,0,0.0000,,,,,FALSE,,,,,,,
ESYLUX,,,0,1,0,0.0000,,,,,FALSE,,,,,,,
EXCELLENT HOUSEWARE,,,0,2,0,0.0000,,,,,FALSE,,,,,,,
EYDA,,,0,1,0,0.0000,,,,,FALSE,,,,,,,
Easygrow,,,0,1,0,0.0000,,,,,FALSE,,,,,,,
Ecostyle,,,0,7,0,0.0000,,,,,FALSE,,,,,,,
Ecotronic,,,0,1,0,0.0000,,,,,FALSE,,,,,,,
Ekulf,,,0,2,0,0.0000,,,,,FALSE,,,,,,,
Electrolux,,,0,15,0,0.0000,,,,,FALSE,,,,,,,
Elefanten,,,0,1,0,0.0000,,,,,FALSE,,,,,,,
Elite,,,0,1,0,0.0000,,,,,FALSE,,,,,,,
Ellos,,,0,7,0,0.0000,,,,,FALSE,,,,,,,
Ellos Home,,,0,4,0,0.0000,,,,,FALSE,,,,,,,
Engel,,,0,1,0,0.0000,,,,,FALSE,,,,,,,
Equip,,,0,1,0,0.0000,,,,,FALSE,,,,,,,
Eucalan,,,0,1,0,0.0000,,,,,FALSE,,,,,,,
Even&Odd,,,0,1,0,0.0000,,,,,FALSE,,,,,,,
Everlands,,,0,1,0,0.0000,,,,,FALSE,,,,,,,
Everlast,,,0,1,0,0.0000,,,,,FALSE,,,,,,,
F&F,,,0,1,0,0.0000,,,,,FALSE,,,,,,,
F-engel,,,0,1,0,0.0000,,,,,FALSE,,,,,,,
FOLIGAIN,,,0,4,0,0.0000,,,,,FALSE,,,,,,,
FUTURO,,,0,1,0,0.0000,,,,,FALSE,,,,,,,
Faaborg Pharma,,,0,4,0,0.0000,,,,,FALSE,,,,,,,
Feather & Hare,,,0,1,0,0.0000,,,,,FALSE,,,,,,,
Femarelle,,,0,1,0,0.0000,,,,,FALSE,,,,,,,
Fibertex,,,0,1,0,0.0000,,,,,FALSE,,,,,,,
Fiestas Guirca,,,0,1,0,0.0000,,,,,FALSE,,,,,,,
Finish,,,0,1,0,0.0000,,,,,FALSE,,,,,,,
First Grade,,,0,2,0,0.0000,,,,,FALSE,,,,,,,
Fischer Möbel,,,0,1,0,0.0000,,,,,FALSE,,,,,,,
Fitbit,,,0,1,0,0.0000,,,,,FALSE,,,,,,,
Fitness Pharma,,,0,8,0,0.0000,,,,,FALSE,,,,,,,
Fixoni,,,0,1,0,0.0000,,,,,FALSE,,,,,,,
Fladen,,,0,1,0,0.0000,,,,,FALSE,,,,,,,
Flexfit,,,0,1,0,0.0000,,,,,FALSE,,,,,,,
FlexiComfort,,,0,1,0,0.0000,,,,,FALSE,,,,,,,
Flo,,,0,1,0,0.0000,,,,,FALSE,,,,,,,
Flowlife,,,0,1,0,0.0000,,,,,FALSE,,,,,,,
Flügger,,,0,2,0,0.0000,,,,,FALSE,,,,,,,
Forever,,,0,2,0,0.0000,,,,,FALSE,,,,,,,
Forte S.A.,,,0,1,0,0.0000,,,,,FALSE,,,,,,,
Foster,,,0,1,0,0.0000,,,,,FALSE,,,,,,,
Fred,,,0,1,0,0.0000,,,,,FALSE,,,,,,,
Fresenius Kabi,,,0,1,0,0.0000,,,,,FALSE,,,,,,,
GARDANA,,,0,3,0,0.0000,,,,,FALSE,,,,,,,
GARDENA,,,0,5,0,0.0000,,,,,FALSE,,,,,,,
GARMIN,,,0,34,0,0.0000,,,,,FALSE,,,,,,,
GASP,,,0,1,0,0.0000,,,,,FALSE,,,,,,,
GB by Gun-Britt,8 cosmetics,21819 mariette buksti gram,0,1,0,0.0000,0.0532,0.0533,10,98.8126,FALSE,41.0000,0.0000,0.0000,41.0000,98.8126,0.0000,
GM,,,0,1,0,0.0000,,,,,FALSE,,,,,,,
GORI,,,0,1,0,0.0000,,,,,FALSE,,,,,,,
GSK,,,0,4,0,0.0000,,,,,FALSE,,,,,,,
GUM,,,0,10,0,0.0000,,,,,FALSE,,,,,,,
GW Bicycles,,,0,1,0,0.0000,,,,,FALSE,,,,,,,
Gaggenau,,,0,1,0,0.0000,,,,,FALSE,,,,,,,
Garden,,,0,16,0,0.0000,,,,,FALSE,,,,,,,
Garden Life,,,0,1,0,0.0000,,,,,FALSE,,,,,,,
Garnier,,,0,6,0,0.0000,,,,,FALSE,,,,,,,
Gateway,,,0,3,0,0.0000,,,,,FALSE,,,,,,,
Gem Wear,,,0,1,0,0.0000,,,,,FALSE,,,,,,,
Gillette,,,0,2,0,0.0000,,,,,FALSE,,,,,,,
Gina Tricot,,,0,9,0,0.0000,,,,,FALSE,,,,,,,
Glerups,3 mens,20415 lotte skovaa,0,1,0,0.0000,0.1742,0.1742,2,90.1169,FALSE,3.0000,0.0000,0.0000,3.0000,90.1169,0.0000,
Globe Studios,,,0,1,0,0.0000,,,,,FALSE,,,,,,,
GlowUp,,,0,1,0,0.0000,,,,,FALSE,,,,,,,
Google,,,0,2,0,0.0000,,,,,FALSE,,,,,,,
Gorenje,,,0,7,0,0.0000,,,,,FALSE,,,,,,,
Gossia,,,0,2,0,0.0000,,,,,FALSE,,,,,,,
Gram,,,0,2,0,0.0000,,,,,FALSE,,,,,,,
Great Pretenders,,,0,1,0,0.0000,,,,,FALSE,,,,,,,
Green Comfort,,,0,2,0,0.0000,,,,,FALSE,,,,,,,
Greenchef,,,0,1,0,0.0000,,,,,FALSE,,,,,,,
Greenish,,,0,1,0,0.0000,,,,,FALSE,,,,,,,
Grenade,,,0,1,0,0.0000,,,,,FALSE,,,,,,,
Grunt,2 kids,20415 lotte skovaa,0,1,0,0.0000,,,,387.5309,FALSE,5.0000,1.0000,0.6000,1.0000,132.5926,2.0000,515.0000
H&G,,,0,1,0,0.0000,,,,,FALSE,,,,,,,
H&M,,,0,81,0,0.0000,,,,,FALSE,,,,,,,
HH Simonsen,8 cosmetics,21819 mariette buksti gram,0,1,1,0.0000,0.5726,0.5736,10,65.3717,FALSE,10.0000,0.0000,0.0000,10.0000,65.3717,0.0000,
HKSDK,,,0,2,0,0.0000,,,,,FALSE,,,,,,,
HOME,,,0,1,0,0.0000,,,,,FALSE,,,,,,,
HUMA,,,0,1,0,0.0000,,,,,FALSE,,,,,,,
Haakaa,2 kids,20415 lotte skovaa,0,2,0,0.0000,0.3431,0.3431,2,77.9826,FALSE,2.0000,0.0000,0.0000,2.0000,77.9826,0.0000,
Hachette,,,0,1,0,0.0000,,,,,FALSE,,,,,,,
Haglöfs,3 mens,,0,1,0,0.0000,0.4716,0.4320,87,73.6483,FALSE,101.0000,0.0000,0.0000,98.0000,73.6483,0.0000,
Halls Greenhouses,,,0,1,0,0.0000,,,,,FALSE,,,,,,,
Hama,,,0,1,0,0.0000,,,,,FALSE,,,,,,,
Hansaplast,,,0,2,0,0.0000,,,,,FALSE,,,,,,,
Hanse Home,,,0,1,0,0.0000,,,,,FALSE,,,,,,,
Haps Nordic,,,0,3,0,0.0000,,,,,FALSE,,,,,,,
Haus Huberts,,,0,1,0,0.0000,,,,,FALSE,,,,,,,
Havehandel,,,0,1,0,0.0000,,,,,FALSE,,,,,,,
Haws,,,0,2,0,0.0000,,,,,FALSE,,,,,,,
Head & Shoulders,,,0,1,0,0.0000,,,,,FALSE,,,,,,,
Healthwell,,,0,2,0,0.0000,,,,,FALSE,,,,,,,
Heel,,,0,2,0,0.0000,,,,,FALSE,,,,,,,
Heles,,,0,1,0,0.0000,,,,,FALSE,,,,,,,
Helios,,,0,1,0,0.0000,,,,,FALSE,,,,,,,
Helosan,,,0,2,0,0.0000,,,,,FALSE,,,,,,,
Hemmingsen Kids,,,0,1,0,0.0000,,,,,FALSE,,,,,,,
Henbrandt,,,0,1,0,0.0000,,,,,FALSE,,,,,,,
Herbatint,,,0,1,0,0.0000,,,,,FALSE,,,,,,,
Herboxa,,,0,1,0,0.0000,,,,,FALSE,,,,,,,
Herrens Mark,,,0,2,0,0.0000,,,,,FALSE,,,,,,,
High 5,,,0,3,0,0.0000,,,,,FALSE,,,,,,,
Hisense,,,0,3,0,0.0000,,,,,FALSE,,,,,,,
HoMedics,,,0,1,0,0.0000,,,,,FALSE,,,,,,,
Home-it,,,0,2,0,0.0000,,,,,FALSE,,,,,,,
Hortus,,,0,1,0,0.0000,,,,,FALSE,,,,,,,
HotHands,,,0,1,0,0.0000,,,,,FALSE,,,,,,,
House Doctor,1 home,21819 mariette buksti gram,0,1,0,0.0000,0.2183,0.1456,98,93.3727,TRUE,126.0000,1.0000,0.0397,121.0000,90.7522,5.0000,156.7896
Housegard,,,0,1,0,0.0000,,,,,FALSE,,,,,,,
Huawei,,,0,1,0,0.0000,,,,,FALSE,,,,,,,
Huggies,,,0,1,0,0.0000,,,,,FALSE,,,,,,,
Hume Health,,,0,1,0,0.0000,,,,,FALSE,,,,,,,
Husk,,,0,4,0,0.0000,,,,,FALSE,,,,,,,
Husqvarna,,,0,3,0,0.0000,,,,,FALSE,,,,,,,
Hübsch,1 home,21819 mariette buksti gram,0,1,0,0.0000,0.2373,0.2115,115,84.0033,TRUE,122.0000,1.0000,0.0410,117.0000,83.5710,4.0000,96.6490
ICEpower,,,0,1,0,0.0000,,,,,FALSE,,,,,,,
ID,,,0,2,0,0.0000,,,,,FALSE,,,,,,,
IK Multimedia,,,0,1,0,0.0000,,,,,FALSE,,,,,,,
IMAK,,,0,2,0,0.0000,,,,,FALSE,,,,,,,
Id Hair,,,0,1,0,0.0000,,,,,FALSE,,,,,,,
Iherowebshop,,,0,1,0,0.0000,,,,,FALSE,,,,,,,
Il Mio Negozio,,,0,1,0,0.0000,,,,,FALSE,,,,,,,
Illux,,,0,1,0,0.0000,,,,,FALSE,,,,,,,
Ilva,,,0,9,0,0.0000,,,,,FALSE,,,,,,,
InWear,5 women,25070 adam massigeh,0,1,0,0.0000,0.4062,0.3333,176,117.6481,TRUE,748.0000,0.6832,0.5040,246.0000,85.5409,211.0000,155.0810
Inatura,,,0,1,0,0.0000,,,,,FALSE,,,,,,,
InnocareDenmark,,,0,1,0,0.0000,,,,,FALSE,,,,,,,
InnovaGoods,,,0,1,0,0.0000,,,,,FALSE,,,,,,,
Innovative Percussion,,,0,1,0,0.0000,,,,,FALSE,,,,,,,
Interflora,,,0,1,0,0.0000,,,,,FALSE,,,,,,,
Intimissimi,,,0,1,0,0.0000,,,,,FALSE,,,,,,,
Isbjörn of Sweden,,,0,1,0,0.0000,,,,,FALSE,,,,,,,
JACQUELINE de YONG,,,0,19,0,0.0000,,,,,FALSE,,,,,,,
JAPCELL,,,0,1,0,0.0000,,,,,FALSE,,,,,,,
JUL,,,0,1,0,0.0000,,,,,FALSE,,,,,,,
JUMI,,,0,1,0,0.0000,,,,,FALSE,,,,,,,
JYSK,,,0,157,0,0.0000,,,,,FALSE,,,,,,,
Jbm,,,0,1,0,0.0000,,,,,FALSE,,,,,,,
Joie,,,0,2,0,0.0000,,,,,FALSE,,,,,,,
Joseph Joseph,,,0,2,0,0.0000,,,,,FALSE,,,,,,,
Jotex,,,0,19,0,0.0000,,,,,FALSE,,,,,,,
JourneyLife,,,0,1,0,0.0000,,,,,FALSE,,,,,,,
Jumbo,,,0,1,0,0.0000,,,,,FALSE,,,,,,,
Junckers,,,0,1,0,0.0000,,,,,FALSE,,,,,,,
Just For Men,,,0,1,0,0.0000,,,,,FALSE,,,,,,,
KAD,,,0,1,0,0.0000,,,,,FALSE,,,,,,,
KARE Design,,,0,1,0,0.0000,,,,,FALSE,,,,,,,
KAY Jewelers,,,0,1,0,0.0000,,,,,FALSE,,,,,,,
KONTUR,,,0,1,0,0.0000,,,,,FALSE,,,,,,,
Karamel Kompagniet,11 food,61164 jacob bøgeholdt nielsen,0,2,0,0.0000,0.1997,0.1333,18,86.8268,FALSE,21.0000,0.0000,0.0000,20.0000,86.8268,0.0000,
Kenwood,1 home,,0,10,0,0.0000,0.3360,0.3168,20,81.9389,TRUE,23.0000,0.9565,0.0435,22.0000,83.4965,1.0000,47.6731
Kersen,,,0,1,0,0.0000,,,,,FALSE,,,,,,,
Kiko Milano,,,0,4,0,0.0000,,,,,FALSE,,,,,,,
Kjell & Company,,,0,1,0,0.0000,,,,,FALSE,,,,,,,
Klar,,,0,2,0,0.0000,,,,,FALSE,,,,,,,
Klarborg,1 home,,0,1,0,0.0000,0.4494,0.3512,28,70.4947,FALSE,28.0000,0.0000,0.0000,28.0000,70.4947,0.0000,
Klean Kanteen,,,0,2,0,0.0000,,,,,FALSE,,,,,,,
Km Home,,,0,3,0,0.0000,,,,,FALSE,,,,,,,
KÄLLA,,,0,1,0,0.0000,,,,,FALSE,,,,,,,
Kärcher,,,0,6,0,0.0000,,,,,FALSE,,,,,,,
L'amitié,,,0,1,0,0.0000,,,,,FALSE,,,,,,,
LEDlife,,,0,5,0,0.0000,,,,,FALSE,,,,,,,
LG,,,0,4,0,0.0000,,,,,FALSE,,,,,,,
LMTD,,,0,2,0,0.0000,,,,,FALSE,,,,,,,
La Roche-Posay,,,0,27,0,0.0000,,,,,FALSE,,,,,,,
La Sportiva,,,0,1,0,0.0000,,,,,FALSE,,,,,,,
Lactocare,,,0,3,0,0.0000,,,,,FALSE,,,,,,,
Lactulose,,,0,1,0,0.0000,,,,,FALSE,,,,,,,
Lansinoh,,,0,1,0,0.0000,,,,,FALSE,,,,,,,
Lantz Copenhagen,,,0,1,0,0.0000,,,,,FALSE,,,,,,,
Lasita Maja,,,0,1,0,0.0000,,,,,FALSE,,,,,,,
Lattafa,,,0,1,0,0.0000,,,,,FALSE,,,,,,,
Laura Mercier,,,0,2,0,0.0000,,,,,FALSE,,,,,,,
Lavazza,,,0,1,0,0.0000,,,,,FALSE,,,,,,,
Le Mini Macaron,,,0,1,0,0.0000,,,,,FALSE,,,,,,,
Lea,,,0,1,0,0.0000,,,,,FALSE,,,,,,,
Leifheit,1 home,21819 mariette buksti gram,0,4,0,0.0000,0.7921,0.5533,10,62.3865,FALSE,10.0000,0.0000,0.0000,10.0000,62.3865,0.0000,
Leonisa,,,0,2,0,0.0000,,,,,FALSE,,,,,,,
Leopold Bros.,,,0,1,0,0.0000,,,,,FALSE,,,,,,,
Libero,,,0,5,0,0.0000,,,,,FALSE,,,,,,,
Lille Kanin,,,0,1,0,0.0000,,,,,FALSE,,,,,,,
Lindby,,,0,4,0,0.0000,,,,,FALSE,,,,,,,
Linuspro,,,0,1,0,0.0000,,,,,FALSE,,,,,,,
Lipati,,,0,1,0,0.0000,,,,,FALSE,,,,,,,
Lippa,,,0,2,0,0.0000,,,,,FALSE,,,,,,,
Livol,,,0,3,0,0.0000,,,,,FALSE,,,,,,,
Locobase,,,0,3,0,0.0000,,,,,FALSE,,,,,,,
Logik,,,0,12,0,0.0000,,,,,FALSE,,,,,,,
Longo Vital,,,0,4,0,0.0000,,,,,FALSE,,,,,,,
Loop,,,0,5,0,0.0000,,,,,FALSE,,,,,,,
Loop Earplugs,,,0,1,0,0.0000,,,,,FALSE,,,,,,,
Louis Poulsen,,,0,19,0,0.0000,,,,,FALSE,,,,,,,
Louis Vuitton,,,0,1,0,0.0000,,,,,FALSE,,,,,,,
Louise Roe,,,0,3,0,0.0000,,,,,FALSE,,,,,,,
LuK,,,0,1,0,0.0000,,,,,FALSE,,,,,,,
Lucleon,,,0,1,0,0.0000,,,,,FALSE,,,,,,,
Lumene,,,0,1,0,0.0000,,,,,FALSE,,,,,,,
Luna Denmark,,,0,9,0,0.0000,,,,,FALSE,,,,,,,
Luxorparts,,,0,1,0,0.0000,,,,,FALSE,,,,,,,
Ly Sweden,,,0,1,0,0.0000,,,,,FALSE,,,,,,,
Lyngeshop,,,0,2,0,0.0000,,,,,FALSE,,,,,,,
Lyngsoe,,,0,1,0,0.0000,,,,,FALSE,,,,,,,
M&S,,,0,1,0,0.0000,,,,,FALSE,,,,,,,
MAM,,,0,2,0,0.0000,,,,,FALSE,,,,,,,
MAMMOTION,,,0,1,0,0.0000,,,,,FALSE,,,,,,,
MARELD,,,0,1,0,0.0000,,,,,FALSE,,,,,,,
MARTA,,,0,3,0,0.0000,,,,,FALSE,,,,,,,
ME-FA,,,0,1,0,0.0000,,,,,FALSE,,,,,,,
MINI A TURE,,,0,3,0,0.0000,,,,,FALSE,,,,,,,
MINISO,,,0,1,0,0.0000,,,,,FALSE,,,,,,,
MOXOM,,,0,3,0,0.0000,,,,,FALSE,,,,,,,
MULTI,,,0,1,0,0.0000,,,,,FALSE,,,,,,,
Maanesten,7 w access,20415 lotte skovaa,0,1,0,0.0000,0.3623,0.3333,319,79.7726,FALSE,360.0000,0.0000,0.0000,359.0000,79.7726,0.0000,
Magic Chef,,,0,1,0,0.0000,,,,,FALSE,,,,,,,
Magna-Tiles,2 kids,,0,1,0,0.0000,0.3651,0.3695,23,74.0135,FALSE,23.0000,0.0000,0.0000,23.0000,74.0135,0.0000,
Magnetbuen,,,0,1,0,0.0000,,,,,FALSE,,,,,,,
Makita,,,0,9,0,0.0000,,,,,FALSE,,,,,,,
Manic Panic,,,0,1,0,0.0000,,,,,FALSE,,,,,,,
Mank GmbH,,,0,2,0,0.0000,,,,,FALSE,,,,,,,
Mark,,,0,1,0,0.0000,,,,,FALSE,,,,,,,
Marni,,,0,1,0,0.0000,,,,,FALSE,,,,,,,
Marvis,,,0,1,0,0.0000,,,,,FALSE,,,,,,,
Matas Striber,,,0,20,0,0.0000,,,,,FALSE,,,,,,,
Maxi-Cosi,,,0,1,0,0.0000,,,,,FALSE,,,,,,,
Medela,,,0,5,0,0.0000,,,,,FALSE,,,,,,,
Medidos,,,0,2,0,0.0000,,,,,FALSE,,,,,,,
Medimax,,,0,1,0,0.0000,,,,,FALSE,,,,,,,
Medisana,,,0,4,0,0.0000,,,,,FALSE,,,,,,,
Melissa,,,0,1,0,0.0000,,,,,FALSE,,,,,,,
Melitta,,,0,1,0,0.0000,,,,,FALSE,,,,,,,
Mentholatum,,,0,1,0,0.0000,,,,,FALSE,,,,,,,
Meroda,,,0,1,0,0.0000,,,,,FALSE,,,,,,,
Merry Christmas,,,0,1,0,0.0000,,,,,FALSE,,,,,,,
Metamucil,,,0,1,0,0.0000,,,,,FALSE,,,,,,,
Mezina,,,0,2,0,0.0000,,,,,FALSE,,,,,,,
Miele,,,0,13,0,0.0000,,,,,FALSE,,,,,,,
Mielle Organics,,,0,1,0,0.0000,,,,,FALSE,,,,,,,
Min Lille Mus,,,0,1,0,0.0000,,,,,FALSE,,,,,,,
Mininor,,,0,3,0,0.0000,,,,,FALSE,,,,,,,
Minymo,,,0,2,0,0.0000,,,,,FALSE,,,,,,,
Miss Mary of Sweden,,,0,1,0,0.0000,,,,,FALSE,,,,,,,
Mobilex,,,0,1,0,0.0000,,,,,FALSE,,,,,,,
Molnlycke,,,0,2,0,0.0000,,,,,FALSE,,,,,,,
Mols,,,0,1,0,0.0000,,,,,FALSE,,,,,,,
Momkind,,,0,1,0,0.0000,,,,,FALSE,,,,,,,
Moogco,,,0,1,0,0.0000,,,,,FALSE,,,,,,,
Moon Boot,,,0,1,0,0.0000,,,,,FALSE,,,,,,,
Morsø,1 home,,0,3,0,0.0000,,,,108.4883,FALSE,1.0000,1.0000,1.0000,0.0000,,1.0000,108.4883
Motorola,,,0,1,0,0.0000,,,,,FALSE,,,,,,,
Moud Home,,,0,1,0,0.0000,,,,,FALSE,,,,,,,
Mova,,,0,2,0,0.0000,,,,,FALSE,,,,,,,
Mulberry,,,0,1,0,0.0000,,,,,FALSE,,,,,,,
Multi-Mam,,,0,1,0,0.0000,,,,,FALSE,,,,,,,
Multi-tabs,,,0,1,0,0.0000,,,,,FALSE,,,,,,,
Mutant,,,0,1,0,0.0000,,,,,FALSE,,,,,,,
My Store,,,0,1,0,0.0000,,,,,FALSE,,,,,,,
MyHeritage DNA,,,0,1,0,0.0000,,,,,FALSE,,,,,,,
Mylan,,,0,4,0,0.0000,,,,,FALSE,,,,,,,
Myprotein,,,0,2,0,0.0000,,,,,FALSE,,,,,,,
Möller's,,,0,1,0,0.0000,,,,,FALSE,,,,,,,
N'goodso,,,0,1,0,0.0000,,,,,FALSE,,,,,,,
NA-KD,5 women,25070 adam massigeh,0,31,0,0.0000,1.0000,1.0000,1,50.0000,FALSE,5.0000,0.0000,0.0000,1.0000,50.0000,0.0000,
NAGA,,,0,1,0,0.0000,,,,,FALSE,,,,,,,
NDP,,,0,1,0,0.0000,,,,,FALSE,,,,,,,
NDS,,,0,1,0,0.0000,,,,,FALSE,,,,,,,
NOW,,,0,5,0,0.0000,,,,,FALSE,,,,,,,
NUA,,,0,1,0,0.0000,,,,,FALSE,,,,,,,
Nail4you,,,0,1,0,0.0000,,,,,FALSE,,,,,,,
Nailster,,,0,4,0,0.0000,,,,,FALSE,,,,,,,
Najell,,,0,4,0,0.0000,,,,,FALSE,,,,,,,
Namly Design,,,0,4,0,0.0000,,,,,FALSE,,,,,,,
Nani Loading Technology,,,0,1,0,0.0000,,,,,FALSE,,,,,,,
Nanolash,,,0,1,0,0.0000,,,,,FALSE,,,,,,,
Nardos,,,0,1,0,0.0000,,,,,FALSE,,,,,,,
Nattelyst,,,0,6,0,0.0000,,,,,FALSE,,,,,,,
Natur-Drogeriet,,,0,13,0,0.0000,,,,,FALSE,,,,,,,
Nature,,,0,3,0,0.0000,,,,,FALSE,,,,,,,
Nature's Own,,,0,2,0,0.0000,,,,,FALSE,,,,,,,
Naturigin,,,0,1,0,0.0000,,,,,FALSE,,,,,,,
Naturligolie,,,0,1,0,0.0000,,,,,FALSE,,,,,,,
Nedis,,,0,2,0,0.0000,,,,,FALSE,,,,,,,
Nelly,,,0,7,0,0.0000,,,,,FALSE,,,,,,,
Neonate,,,0,3,0,0.0000,,,,,FALSE,,,,,,,
Nestlé,,,0,1,0,0.0000,,,,,FALSE,,,,,,,
Neutral,,,0,1,0,0.0000,,,,,FALSE,,,,,,,
Neutrogena,,,0,1,0,0.0000,,,,,FALSE,,,,,,,
New Era,3 mens,,0,1,0,0.0000,0.4764,0.4699,41,75.3565,FALSE,53.0000,0.0000,0.0000,48.0000,75.3565,0.0000,
New Look,,,0,1,0,0.0000,,,,,FALSE,,,,,,,
New Nordic,8 cosmetics,21819 mariette buksti gram,0,8,0,0.0000,0.2236,0.1345,9,84.7629,TRUE,10.0000,0.8000,0.0000,10.0000,84.7629,0.0000,
Newbeing,,,0,1,0,0.0000,,,,,FALSE,,,,,,,
Newline HALO,3 mens,20415 lotte skovaa,0,1,0,0.0000,0.5470,0.3340,27,90.5577,TRUE,42.0000,0.2143,0.0714,36.0000,81.0668,3.0000,204.4488
Nicorette,,,0,3,0,0.0000,,,,,FALSE,,,,,,,
Nielsen Light,,,0,2,0,0.0000,,,,,FALSE,,,,,,,
Nikwax,,,0,1,0,0.0000,,,,,FALSE,,,,,,,
Nilfisk,,,0,10,0,0.0000,,,,,FALSE,,,,,,,
Nimara.Dk,,,0,7,0,0.0000,,,,,FALSE,,,,,,,
Ninepine,,,0,1,0,0.0000,,,,,FALSE,,,,,,,
Nizoral,,,0,1,0,0.0000,,,,,FALSE,,,,,,,
Noella,,,0,6,0,0.0000,,,,,FALSE,,,,,,,
Nordahl Andersen,,,0,1,0,0.0000,,,,,FALSE,,,,,,,
Nordic Glow,,,0,1,0,0.0000,,,,,FALSE,,,,,,,
Nordic Lights,,,0,1,0,0.0000,,,,,FALSE,,,,,,,
Nordic Tests ApS,,,0,1,0,0.0000,,,,,FALSE,,,,,,,
Nordic Wellness,,,0,2,0,0.0000,,,,,FALSE,,,,,,,
Nordisk Family,,,0,1,0,0.0000,,,,,FALSE,,,,,,,
Nordlux,1 home,21819 mariette buksti gram,0,8,0,0.0000,0.3500,0.2910,20,78.8720,TRUE,20.0000,1.0000,0.0000,20.0000,78.8720,0.0000,
Nordtronic,,,0,4,0,0.0000,,,,,FALSE,,,,,,,
Norr,5 women,,0,1,0,0.0000,,,,100.0000,FALSE,2.0000,0.0000,0.0000,1.0000,100.0000,0.0000,
Norwegian Lab,,,0,1,0,0.0000,,,,,FALSE,,,,,,,
Nupo,,,0,2,0,0.0000,,,,,FALSE,,,,,,,
Nutridrink,,,0,1,0,0.0000,,,,,FALSE,,,,,,,
OGX,,,0,1,0,0.0000,,,,,FALSE,,,,,,,
OKIDS,,,0,1,0,0.0000,,,,,FALSE,,,,,,,
OMRON,,,0,1,0,0.0000,,,,,FALSE,,,,,,,
ONYX COOKWARE,,,0,7,0,0.0000,,,,,FALSE,,,,,,,
OPI,8 cosmetics,21819 mariette buksti gram,0,1,0,0.0000,0.6452,0.6452,1,180.1533,FALSE,10.0000,1.0000,1.0000,0.0000,,10.0000,180.1533
OUTTREK,,,0,1,0,0.0000,,,,,FALSE,,,,,,,
Ocean Sports,,,0,1,0,0.0000,,,,,FALSE,,,,,,,
Oh Naturel,,,0,1,0,0.0000,,,,,FALSE,,,,,,,
Oi Soi Oi,,,0,1,0,0.0000,,,,,FALSE,,,,,,,
Oksbøl-Savværk,,,0,1,0,0.0000,,,,,FALSE,,,,,,,
Olivy,,,0,2,0,0.0000,,,,,FALSE,,,,,,,
Onitsuka Tiger,,,0,1,0,0.0000,,,,,FALSE,,,,,,,
Ooni,,,0,1,0,0.0000,,,,,FALSE,,,,,,,
Optimalprint,,,0,2,0,0.0000,,,,,FALSE,,,,,,,
Optimize,,,0,1,0,0.0000,,,,,FALSE,,,,,,,
Optimum Nutrition,,,0,3,0,0.0000,,,,,FALSE,,,,,,,
OraCoat,,,0,1,0,0.0000,,,,,FALSE,,,,,,,
Oral-B,,,0,30,0,0.0000,,,,,FALSE,,,,,,,
Oslo Skin Lab,,,0,1,0,0.0000,,,,,FALSE,,,,,,,
OstroVit,,,0,2,0,0.0000,,,,,FALSE,,,,,,,
Otinova,,,0,1,0,0.0000,,,,,FALSE,,,,,,,
Otribebe,,,0,1,0,0.0000,,,,,FALSE,,,,,,,
Oura,,,0,2,0,0.0000,,,,,FALSE,,,,,,,
Outcast,,,0,1,0,0.0000,,,,,FALSE,,,,,,,
Owala,,,0,1,0,0.0000,,,,,FALSE,,,,,,,
Oysho,,,0,1,0,0.0000,,,,,FALSE,,,,,,,
P L A N E T // N U S A,,,0,1,0,0.0000,,,,,FALSE,,,,,,,
P. Lindberg,,,0,1,0,0.0000,,,,,FALSE,,,,,,,
PH Import,,,0,4,0,0.0000,,,,,FALSE,,,,,,,
PORSANO,,,0,1,0,0.0000,,,,,FALSE,,,,,,,
Palmako,,,0,1,0,0.0000,,,,,FALSE,,,,,,,
Panasonic,1 home,,0,2,0,0.0000,,,,142.5837,FALSE,1.0000,1.0000,0.0000,1.0000,142.5837,0.0000,
Parkone,,,0,1,0,0.0000,,,,,FALSE,,,,,,,
Parodontax,,,0,1,0,0.0000,,,,,FALSE,,,,,,,
Party Success,,,0,1,0,0.0000,,,,,FALSE,,,,,,,
Paula's Choice,8 cosmetics,21819 mariette buksti gram,0,2,0,0.0000,0.0714,0.0714,1,115.8973,TRUE,37.0000,1.0000,0.0000,32.0000,115.8973,0.0000,
Pelly,,,0,3,0,0.0000,,,,,FALSE,,,,,,,
Pepsi,,,0,1,0,0.0000,,,,,FALSE,,,,,,,
Perrigo,,,0,1,0,0.0000,,,,,FALSE,,,,,,,
Pest-Stop,,,0,3,0,0.0000,,,,,FALSE,,,,,,,
Pharma Nord,,,0,10,0,0.0000,,,,,FALSE,,,,,,,
PharmaDrops,,,0,1,0,0.0000,,,,,FALSE,,,,,,,
Pharmovital,,,0,1,0,0.0000,,,,,FALSE,,,,,,,
Philips Hue,,,0,9,0,0.0000,,,,,FALSE,,,,,,,
Pico,,,0,2,0,0.0000,,,,,FALSE,,,,,,,
Pigalle,,,0,1,0,0.0000,,,,,FALSE,,,,,,,
Pitaya,,,0,10,0,0.0000,,,,,FALSE,,,,,,,
Pixum,,,0,2,0,0.0000,,,,,FALSE,,,,,,,
Plantforce,,,0,1,0,0.0000,,,,,FALSE,,,,,,,
Plum,,,0,2,0,0.0000,,,,,FALSE,,,,,,,
Point,,,0,5,0,0.0000,,,,,FALSE,,,,,,,
Polar,,,0,1,0,0.0000,,,,,FALSE,,,,,,,
Polax,,,0,1,0,0.0000,,,,,FALSE,,,,,,,
Pols Potten,1 home,21819 mariette buksti gram,0,1,0,0.0000,0.0637,0.0637,2,112.3176,TRUE,11.0000,1.0000,0.0000,11.0000,112.3176,0.0000,
Portwest,,,0,1,0,0.0000,,,,,FALSE,,,,,,,
Postera,,,0,1,0,0.0000,,,,,FALSE,,,,,,,
Pressalit,,,0,1,0,0.0000,,,,,FALSE,,,,,,,
Prima,,,0,1,0,0.0000,,,,,FALSE,,,,,,,
Princess,,,0,1,0,0.0000,,,,,FALSE,,,,,,,
Pro-Ject,,,0,1,0,0.0000,,,,,FALSE,,,,,,,
Probuilder,,,0,1,0,0.0000,,,,,FALSE,,,,,,,
Prosonic,,,0,1,0,0.0000,,,,,FALSE,,,,,,,
Pulito,,,0,1,0,0.0000,,,,,FALSE,,,,,,,
Pull&Bear,,,0,3,0,0.0000,,,,,FALSE,,,,,,,
Puori,,,0,5,0,0.0000,,,,,FALSE,,,,,,,
Purely Professional,,,0,1,0,0.0000,,,,,FALSE,,,,,,,
Puzzleyou,,,0,1,0,0.0000,,,,,FALSE,,,,,,,
QAZQA,,,0,3,0,0.0000,,,,,FALSE,,,,,,,
Qlima,,,0,2,0,0.0000,,,,,FALSE,,,,,,,
Qmed,,,0,1,0,0.0000,,,,,FALSE,,,,,,,
Queen Fashion,,,0,1,0,0.0000,,,,,FALSE,,,,,,,
Queisser Pharma,,,0,1,0,0.0000,,,,,FALSE,,,,,,,
RAZE,,,0,1,0,0.0000,,,,,FALSE,,,,,,,
RFSU,,,0,2,0,0.0000,,,,,FALSE,,,,,,,
RICE,1 home,21819 mariette buksti gram,0,1,1,0.0000,0.3575,0.1522,31,100.6669,TRUE,56.0000,0.9821,0.0000,56.0000,100.6669,0.0000,
RSVP International,,,0,6,0,0.0000,,,,,FALSE,,,,,,,
RUSSELL HOBBS,,,0,2,0,0.0000,,,,,FALSE,,,,,,,
Ragnarok,,,0,1,0,0.0000,,,,,FALSE,,,,,,,
Ralon Medical,,,0,1,0,0.0000,,,,,FALSE,,,,,,,
Ray-Ban,7 w access,25070 adam massigeh,0,2,0,0.0000,0.8022,0.8033,30,55.6018,FALSE,30.0000,0.0000,0.0000,30.0000,55.6018,0.0000,
Rebuilt,,,0,2,0,0.0000,,,,,FALSE,,,,,,,
Refectocil,,,0,4,0,0.0000,,,,,FALSE,,,,,,,
Regatta,,,0,1,0,0.0000,,,,,FALSE,,,,,,,
Reima,,,0,1,0,0.0000,,,,,FALSE,,,,,,,
Remington,,,0,11,0,0.0000,,,,,FALSE,,,,,,,
Remo,,,0,1,0,0.0000,,,,,FALSE,,,,,,,
Revlon,1 home,21819 mariette buksti gram,0,2,0,0.0000,0.6367,0.5919,14,62.9838,TRUE,14.0000,1.0000,0.0000,14.0000,62.9838,0.0000,
RevolutionRace,,,0,6,0,0.0000,,,,,FALSE,,,,,,,
Re—inc,,,0,1,0,0.0000,,,,,FALSE,,,,,,,
Rhino Horn,,,0,1,0,0.0000,,,,,FALSE,,,,,,,
Ringsted Dun,,,0,1,0,0.0000,,,,,FALSE,,,,,,,
Roborock,,,0,5,0,0.0000,,,,,FALSE,,,,,,,
Rockit,,,0,1,0,0.0000,,,,,FALSE,,,,,,,
Roundup,,,0,1,0,0.0000,,,,,FALSE,,,,,,,
Rubie's,,,0,1,0,0.0000,,,,,FALSE,,,,,,,
Rulopak,,,0,1,0,0.0000,,,,,FALSE,,,,,,,
Røde Kors,,,0,1,0,0.0000,,,,,FALSE,,,,,,,
Rømer,,,0,3,0,0.0000,,,,,FALSE,,,,,,,
SALTO KS,,,0,1,0,0.0000,,,,,FALSE,,,,,,,
SB12,,,0,1,0,0.0000,,,,,FALSE,,,,,,,
SCARPA,,,0,1,0,0.0000,,,,,FALSE,,,,,,,
SELECT,3 mens,20415 lotte skovaa,0,2,0,0.0000,1.3576,0.2498,56,78.8426,FALSE,70.0000,0.0429,0.0143,67.0000,78.5304,1.0000,99.7625
SENZ,,,0,7,0,0.0000,,,,,FALSE,,,,,,,
SEPHORA,,,0,3,0,0.0000,,,,,FALSE,,,,,,,
SIPO,,,0,1,0,0.0000,,,,,FALSE,,,,,,,
SKOLYX,,,0,1,0,0.0000,,,,,FALSE,,,,,,,
SOLS,,,0,1,0,0.0000,,,,,FALSE,,,,,,,
SONGMICS,,,0,3,0,0.0000,,,,,FALSE,,,,,,,
STADA,,,0,1,0,0.0000,,,,,FALSE,,,,,,,
STAR NUTRITION,,,0,1,0,0.0000,,,,,FALSE,,,,,,,
STARDROPS,,,0,1,0,0.0000,,,,,FALSE,,,,,,,
Sabre Paris,1 home,21819 mariette buksti gram,0,1,0,0.0000,0.1225,0.0970,63,90.2515,FALSE,72.0000,0.0000,0.0000,66.0000,90.2515,0.0000,
Salus,,,0,3,0,0.0000,,,,,FALSE,,,,,,,
Samsung,,,0,14,0,0.0000,,,,,FALSE,,,,,,,
Sandoz,,,0,2,0,0.0000,,,,,FALSE,,,,,,,
Sandstrøm,,,0,1,0,0.0000,,,,,FALSE,,,,,,,
Sauna4home,,,0,1,0,0.0000,,,,,FALSE,,,,,,,
Say,,,0,1,0,0.0000,,,,,FALSE,,,,,,,
Scandic Greenhouse,,,0,1,0,0.0000,,,,,FALSE,,,,,,,
Scanfit,,,0,1,0,0.0000,,,,,FALSE,,,,,,,
Scholl,,,0,10,0,0.0000,,,,,FALSE,,,,,,,
Schwarzkopf,,,0,9,0,0.0000,,,,,FALSE,,,,,,,
Schylling,,,0,3,0,0.0000,,,,,FALSE,,,,,,,
Scitec Nutrition,,,0,1,0,0.0000,,,,,FALSE,,,,,,,
Second Female,5 women,25070 adam massigeh,0,1,0,0.0000,0.6143,0.3333,33,107.2364,FALSE,249.0000,0.4378,0.4337,106.0000,92.7019,83.0000,125.7985
Segway-Ninebot,,,0,7,0,0.0000,,,,,FALSE,,,,,,,
Sembol,,,0,1,0,0.0000,,,,,FALSE,,,,,,,
Seniorlife,,,0,1,0,0.0000,,,,,FALSE,,,,,,,
Sensilab,,,0,2,0,0.0000,,,,,FALSE,,,,,,,
Senze,,,0,4,0,0.0000,,,,,FALSE,,,,,,,
Shimano,,,0,3,0,0.0000,,,,,FALSE,,,,,,,
Shock Absorber,,,0,1,0,0.0000,,,,,FALSE,,,,,,,
Shus,,,0,1,0,0.0000,,,,,FALSE,,,,,,,
Sideral,,,0,1,0,0.0000,,,,,FALSE,,,,,,,
Siemens,,,0,24,0,0.0000,,,,,FALSE,,,,,,,
Sika,,,0,1,0,0.0000,,,,,FALSE,,,,,,,
Sika Footwear,,,0,1,0,0.0000,,,,,FALSE,,,,,,,
Sistema,,,0,3,0,0.0000,,,,,FALSE,,,,,,,
Sisters Point,5 women,25070 adam massigeh,0,1,0,0.0000,0.4205,0.0379,76,134.7730,TRUE,347.0000,1.0000,0.3746,108.0000,105.4378,76.0000,176.4598
Siv,,,0,1,0,0.0000,,,,,FALSE,,,,,,,
Sjö & Hav,,,0,1,0,0.0000,,,,,FALSE,,,,,,,
Skagen Clothing,,,0,1,0,0.0000,,,,,FALSE,,,,,,,
Skall Studio,,,0,3,0,0.0000,,,,,FALSE,,,,,,,
Skinocare,,,0,2,0,0.0000,,,,,FALSE,,,,,,,
Skulpturfigur.Dk,,,0,1,0,0.0000,,,,,FALSE,,,,,,,
Sky,,,0,1,0,0.0000,,,,,FALSE,,,,,,,
Slate Jewelry,,,0,1,0,0.0000,,,,,FALSE,,,,,,,
Sleep Better,,,0,1,0,0.0000,,,,,FALSE,,,,,,,
Smart Stickers,,,0,1,0,0.0000,,,,,FALSE,,,,,,,
SmartStore,,,0,1,0,0.0000,,,,,FALSE,,,,,,,
Smartphoto,,,0,1,0,0.0000,,,,,FALSE,,,,,,,
Snickers,,,0,1,0,0.0000,,,,,FALSE,,,,,,,
Snoreeze,,,0,1,0,0.0000,,,,,FALSE,,,,,,,
SodaStream,,,0,4,0,0.0000,,,,,FALSE,,,,,,,
Solar,,,0,2,0,0.0000,,,,,FALSE,,,,,,,
Solar Plus,,,0,1,0,0.0000,,,,,FALSE,,,,,,,
Solaray,,,0,19,0,0.0000,,,,,FALSE,,,,,,,
Sonett,,,0,3,0,0.0000,,,,,FALSE,,,,,,,
Souper Cubes,,,0,1,0,0.0000,,,,,FALSE,,,,,,,
Spand,,,0,1,0,0.0000,,,,,FALSE,,,,,,,
Specialized,,,0,1,0,0.0000,,,,,FALSE,,,,,,,
Spegelshoppen,,,0,1,0,0.0000,,,,,FALSE,,,,,,,
Splash About,,,0,1,0,0.0000,,,,,FALSE,,,,,,,
Sportsbuddy,,,0,1,0,0.0000,,,,,FALSE,,,,,,,
Steba,,,0,1,0,0.0000,,,,,FALSE,,,,,,,
Steel Function,,,0,1,0,0.0000,,,,,FALSE,,,,,,,
Steelmate,,,0,3,0,0.0000,,,,,FALSE,,,,,,,
Stelrad,,,0,1,0,0.0000,,,,,FALSE,,,,,,,
Steradent,,,0,1,0,0.0000,,,,,FALSE,,,,,,,
Sterling Power,,,0,1,0,0.0000,,,,,FALSE,,,,,,,
Steve Madden,,,0,1,0,0.0000,,,,,FALSE,,,,,,,
Story,,,0,3,0,0.0000,,,,,FALSE,,,,,,,
Stradivarius,,,0,8,0,0.0000,,,,,FALSE,,,,,,,
Summerbird,11 food,61164 jacob bøgeholdt nielsen,0,1,0,0.0000,0.1636,0.1500,17,86.5368,FALSE,17.0000,0.0000,0.0000,17.0000,86.5368,0.0000,
Sungboon Editor,,,0,2,0,0.0000,,,,,FALSE,,,,,,,
SupCare,,,0,2,0,0.0000,,,,,FALSE,,,,,,,
SuperSox,,,0,1,0,0.0000,,,,,FALSE,,,,,,,
Superolie,,,0,1,0,0.0000,,,,,FALSE,,,,,,,
Swiffer,,,0,2,0,0.0000,,,,,FALSE,,,,,,,
Søstrene Grene,,,0,4,0,0.0000,,,,,FALSE,,,,,,,
TE Connectivity,,,0,1,0,0.0000,,,,,FALSE,,,,,,,
TECH-PROTECT,,,0,3,0,0.0000,,,,,FALSE,,,,,,,
TENA,,,0,4,0,0.0000,,,,,FALSE,,,,,,,
Tangle Teezer,8 cosmetics,,0,1,0,0.0000,0.2416,0.2416,1,80.5405,FALSE,3.0000,0.0000,0.0000,1.0000,80.5405,0.0000,
TePe,,,0,1,0,0.0000,,,,,FALSE,,,,,,,
TecTake,,,0,1,0,0.0000,,,,,FALSE,,,,,,,
Tekla,,,0,1,0,0.0000,,,,,FALSE,,,,,,,
Temashop,,,0,1,0,0.0000,,,,,FALSE,,,,,,,
Tempur,,,0,1,0,0.0000,,,,,FALSE,,,,,,,
Termo,,,0,1,0,0.0000,,,,,FALSE,,,,,,,
Teva,,,0,1,0,0.0000,,,,,FALSE,,,,,,,
Texas,,,0,4,0,0.0000,,,,,FALSE,,,,,,,
Thames & Kosmos,,,0,2,0,0.0000,,,,,FALSE,,,,,,,
The Birth Poster,,,0,1,0,0.0000,,,,,FALSE,,,,,,,
The Gel Collection,,,0,1,0,0.0000,,,,,FALSE,,,,,,,
The Unbranded Brand,,,0,4,0,0.0000,,,,,FALSE,,,,,,,
TheNap,,,0,20,0,0.0000,,,,,FALSE,,,,,,,
Thea,,,0,1,0,0.0000,,,,,FALSE,,,,,,,
Thealoz,,,0,2,0,0.0000,,,,,FALSE,,,,,,,
Thermex,,,0,1,0,0.0000,,,,,FALSE,,,,,,,
Thermos,1 home,21819 mariette buksti gram,0,1,0,0.0000,0.2818,0.1092,18,83.8880,TRUE,19.0000,1.0000,0.1053,17.0000,84.3100,2.0000,80.3010
Thibaut,,,0,1,0,0.0000,,,,,FALSE,,,,,,,
Tiger Balm,,,0,1,0,0.0000,,,,,FALSE,,,,,,,
Tommee Tippee,,,0,2,0,0.0000,,,,,FALSE,,,,,,,
Toppik,,,0,1,0,0.0000,,,,,FALSE,,,,,,,
Torriden,,,0,1,0,0.0000,,,,,FALSE,,,,,,,
Trendcarpet,,,0,4,0,0.0000,,,,,FALSE,,,,,,,
Tretorn,3 mens,,0,6,0,0.0000,0.3709,0.4284,11,74.5853,FALSE,12.0000,0.0000,0.0000,11.0000,74.5853,0.0000,
Triol,,,0,1,0,0.0000,,,,,FALSE,,,,,,,
Trip Trap,,,0,1,0,0.0000,,,,,FALSE,,,,,,,
Tristar,,,0,1,0,0.0000,,,,,FALSE,,,,,,,
True North,,,0,5,0,0.0000,,,,,FALSE,,,,,,,
Trump,,,0,1,0,0.0000,,,,,FALSE,,,,,,,
Tunturi,,,0,1,0,0.0000,,,,,FALSE,,,,,,,
Twistshake,,,0,3,0,0.0000,,,,,FALSE,,,,,,,
U-Care,,,0,1,0,0.0000,,,,,FALSE,,,,,,,
UNIPRODO,,,0,1,0,0.0000,,,,,FALSE,,,,,,,
UNIQ,,,0,1,0,0.0000,,,,,FALSE,,,,,,,
UNIQLO,,,0,5,0,0.0000,,,,,FALSE,,,,,,,
Ultra Clean,,,0,1,0,0.0000,,,,,FALSE,,,,,,,
Umberto Giannini,,,0,1,0,0.0000,,,,,FALSE,,,,,,,
Unikalk,,,0,6,0,0.0000,,,,,FALSE,,,,,,,
United Scientific,,,0,1,0,0.0000,,,,,FALSE,,,,,,,
Urban Outfitters,,,0,1,0,0.0000,,,,,FALSE,,,,,,,
Urberg,,,0,4,0,0.0000,,,,,FALSE,,,,,,,
Urtegaarden,,,0,7,0,0.0000,,,,,FALSE,,,,,,,
Urtekram,,,0,1,0,0.0000,,,,,FALSE,,,,,,,
V-TAC,,,0,1,0,0.0000,,,,,FALSE,,,,,,,
VILA,5 women,,0,4,0,0.0000,0.4127,0.3130,37,89.3313,FALSE,70.0000,0.2286,0.0000,62.0000,89.3313,0.0000,
Vagabond Shoemakers,,,0,3,0,0.0000,,,,,FALSE,,,,,,,
Val Med,,,0,9,0,0.0000,,,,,FALSE,,,,,,,
Vanilla Copenhagen,2 kids,,0,1,0,0.0000,0.2371,0.2178,38,95.4263,TRUE,67.0000,1.0000,0.0000,63.0000,95.4263,0.0000,
Veet,,,0,4,0,0.0000,,,,,FALSE,,,,,,,
Venderby's,,,0,1,0,0.0000,,,,,FALSE,,,,,,,
Veneta,,,0,1,0,0.0000,,,,,FALSE,,,,,,,
Venilia,,,0,1,0,0.0000,,,,,FALSE,,,,,,,
ViSSEVASSE,1 home,,0,1,0,0.0000,,,,100.0000,FALSE,2.0000,0.0000,0.0000,2.0000,100.0000,0.0000,
Viamaja,,,0,34,0,0.0000,,,,,FALSE,,,,,,,
Vichy,,,0,5,0,0.0000,,,,,FALSE,,,,,,,
Vicks,,,0,1,0,0.0000,,,,,FALSE,,,,,,,
Vileda,,,0,3,0,0.0000,,,,,FALSE,,,,,,,
Vincent Longo,,,0,1,0,0.0000,,,,,FALSE,,,,,,,
Vit,,,0,1,0,0.0000,,,,,FALSE,,,,,,,
Vita Yummy,,,0,1,0,0.0000,,,,,FALSE,,,,,,,
VitaCare,,,0,1,0,0.0000,,,,,FALSE,,,,,,,
Vitabalans,,,0,1,0,0.0000,,,,,FALSE,,,,,,,
Vitacreme B12,,,0,1,0,0.0000,,,,,FALSE,,,,,,,
VitaePro,,,0,1,0,0.0000,,,,,FALSE,,,,,,,
Vitavia,,,0,1,0,0.0000,,,,,FALSE,,,,,,,
Vitility,,,0,1,0,0.0000,,,,,FALSE,,,,,,,
Vivita™,,,0,1,0,0.0000,,,,,FALSE,,,,,,,
Voksi,,,0,6,0,0.0000,,,,,FALSE,,,,,,,
Vortex Racing,,,0,1,0,0.0000,,,,,FALSE,,,,,,,
WORX,,,0,6,0,0.0000,,,,,FALSE,,,,,,,
Wahl,1 home,21819 mariette buksti gram,0,1,0,0.0000,0.4372,0.4028,19,78.8096,TRUE,25.0000,1.0000,0.0000,23.0000,78.8096,0.0000,
Wasco,,,0,14,0,0.0000,,,,,FALSE,,,,,,,
Watery,,,0,1,0,0.0000,,,,,FALSE,,,,,,,
Wattson,,,0,2,0,0.0000,,,,,FALSE,,,,,,,
Weather Report,3 mens,,0,6,0,0.0000,0.8478,0.8478,2,56.8193,FALSE,2.0000,0.0000,0.0000,2.0000,56.8193,0.0000,
Weber,,,0,2,0,0.0000,,,,,FALSE,,,,,,,
Weekday,,,0,9,0,0.0000,,,,,FALSE,,,,,,,
Weiber,,,0,1,0,0.0000,,,,,FALSE,,,,,,,
WeightWorld,,,0,17,0,0.0000,,,,,FALSE,,,,,,,
Wellvita,,,0,1,0,0.0000,,,,,FALSE,,,,,,,
Wera,,,0,1,0,0.0000,,,,,FALSE,,,,,,,
Whirlpool,,,0,1,0,0.0000,,,,,FALSE,,,,,,,
Whistler,3 mens,,0,3,0,0.0000,0.6040,0.5498,6,65.0538,FALSE,7.0000,0.0000,0.0000,6.0000,65.0538,0.0000,
Widmann,,,0,2,0,0.0000,,,,,FALSE,,,,,,,
Wilbers,,,0,1,0,0.0000,,,,,FALSE,,,,,,,
Wild,,,0,1,0,0.0000,,,,,FALSE,,,,,,,
Winther Studio,,,0,1,0,0.0000,,,,,FALSE,,,,,,,
Wispy,,,0,2,0,0.0000,,,,,FALSE,,,,,,,
Withings,,,0,1,0,0.0000,,,,,FALSE,,,,,,,
Xiaomi,,,0,1,0,0.0000,,,,,FALSE,,,,,,,
Xocolatl,11 food,61164 jacob bøgeholdt nielsen,0,1,0,0.0000,0.0998,0.0848,7,95.6126,FALSE,14.0000,0.0000,0.0000,14.0000,95.6126,0.0000,
Y.A.S,5 women,25070 adam massigeh,0,1,0,0.0000,0.3968,0.2959,40,104.5788,TRUE,90.0000,0.9667,0.1889,58.0000,89.7984,12.0000,176.0177
YETI,,,0,1,0,0.0000,,,,,FALSE,,,,,,,
Yeelight,,,0,1,0,0.0000,,,,,FALSE,,,,,,,
Yes,,,0,2,0,0.0000,,,,,FALSE,,,,,,,
Youngblood,,,0,1,0,0.0000,,,,,FALSE,,,,,,,
Yuaia Haircare,,,0,15,0,0.0000,,,,,FALSE,,,,,,,
Yummii Yummii,,,0,1,0,0.0000,,,,,FALSE,,,,,,,
ZTE,,,0,1,0,0.0000,,,,,FALSE,,,,,,,
Zeller Present,,,0,1,0,0.0000,,,,,FALSE,,,,,,,
Zig Zag,,,0,7,0,0.0000,,,,,FALSE,,,,,,,
Zone Perfect,,,0,1,0,0.0000,,,,,FALSE,,,,,,,
Zwitscherbox,,,0,1,0,0.0000,,,,,FALSE,,,,,,,
aida,,,0,6,0,0.0000,,,,,FALSE,,,,,,,
arena,3 mens,20415 lotte skovaa,0,2,0,0.0000,,,,171.5580,FALSE,2.0000,1.0000,1.0000,0.0000,,2.0000,171.5580
benuta,,,0,3,0,0.0000,,,,,FALSE,,,,,,,
buchan,,,0,2,0,0.0000,,,,,FALSE,,,,,,,
d-c-fix,,,0,2,0,0.0000,,,,,FALSE,,,,,,,
e-skilte,,,0,1,0,0.0000,,,,,FALSE,,,,,,,
e.l.f.,,,0,3,0,0.0000,,,,,FALSE,,,,,,,
edding,,,0,1,0,0.0000,,,,,FALSE,,,,,,,
essence,,,0,3,0,0.0000,,,,,FALSE,,,,,,,
fati,,,0,1,0,0.0000,,,,,FALSE,,,,,,,
formoline,,,0,4,0,0.0000,,,,,FALSE,,,,,,,
haruharu Wonder USA Official,,,0,1,0,0.0000,,,,,FALSE,,,,,,,
hylo,,,0,5,0,0.0000,,,,,FALSE,,,,,,,
iRobot,1 home,21819 mariette buksti gram,0,1,0,0.0000,0.5752,0.5752,1,63.4853,FALSE,1.0000,1.0000,0.0000,1.0000,63.4853,0.0000,
iets frans...,,,0,1,0,0.0000,,,,,FALSE,,,,,,,
invisibobble,,,0,1,0,0.0000,,,,,FALSE,,,,,,,
kraes,,,0,2,0,0.0000,,,,,FALSE,,,,,,,
love & divine,5 women,25070 adam massigeh,0,1,0,0.0000,0.2811,0.0701,102,135.7573,TRUE,257.0000,1.0000,0.5914,80.0000,113.8729,140.0000,148.2627
mama;licious,6 lingerie,,0,2,0,0.0000,0.6087,0.4941,19,70.4707,FALSE,29.0000,0.0000,0.0000,22.0000,70.4707,0.0000,
next,,,0,5,0,0.0000,,,,,FALSE,,,,,,,
noname,,,0,1,0,0.0000,,,,,FALSE,,,,,,,
numoco,,,0,1,0,0.0000,,,,,FALSE,,,,,,,
prev,,,0,1,0,0.0000,,,,,FALSE,,,,,,,
proSan,,,0,1,0,0.0000,,,,,FALSE,,,,,,,
reer,,,0,1,0,0.0000,,,,,FALSE,,,,,,,
satana,,,0,3,0,0.0000,,,,,FALSE,,,,,,,
stylpro,,,0,1,0,0.0000,,,,,FALSE,,,,,,,
tesa,,,0,1,0,0.0000,,,,,FALSE,,,,,,,
vidaXL,,,0,3,0,0.0000,,,,,FALSE,,,,,,,
wasco clean,,,0,2,0,0.0000,,,,,FALSE,,,,,,,
!solid,3 mens,20415 lotte skovaa,0,0,0,,0.6053,0.2500,164,87.1678,TRUE,278.0000,1.0000,0.3345,146.0000,75.7138,72.0000,110.3941
&klevering,1 home,,0,0,0,,0.0158,0.0158,2,104.7084,FALSE,16.0000,0.0000,0.0000,7.0000,104.7084,0.0000,
111 skin,8 cosmetics,21819 mariette buksti gram,0,0,0,,0.4354,0.5818,3,109.3272,FALSE,9.0000,0.0000,0.0000,9.0000,109.3272,0.0000,
24bottles,1 home,21819 mariette buksti gram,0,0,0,,0.2302,0.1765,49,89.6188,TRUE,60.0000,1.0000,0.0167,58.0000,88.7501,1.0000,140.0000
2ndday,5 women,25070 adam massigeh,0,0,0,,0.9195,1.0067,3,226.6379,FALSE,37.0000,0.7568,0.7568,3.0000,56.5694,19.0000,253.4908
2xu,3 mens,,0,0,0,,0.8318,0.8318,2,54.6216,FALSE,2.0000,0.0000,0.0000,2.0000,54.6216,0.0000,
3-2-6,2 kids,20415 lotte skovaa,0,0,0,,0.2792,0.2023,30,83.7419,FALSE,34.0000,0.0000,0.0000,33.0000,83.7419,0.0000,
4-girlz,2 kids,20415 lotte skovaa,0,0,0,,0.4020,0.3848,51,78.4831,FALSE,65.0000,0.0154,0.0000,62.0000,78.4831,0.0000,
4-kids,2 kids,20415 lotte skovaa,0,0,0,,0.3907,0.3270,5,73.0424,FALSE,5.0000,0.0000,0.0000,5.0000,73.0424,0.0000,
47 brand,3 mens,,0,0,0,,0.3886,0.4224,27,75.4779,FALSE,28.0000,0.0000,0.0000,28.0000,75.4779,0.0000,
5 surprices,2 kids,,0,0,0,,0.0755,0.0755,2,92.9897,FALSE,2.0000,0.0000,0.0000,2.0000,92.9897,0.0000,
7 days active,5 women,25070 adam massigeh,0,0,0,,0.3490,0.2694,18,111.1523,TRUE,44.0000,0.9091,0.1591,28.0000,89.8337,5.0000,230.5363
7am,2 kids,,0,0,0,,,,,115.8410,FALSE,20.0000,0.0000,0.0000,2.0000,115.8410,0.0000,
A beautiful story,7 w access,20415 lotte skovaa,0,0,0,,,,,138.0775,FALSE,16.0000,1.0000,0.1250,1.0000,138.0775,0.0000,
A-view,5 women,25070 adam massigeh,0,0,0,,0.2815,0.2512,60,110.1224,TRUE,274.0000,1.0000,0.2409,138.0000,106.9177,40.0000,121.1784
Aarke kitchenware,1 home,21819 mariette buksti gram,0,0,0,,0.1409,0.0839,28,91.8203,TRUE,33.0000,0.3333,0.0000,33.0000,91.8203,0.0000,
Abercrombie & fitch,8 cosmetics,,0,0,0,,0.9440,0.7431,58,64.3128,TRUE,63.0000,1.0000,0.0000,63.0000,64.3128,0.0000,
Abib,8 cosmetics,,0,0,0,,0.3469,0.3974,4,75.2765,TRUE,4.0000,1.0000,0.0000,4.0000,75.2765,0.0000,
Acqua di parma,8 cosmetics,21819 mariette buksti gram,0,0,0,,0.6784,0.7049,45,64.2449,FALSE,54.0000,0.0000,0.0000,48.0000,64.2449,0.0000,
Actiivate,3 mens,20415 lotte skovaa,0,0,0,,0.5587,0.5587,1,129.3907,FALSE,30.0000,0.2667,0.2667,18.0000,98.0088,8.0000,200.0000
Adidas originals,7 w access,25070 adam massigeh,0,0,0,,0.3062,0.2338,57,85.2735,TRUE,78.0000,1.0000,0.1667,60.0000,85.9741,12.0000,81.7704
Adopt me,2 kids,20415 lotte skovaa,0,0,0,,0.1707,0.1707,1,130.0712,FALSE,2.0000,0.0000,0.0000,2.0000,130.0712,0.0000,
Adriatic,2 kids,20415 lotte skovaa,0,0,0,,1.4446,1.4446,2,42.5164,FALSE,2.0000,0.0000,0.0000,2.0000,42.5164,0.0000,
Aerin,8 cosmetics,21819 mariette buksti gram,0,0,0,,0.3532,0.2723,11,115.1355,FALSE,37.0000,1.0000,0.0000,37.0000,115.1355,0.0000,
Aerolatte,1 home,,0,0,0,,0.7420,0.7420,1,57.4038,FALSE,1.0000,0.0000,0.0000,1.0000,57.4038,0.0000,
Aeropress,1 home,,0,0,0,,0.2378,0.1773,12,87.0942,FALSE,14.0000,0.0000,0.0000,14.0000,87.0942,0.0000,
Aesop,8 cosmetics,21819 mariette buksti gram,0,0,0,,0.2527,0.1877,145,83.7711,FALSE,163.0000,0.0000,0.0000,156.0000,83.7711,0.0000,
Aima sense,8 cosmetics,75404 jonas linding berg,0,0,0,,0.1695,0.1695,1,95.1691,FALSE,6.0000,0.0000,0.0000,3.0000,95.1691,0.0000,
Airbox,3 mens,,0,0,0,,0.2932,0.2755,12,85.4557,FALSE,15.0000,0.6000,0.6000,6.0000,64.1378,9.0000,99.6676
Airbrush plush,2 kids,,0,0,0,,0.6080,0.5330,3,63.9712,FALSE,3.0000,0.0000,0.0000,3.0000,63.9712,0.0000,
Airshoot,2 kids,20415 lotte skovaa,0,0,0,,0.3842,0.3842,2,72.2455,FALSE,3.0000,0.0000,0.0000,2.0000,72.2455,0.0000,
Alaïa vintage,7 w access,,0,0,0,,,,,,FALSE,2.0000,0.0000,0.0000,,,,
Aldo,7 w access,,0,0,0,,0.3631,0.2311,16,80.4976,TRUE,30.0000,0.9333,0.0667,17.0000,81.3888,1.0000,65.3456
Alexander wang vintage,7 w access,,0,0,0,,,,,,FALSE,1.0000,0.0000,0.0000,,,,
Alfi,1 home,21819 mariette buksti gram,0,0,0,,0.3692,0.2560,15,77.0380,TRUE,15.0000,0.4000,0.0000,15.0000,77.0380,0.0000,
Alga spil,2 kids,,0,0,0,,0.7899,0.8176,3,55.9904,FALSE,3.0000,0.0000,0.0000,3.0000,55.9904,0.0000,
Alis,3 mens,,0,0,0,,0.4252,0.2539,9,93.7610,FALSE,19.0000,0.1579,0.1579,15.0000,85.5687,3.0000,134.7222
Allmatters,8 cosmetics,75404 jonas linding berg,0,0,0,,0.8009,0.6433,28,59.1846,FALSE,28.0000,0.0000,0.0000,28.0000,59.1846,0.0000,
Almuegaarden,11 food,61164 jacob bøgeholdt nielsen,0,0,0,,0.2263,0.2564,24,91.6414,FALSE,85.0000,0.0000,0.0000,43.0000,91.6414,0.0000,
Alpha-h,8 cosmetics,,0,0,0,,0.5000,0.5000,1,66.6667,FALSE,1.0000,1.0000,0.0000,1.0000,66.6667,0.0000,
Alziari,11 food,,0,0,0,,0.4350,0.4350,2,74.3668,FALSE,2.0000,0.0000,0.0000,2.0000,74.3668,0.0000,
Alûstre,8 cosmetics,21819 mariette buksti gram,0,0,0,,1.5816,1.0100,4,54.5824,FALSE,4.0000,0.5000,0.5000,2.0000,59.4135,2.0000,49.7512
Amanda christensen,3 mens,20415 lotte skovaa,0,0,0,,0.3962,0.3128,38,95.8530,TRUE,274.0000,0.2372,0.1460,72.0000,94.9565,1.0000,160.4010
Amazing space,8 cosmetics,,0,0,0,,,,,100.0000,FALSE,1.0000,0.0000,0.0000,1.0000,100.0000,0.0000,
American tourister,3 mens,20415 lotte skovaa,0,0,0,,0.7080,0.7329,12,58.5974,FALSE,12.0000,0.0000,0.0000,12.0000,58.5974,0.0000,
American vintage,5 women,25070 adam massigeh,0,0,0,,0.4026,0.2140,53,95.5732,FALSE,121.0000,0.0909,0.0909,83.0000,86.1959,4.0000,290.1538
Amika,8 cosmetics,21819 mariette buksti gram,0,0,0,,0.4350,0.3879,32,70.8105,FALSE,33.0000,0.0000,0.0000,32.0000,70.8105,0.0000,
Amouage,8 cosmetics,21819 mariette buksti gram,0,0,0,,0.2212,0.1195,29,85.0830,FALSE,34.0000,0.0000,0.0000,31.0000,85.0830,0.0000,
Amust,7 w access,,0,0,0,,,,,,TRUE,12.0000,1.0000,0.1667,,,,
Anastasia beverly hills,8 cosmetics,21819 mariette buksti gram,0,0,0,,0.4276,0.3580,229,73.2831,FALSE,237.0000,0.0084,0.0084,235.0000,72.9874,2.0000,108.0210
Anine bing,5 women,,0,0,0,,0.2461,0.0715,21,98.7858,FALSE,41.0000,0.1220,0.1220,21.0000,84.6047,4.0000,173.2369
Anker chokolade,11 food,,0,0,0,,0.1528,0.1287,14,91.4603,FALSE,35.0000,0.0000,0.0000,19.0000,91.4603,0.0000,
Anna von lipa,1 home,21819 mariette buksti gram,0,0,0,,,,,,FALSE,2.0000,0.0000,0.0000,,,,
Anna+nina,1 home,,0,0,0,,,,,,FALSE,1.0000,1.0000,1.0000,,,,
Annarr,3 mens,20415 lotte skovaa,0,0,0,,0.5833,0.5000,3,117.3684,TRUE,27.0000,0.3704,0.3704,10.0000,93.0000,9.0000,144.4444
Anonymous copenhagen,7 w access,25070 adam massigeh,0,0,0,,0.2972,0.2821,6,113.8507,TRUE,27.0000,1.0000,0.0000,19.0000,113.8507,0.0000,
Anysharp,1 home,21819 mariette buksti gram,0,0,0,,0.8653,0.8653,1,53.6107,FALSE,1.0000,0.0000,0.0000,1.0000,53.6107,0.0000,
Aphmau,2 kids,20415 lotte skovaa,0,0,0,,0.2593,0.2585,7,80.3641,FALSE,7.0000,0.0000,0.0000,7.0000,80.3641,0.0000,
Aplb,8 cosmetics,,0,0,0,,0.3186,0.3159,4,76.0594,TRUE,4.0000,1.0000,0.0000,4.0000,76.0594,0.0000,
Aquaplay,2 kids,,0,0,0,,0.5207,0.5207,1,65.7582,FALSE,1.0000,0.0000,0.0000,1.0000,65.7582,0.0000,
Aramis,8 cosmetics,,0,0,0,,0.5113,0.1642,11,86.7434,FALSE,13.0000,1.0000,0.0000,13.0000,86.7434,0.0000,
Architectmade,1 home,21819 mariette buksti gram,0,0,0,,0.3365,0.1945,18,84.9148,FALSE,27.0000,0.0000,0.0000,25.0000,84.9148,0.0000,
Arctic,1 home,,0,0,0,,0.0005,0.0005,1,99.9499,FALSE,1.0000,1.0000,0.0000,1.0000,99.9499,0.0000,
Arkk copenhagen,3 mens,,0,0,0,,0.2650,0.1785,25,96.8212,TRUE,61.0000,0.5574,0.2459,31.0000,89.2115,10.0000,120.4115
Armani exchange,7 w access,,0,0,0,,0.8673,0.8673,2,53.5923,FALSE,3.0000,0.0000,0.0000,2.0000,53.5923,0.0000,
Arne jacobsen clocks,1 home,21819 mariette buksti gram,0,0,0,,0.3993,0.3770,18,71.8810,FALSE,18.0000,1.0000,0.0000,18.0000,71.8810,0.0000,
Aros danmark,7 w access,20415 lotte skovaa,0,0,0,,1.7980,1.7980,1,81.1460,FALSE,3.0000,0.0000,0.0000,3.0000,81.1460,0.0000,
Artkids,2 kids,20415 lotte skovaa,0,0,0,,0.3140,0.2772,16,89.8003,FALSE,24.0000,0.0000,0.0000,22.0000,89.8003,0.0000,
Asivik,3 mens,20415 lotte skovaa,0,0,0,,1.0017,0.6408,5,53.3703,FALSE,160.0000,0.1500,0.0625,5.0000,53.3703,0.0000,
Atelier des ors,8 cosmetics,21819 mariette buksti gram,0,0,0,,0.5538,0.4057,26,69.1938,FALSE,27.0000,0.0000,0.0000,27.0000,69.1938,0.0000,
Atelier materi,8 cosmetics,21819 mariette buksti gram,0,0,0,,0.0998,0.0998,1,130.8722,FALSE,18.0000,1.0000,0.0000,16.0000,130.8722,0.0000,
Atelier rêve,5 women,25070 adam massigeh,0,0,0,,0.3703,0.3985,21,106.4618,FALSE,104.0000,1.0000,1.0000,0.0000,,29.0000,106.4618
Atkinsons,8 cosmetics,21819 mariette buksti gram,0,0,0,,0.6608,0.7534,15,64.2163,FALSE,17.0000,0.0000,0.0000,15.0000,64.2163,0.0000,
Atp atelier,7 w access,,0,0,0,,0.1081,0.0577,19,93.3072,FALSE,29.0000,0.0000,0.0000,23.0000,93.3072,0.0000,
Au maison,1 home,21819 mariette buksti gram,0,0,0,,0.2935,0.0902,4,129.8880,TRUE,13.0000,1.0000,0.2308,8.0000,104.4573,1.0000,333.3333
Aubade,6 lingerie,20415 lotte skovaa,0,0,0,,0.4266,0.3333,25,99.7725,FALSE,135.0000,0.1926,0.1704,62.0000,91.1292,8.0000,166.7582
Audo copenhagen,1 home,21819 mariette buksti gram,0,0,0,,0.3507,0.1209,12,86.7413,FALSE,16.0000,1.0000,0.0000,16.0000,86.7413,0.0000,
Augustinus bader,8 cosmetics,21819 mariette buksti gram,0,0,0,,0.2152,0.3170,66,84.0762,FALSE,68.0000,0.0000,0.0000,68.0000,84.0762,0.0000,
Australian gold,8 cosmetics,,0,0,0,,0.3809,0.4167,55,75.9190,TRUE,61.0000,1.0000,0.0000,58.0000,75.9190,0.0000,
Authentic beauty concept,8 cosmetics,,0,0,0,,0.0738,0.0738,1,99.3748,FALSE,26.0000,0.0000,0.0000,11.0000,99.3748,0.0000,
Autry,3 mens,,0,0,0,,0.0381,0.0350,3,97.2647,FALSE,19.0000,0.0000,0.0000,4.0000,97.2647,0.0000,
Auzou,2 kids,20415 lotte skovaa,0,0,0,,0.2353,0.2505,26,82.7559,FALSE,28.0000,0.0000,0.0000,28.0000,82.7559,0.0000,
Aveda,8 cosmetics,,0,0,0,,0.5467,0.5649,125,70.8534,TRUE,139.0000,0.1942,0.0000,136.0000,70.8534,0.0000,
Avengers,2 kids,20415 lotte skovaa,0,0,0,,0.8214,0.7387,3,56.6259,FALSE,3.0000,0.0000,0.0000,3.0000,56.6259,0.0000,
Avolt,1 home,,0,0,0,,0.2782,0.2712,31,84.0395,FALSE,40.0000,0.0000,0.0000,40.0000,84.0395,0.0000,
Aware,5 women,25070 adam massigeh,0,0,0,,0.3807,0.2553,27,137.2180,TRUE,134.0000,1.0000,0.2388,65.0000,108.8118,23.0000,217.4963
Axis-y,8 cosmetics,21819 mariette buksti gram,0,0,0,,0.9860,0.8934,16,51.6605,TRUE,16.0000,1.0000,0.0000,16.0000,51.6605,0.0000,
Ay studios,3 mens,20415 lotte skovaa,0,0,0,,0.3707,0.2361,10,102.6443,FALSE,46.0000,1.0000,0.0000,44.0000,102.6443,0.0000,
Aya & ida,1 home,,0,0,0,,0.5825,0.6077,38,65.0238,FALSE,39.0000,0.0000,0.0000,39.0000,65.0238,0.0000,
Aytm,1 home,,0,0,0,,0.3363,0.3363,2,76.0276,FALSE,2.0000,0.5000,0.0000,2.0000,76.0276,0.0000,
Ayu,8 cosmetics,21819 mariette buksti gram,0,0,0,,0.4163,0.2584,6,97.5304,TRUE,16.0000,1.0000,0.0000,16.0000,97.5304,0.0000,
Ayunche,8 cosmetics,,0,0,0,,1.0354,0.8372,8,54.1116,TRUE,10.0000,0.0000,0.0000,8.0000,54.1116,0.0000,
B beez,2 kids,20415 lotte skovaa,0,0,0,,0.3269,0.3331,27,87.8334,FALSE,50.0000,0.0000,0.0000,42.0000,87.8334,0.0000,
BY TERRY,8 cosmetics,21819 mariette buksti gram,0,0,1,,0.5334,0.4435,135,72.0931,TRUE,149.0000,0.1342,0.0000,149.0000,72.0931,0.0000,
Ba&sh,5 women,25070 adam massigeh,0,0,0,,0.1458,0.1517,8,98.2356,TRUE,39.0000,1.0000,0.1282,11.0000,99.3739,1.0000,85.7143
Babolat,3 mens,,0,0,0,,0.7496,0.7496,2,60.2798,FALSE,2.0000,0.5000,0.0000,2.0000,60.2798,0.0000,
Babor,8 cosmetics,21819 mariette buksti gram,0,0,0,,0.3155,0.3030,93,81.7635,TRUE,107.0000,0.9065,0.0000,105.0000,81.7635,0.0000,
Baby born,2 kids,20415 lotte skovaa,0,0,0,,0.7194,0.6272,19,59.6560,FALSE,19.0000,0.0000,0.0000,19.0000,59.6560,0.0000,
Baby buddy,2 kids,20415 lotte skovaa,0,0,0,,0.3938,0.3119,22,73.9150,FALSE,22.0000,0.0000,0.0000,22.0000,73.9150,0.0000,
Badeanstalten,8 cosmetics,21819 mariette buksti gram,0,0,0,,0.2301,0.1290,44,85.6517,TRUE,49.0000,0.8571,0.0000,49.0000,85.6517,0.0000,
Bagsværd lakrids,11 food,61164 jacob bøgeholdt nielsen,0,0,0,,0.2695,0.1921,22,84.2452,FALSE,24.0000,0.0000,0.0000,24.0000,84.2452,0.0000,
Baldessarini,3 mens,20415 lotte skovaa,0,0,0,,,,,155.1835,FALSE,9.0000,1.0000,1.0000,0.0000,,2.0000,155.1835
Balenciaga vintage,7 w access,,0,0,0,,0.2469,0.2469,1,80.1958,FALSE,352.0000,0.0000,0.0000,1.0000,80.1958,0.0000,
Bali body,8 cosmetics,21819 mariette buksti gram,0,0,0,,0.9663,0.6354,6,87.3661,FALSE,16.0000,0.0000,0.0000,14.0000,87.3661,0.0000,
Balmain,8 cosmetics,,0,0,0,,0.0385,0.0385,1,129.7912,TRUE,39.0000,1.0000,0.0000,39.0000,129.7912,0.0000,
Bamix,1 home,21819 mariette buksti gram,0,0,0,,0.1932,0.0667,3,97.2810,TRUE,5.0000,1.0000,0.0000,5.0000,97.2810,0.0000,
Banana moon,6 lingerie,20415 lotte skovaa,0,0,0,,1.2279,1.2347,3,44.8865,FALSE,4.0000,0.0000,0.0000,3.0000,44.8865,0.0000,
Bang & olufsen,1 home,21819 mariette buksti gram,0,0,0,,0.3621,0.2033,19,85.1762,FALSE,22.0000,0.0000,0.0000,22.0000,85.1762,0.0000,
Bangle up,7 w access,,0,0,0,,,,,,FALSE,56.0000,0.0000,0.0000,,,,
Baratza,1 home,21819 mariette buksti gram,0,0,0,,0.0861,0.1160,3,95.8649,TRUE,4.0000,1.0000,0.0000,4.0000,95.8649,0.0000,
Barbie,2 kids,20415 lotte skovaa,0,0,0,,0.8504,0.7543,66,56.5427,FALSE,66.0000,0.0000,0.0000,66.0000,56.5427,0.0000,
Bareminerals,8 cosmetics,21819 mariette buksti gram,0,0,0,,0.6572,0.3388,344,68.3156,TRUE,366.0000,0.0874,0.0109,361.0000,68.0151,4.0000,95.4327
Barfod,3 mens,20415 lotte skovaa,0,0,0,,,,,,TRUE,6.0000,1.0000,0.8333,,,,
Barista,1 home,21819 mariette buksti gram,0,0,0,,0.2562,0.2562,1,79.6070,FALSE,1.0000,1.0000,0.0000,1.0000,79.6070,0.0000,
Barons,3 mens,20415 lotte skovaa,0,0,0,,,,,,FALSE,69.0000,0.0725,0.0725,,,,
Barú,11 food,61164 jacob bøgeholdt nielsen,0,0,0,,0.0801,0.0677,8,92.6968,FALSE,9.0000,0.0000,0.0000,8.0000,92.6968,0.0000,
Baserange,5 women,25070 adam massigeh,0,0,0,,,,,,FALSE,7.0000,0.7143,0.7143,,,,
Bastian,1 home,21819 mariette buksti gram,0,0,0,,0.6423,0.5402,46,66.9725,FALSE,48.0000,0.4375,0.0833,44.0000,65.3826,4.0000,84.4610
Batiste,8 cosmetics,21819 mariette buksti gram,0,0,0,,0.3361,0.3980,13,75.5035,FALSE,13.0000,0.0000,0.0000,13.0000,75.5035,0.0000,
Batman,2 kids,20415 lotte skovaa,0,0,0,,0.7906,0.7553,6,56.6800,FALSE,6.0000,0.0000,0.0000,6.0000,56.6800,0.0000,
Baum und pferdgarten,5 women,25070 adam massigeh,0,0,0,,0.3917,0.2502,64,96.3725,FALSE,133.0000,0.2406,0.2406,91.0000,86.0708,25.0000,133.8710
Bdk,8 cosmetics,21819 mariette buksti gram,0,0,0,,0.3791,0.2752,42,81.9373,FALSE,54.0000,0.0000,0.0000,54.0000,81.9373,0.0000,
Beast,1 home,,0,0,0,,0.0784,0.0619,13,93.0572,TRUE,14.0000,0.3571,0.2857,9.0000,90.0318,4.0000,99.8643
Beauty blender,8 cosmetics,21819 mariette buksti gram,0,0,0,,0.8271,0.6911,4,64.8414,FALSE,8.0000,0.2500,0.2500,5.0000,64.8414,0.0000,
Bechristensen,7 w access,20415 lotte skovaa,0,0,0,,0.3112,0.2626,3,95.1429,TRUE,94.0000,0.0000,0.0000,12.0000,95.1429,0.0000,
Beckmann of norway,2 kids,20415 lotte skovaa,0,0,0,,0.2531,0.0714,23,125.7965,TRUE,93.0000,1.0000,0.0000,92.0000,125.7965,0.0000,
Beesafe,3 mens,,0,0,0,,0.1978,0.1978,2,83.6806,FALSE,2.0000,0.0000,0.0000,2.0000,83.6806,0.0000,
Belif,8 cosmetics,21819 mariette buksti gram,0,0,0,,0.4323,0.4472,5,107.3777,FALSE,9.0000,0.4444,0.1111,8.0000,107.3777,0.0000,
Bella ballou,7 w access,25070 adam massigeh,0,0,0,,0.7317,0.2917,8,104.3024,TRUE,82.0000,1.0000,0.0854,21.0000,111.1996,7.0000,83.6109
Benefit cosmetics,8 cosmetics,21819 mariette buksti gram,0,0,0,,0.5846,0.4235,258,73.4405,FALSE,323.0000,0.0433,0.0093,289.0000,72.9370,3.0000,121.9424
Benriner,1 home,21819 mariette buksti gram,0,0,0,,0.2330,0.2584,4,85.1595,FALSE,5.0000,1.0000,0.0000,5.0000,85.1595,0.0000,
Bergs potter,1 home,,0,0,0,,0.4014,0.2923,14,87.6940,FALSE,29.0000,0.0000,0.0000,26.0000,87.6940,0.0000,
Betty & co,5 women,25070 adam massigeh,0,0,0,,0.1765,0.1765,1,96.2500,TRUE,57.0000,0.0702,0.0702,4.0000,96.2500,0.0000,
Betty barclay,5 women,25070 adam massigeh,0,0,0,,0.2301,0.1765,9,108.0229,TRUE,142.0000,0.1549,0.1479,52.0000,97.0977,9.0000,171.1465
Bezzer wizzer,2 kids,,0,0,0,,6.2487,6.2487,1,13.7955,FALSE,1.0000,0.0000,0.0000,1.0000,13.7955,0.0000,
Bibilou,7 w access,25070 adam massigeh,0,0,0,,,,,,FALSE,3.0000,0.3333,0.3333,,,,
Biird,8 cosmetics,75404 jonas linding berg,0,0,0,,,,,116.7318,FALSE,8.0000,0.0000,0.0000,5.0000,116.7318,0.0000,
Bijoux indiscrets,8 cosmetics,,0,0,0,,0.2561,0.2326,3,95.4275,FALSE,12.0000,0.0000,0.0000,9.0000,95.4275,0.0000,
Bildits,2 kids,,0,0,0,,0.5736,0.5736,1,63.5481,FALSE,1.0000,0.0000,0.0000,1.0000,63.5481,0.0000,
Billie eilish,8 cosmetics,21819 mariette buksti gram,0,0,0,,0.3641,0.2130,13,82.7145,TRUE,16.0000,0.9375,0.0000,16.0000,82.7145,0.0000,
Bio plastic,2 kids,,0,0,0,,0.4634,0.5324,4,68.8744,FALSE,4.0000,0.0000,0.0000,4.0000,68.8744,0.0000,
Biodance,8 cosmetics,21819 mariette buksti gram,0,0,0,,0.6620,0.3703,14,68.8215,TRUE,14.0000,1.0000,0.0000,14.0000,68.8215,0.0000,
Bioeffect,8 cosmetics,21819 mariette buksti gram,0,0,0,,0.4011,0.3393,21,73.5520,FALSE,21.0000,0.0000,0.0000,21.0000,73.5520,0.0000,
Birdie,1 home,,0,0,0,,0.1690,0.2500,3,89.8275,FALSE,5.0000,0.0000,0.0000,4.0000,89.8275,0.0000,
Bisou,3 mens,20415 lotte skovaa,0,0,0,,,,,135.0580,TRUE,24.0000,1.0000,0.0000,24.0000,135.0580,0.0000,
Bitte kai rand,5 women,25070 adam massigeh,0,0,0,,1.5000,1.6667,4,100.4309,TRUE,253.0000,0.5415,0.5415,68.0000,97.2059,122.0000,102.2285
Bitzee,2 kids,,0,0,0,,0.9795,0.9795,2,50.7075,FALSE,2.0000,0.0000,0.0000,2.0000,50.7075,0.0000,
Björn axén,8 cosmetics,21819 mariette buksti gram,0,0,0,,0.4640,0.2500,3,70.9524,FALSE,3.0000,0.0000,0.0000,3.0000,70.9524,0.0000,
Bjørn wiinblad,1 home,21819 mariette buksti gram,0,0,0,,0.2415,0.1533,26,89.0862,TRUE,36.0000,0.8889,0.1667,30.0000,85.5238,6.0000,106.8978
Blanche,5 women,25070 adam massigeh,0,0,0,,,,,,FALSE,2.0000,0.0000,0.0000,,,,
Blend,3 mens,20415 lotte skovaa,0,0,0,,0.4205,0.2498,102,95.3867,TRUE,217.0000,1.0000,0.0876,158.0000,92.8957,8.0000,144.5828
Blendtec,1 home,21819 mariette buksti gram,0,0,0,,0.2314,0.2389,3,81.3792,FALSE,3.0000,0.6667,0.0000,3.0000,81.3792,0.0000,
Blid,8 cosmetics,21819 mariette buksti gram,0,0,0,,,,,100.0000,FALSE,6.0000,0.0000,0.0000,6.0000,100.0000,0.0000,
Blomsterberg,1 home,21819 mariette buksti gram,0,0,0,,0.4810,0.4168,97,71.2392,TRUE,101.0000,0.1089,0.0594,95.0000,69.3895,6.0000,100.5249
Blomus,1 home,21819 mariette buksti gram,0,0,0,,0.1838,0.1233,274,91.6136,TRUE,350.0000,0.8857,0.0943,312.0000,88.2458,33.0000,123.4548
Bluey,2 kids,20415 lotte skovaa,0,0,0,,0.5112,0.4421,27,67.2210,FALSE,27.0000,0.0000,0.0000,27.0000,67.2210,0.0000,
Bobbi brown,8 cosmetics,21819 mariette buksti gram,0,0,0,,0.5638,0.3688,429,70.9486,TRUE,453.0000,0.0706,0.0000,447.0000,70.9486,0.0000,
Bon dep,7 w access,25070 adam massigeh,0,0,0,,0.2911,0.2211,11,90.7166,FALSE,42.0000,0.0714,0.0714,23.0000,90.7166,0.0000,
Bon parfumeur,8 cosmetics,21819 mariette buksti gram,0,0,0,,0.8479,0.3649,17,81.8407,FALSE,28.0000,0.0000,0.0000,28.0000,81.8407,0.0000,
Boners,8 cosmetics,75404 jonas linding berg,0,0,0,,0.6684,0.4040,9,72.4883,FALSE,14.0000,0.0000,0.0000,11.0000,72.4883,0.0000,
Bonvier,,,0,0,0,,1.2779,1.2779,1,43.8994,FALSE,15.0000,0.0000,0.0000,1.0000,43.8994,0.0000,
Born to stand out,8 cosmetics,21819 mariette buksti gram,0,0,0,,0.1245,0.1031,29,90.2539,FALSE,30.0000,0.0000,0.0000,30.0000,90.2539,0.0000,
Boss,3 mens,20415 lotte skovaa,0,0,0,,0.3957,0.2695,329,101.3096,TRUE,805.0000,0.9627,0.3093,424.0000,88.7302,171.0000,132.5006
Bosswik,7 w access,25070 adam massigeh,0,0,0,,,,,153.9557,TRUE,28.0000,1.0000,0.2143,9.0000,123.2595,6.0000,200.0000
Botané,1 home,21819 mariette buksti gram,0,0,0,,0.0689,0.0003,11,102.5615,FALSE,43.0000,0.0930,0.0000,43.0000,102.5615,0.0000,
Bottega veneta vintage,7 w access,,0,0,0,,1029.7489,1335.1616,5,22.1395,FALSE,625.0000,0.0000,0.0000,5.0000,22.1395,0.0000,
Bouche bée,8 cosmetics,75404 jonas linding berg,0,0,0,,,,,,FALSE,1.0000,0.0000,0.0000,,,,
Box the original,11 food,61164 jacob bøgeholdt nielsen,0,0,0,,0.1375,0.1393,16,88.0406,FALSE,16.0000,0.0000,0.0000,16.0000,88.0406,0.0000,
Brabantia,1 home,21819 mariette buksti gram,0,0,0,,0.2032,0.0981,54,94.1419,TRUE,85.0000,1.0000,0.0000,85.0000,94.1419,0.0000,
Brainstorm toys,2 kids,,0,0,0,,0.4252,0.4252,2,70.8145,FALSE,2.0000,0.0000,0.0000,2.0000,70.8145,0.0000,
Braun oral-b,1 home,21819 mariette buksti gram,0,0,0,,0.5670,0.6004,3,78.4517,FALSE,4.0000,0.2500,0.0000,4.0000,78.4517,0.0000,
Brax,3 mens,25070 adam massigeh,0,0,0,,0.2775,0.2500,11,134.3787,TRUE,229.0000,0.5197,0.4716,68.0000,97.5306,59.0000,176.8477
Bread & boxers,3 mens,20415 lotte skovaa,0,0,0,,1.0152,1.0152,1,95.1128,FALSE,4.0000,1.0000,1.0000,0.0000,,4.0000,95.1128
Bredemeijer,1 home,21819 mariette buksti gram,0,0,0,,0.4181,0.3980,10,71.8725,TRUE,10.0000,1.0000,0.0000,10.0000,71.8725,0.0000,
Brio,2 kids,20415 lotte skovaa,0,0,0,,0.8357,0.7957,36,55.3654,FALSE,36.0000,0.0000,0.0000,36.0000,55.3654,0.0000,
Briogeo,8 cosmetics,21819 mariette buksti gram,0,0,0,,0.2576,0.2134,17,83.8362,FALSE,19.0000,0.0526,0.0000,19.0000,83.8362,0.0000,
Brita,1 home,21819 mariette buksti gram,0,0,0,,0.3408,0.3362,12,76.6526,TRUE,12.0000,1.0000,0.0000,12.0000,76.6526,0.0000,
Brooks sports,3 mens,,0,0,0,,0.2870,0.2738,19,82.6962,FALSE,23.0000,0.0000,0.0000,23.0000,82.6962,0.0000,
Broste copenhagen,1 home,21819 mariette buksti gram,0,0,0,,0.2374,0.0791,10,141.2445,TRUE,55.0000,0.9818,0.9818,0.0000,,30.0000,141.2445
Brunello cucinelli,8 cosmetics,,0,0,0,,,,,100.0000,FALSE,15.0000,0.0000,0.0000,15.0000,100.0000,0.0000,
Brunobruno nation,2 kids,,0,0,0,,0.0001,0.0001,2,103.3235,FALSE,21.0000,1.0000,0.0000,4.0000,103.3235,0.0000,
Bruun & stengade,3 mens,20415 lotte skovaa,0,0,0,,0.4338,0.2500,59,104.8646,TRUE,229.0000,0.4410,0.0873,179.0000,100.7842,19.0000,143.3070
Bruuns bazaar,5 women,25070 adam massigeh,0,0,0,,0.5450,0.3355,78,79.8794,TRUE,137.0000,0.0730,0.0730,93.0000,75.8171,9.0000,121.8571
Buddy,2 kids,20415 lotte skovaa,0,0,0,,0.6005,0.5288,195,72.3130,FALSE,235.0000,0.0000,0.0000,225.0000,72.3130,0.0000,
Buddy wood,2 kids,20415 lotte skovaa,0,0,0,,0.2850,0.1539,3,85.9658,FALSE,4.0000,0.0000,0.0000,4.0000,85.9658,0.0000,
Buff,3 mens,20415 lotte skovaa,0,0,0,,0.8539,0.8664,30,55.3639,FALSE,31.0000,0.0000,0.0000,30.0000,55.3639,0.0000,
Bugatti,3 mens,25070 adam massigeh,0,0,0,,0.4005,0.2727,9,103.8484,FALSE,24.0000,0.2500,0.2500,14.0000,85.0714,4.0000,169.5676
Bull,2 kids,20415 lotte skovaa,0,0,0,,0.3367,0.3210,8,78.6645,FALSE,10.0000,0.0000,0.0000,9.0000,78.6645,0.0000,
Bulldog,8 cosmetics,21819 mariette buksti gram,0,0,0,,0.5093,0.4124,18,69.3704,TRUE,18.0000,1.0000,0.0000,18.0000,69.3704,0.0000,
Bullpadel,3 mens,,0,0,0,,,,,100.0000,FALSE,1.0000,0.0000,0.0000,1.0000,100.0000,0.0000,
Bumble and bumble,8 cosmetics,21819 mariette buksti gram,0,0,0,,0.7800,0.8109,72,56.8270,FALSE,72.0000,0.0000,0.0000,72.0000,56.8270,0.0000,
Bunch o balloons,2 kids,20415 lotte skovaa,0,0,0,,0.5878,0.5878,1,62.9815,FALSE,1.0000,0.0000,0.0000,1.0000,62.9815,0.0000,
Bungalow,1 home,21819 mariette buksti gram,0,0,0,,0.0256,0.0256,1,123.6427,TRUE,21.0000,0.9524,0.3810,10.0000,119.9417,4.0000,132.8953
Bunmei,1 home,,0,0,0,,1.5227,1.2921,7,41.1063,FALSE,7.0000,0.0000,0.0000,7.0000,41.1063,0.0000,
Burberry vintage,7 w access,,0,0,0,,0.6239,0.5991,3,95.6029,FALSE,502.0000,0.0000,0.0000,4.0000,95.6029,0.0000,
Bvlgari vintage,7 w access,,0,0,0,,,,,,FALSE,69.0000,0.0000,0.0000,,,,
By astrup,2 kids,20415 lotte skovaa,0,0,0,,0.5991,0.5128,29,67.1583,FALSE,29.0000,0.0000,0.0000,29.0000,67.1583,0.0000,
By garment makers,3 mens,20415 lotte skovaa,0,0,0,,2.3464,2.3464,1,29.8831,FALSE,1.0000,0.0000,0.0000,1.0000,29.8831,0.0000,
By malene birger,5 women,25070 adam massigeh,0,0,0,,0.4083,0.2508,153,83.5783,FALSE,249.0000,0.0361,0.0361,212.0000,83.9322,5.0000,68.5698
By mogensen,1 home,21819 mariette buksti gram,0,0,0,,0.6003,0.5981,8,70.1999,TRUE,9.0000,1.0000,0.0000,9.0000,70.1999,0.0000,
Bybiehl,7 w access,20415 lotte skovaa,0,0,0,,0.7854,0.7116,100,68.1342,FALSE,153.0000,0.0065,0.0065,118.0000,67.5010,1.0000,142.8571
Byoma,8 cosmetics,21819 mariette buksti gram,0,0,0,,,,,108.4519,FALSE,36.0000,0.0000,0.0000,10.0000,108.4519,0.0000,
Byon,1 home,21819 mariette buksti gram,0,0,0,,0.2219,0.1559,130,85.6584,TRUE,148.0000,1.0000,0.0000,148.0000,85.6584,0.0000,
Byredo,8 cosmetics,21819 mariette buksti gram,0,0,0,,0.2859,0.2155,125,87.0463,FALSE,255.0000,0.0000,0.0000,158.0000,87.0463,0.0000,
Bøger,1 home,21819 mariette buksti gram,0,0,0,,0.3334,0.1463,36,101.1164,TRUE,49.0000,0.9796,0.0612,45.0000,85.6315,3.0000,333.3905
Cafetto,1 home,21819 mariette buksti gram,0,0,0,,0.7592,0.7592,2,59.7901,FALSE,2.0000,0.5000,0.5000,1.0000,46.5190,1.0000,73.0612
Calida,6 lingerie,20415 lotte skovaa,0,0,0,,0.3417,0.2500,10,95.3739,FALSE,91.0000,0.0659,0.0659,46.0000,95.3739,0.0000,
California,2 kids,20415 lotte skovaa,0,0,0,,0.4040,0.3425,30,77.6379,FALSE,33.0000,0.0303,0.0000,33.0000,77.6379,0.0000,
Cam cam copenhagen,2 kids,20415 lotte skovaa,0,0,0,,,,,,FALSE,1.0000,1.0000,1.0000,,,,
Camel active,5 women,20415 lotte skovaa,0,0,0,,0.1361,0.0636,21,104.8654,TRUE,103.0000,1.0000,0.1068,39.0000,104.3750,2.0000,114.4288
Camille brinch jewellery,7 w access,20415 lotte skovaa,0,0,0,,0.2420,0.2252,12,97.0389,FALSE,85.0000,0.0000,0.0000,70.0000,97.0389,0.0000,
Camper,2 kids,,0,0,0,,0.2751,0.3436,14,106.4288,TRUE,44.0000,0.5000,0.1818,29.0000,96.5884,6.0000,153.9907
Cannari concept,5 women,25070 adam massigeh,0,0,0,,2.3333,2.3333,1,30.0000,FALSE,5.0000,0.6000,0.6000,1.0000,30.0000,0.0000,
Capionium,11 food,61164 jacob bøgeholdt nielsen,0,0,0,,0.1067,0.1067,1,90.3614,FALSE,1.0000,0.0000,0.0000,1.0000,90.3614,0.0000,
Captena,7 w access,20415 lotte skovaa,0,0,0,,1.3742,1.5152,3,42.4364,FALSE,9.0000,0.0000,0.0000,3.0000,42.4364,0.0000,
Cardume conservas,11 food,,0,0,0,,1.1178,1.1178,1,47.2182,FALSE,1.0000,0.0000,0.0000,1.0000,47.2182,0.0000,
Care bears,2 kids,,0,0,0,,0.5919,0.6945,5,63.7359,FALSE,5.0000,0.0000,0.0000,5.0000,63.7359,0.0000,
Carioca,2 kids,20415 lotte skovaa,0,0,0,,0.3162,0.3335,5,80.5815,FALSE,8.0000,0.0000,0.0000,6.0000,80.5815,0.0000,
Carite,3 mens,20415 lotte skovaa,0,0,0,,0.3659,0.2633,6,129.4255,FALSE,23.0000,0.5652,0.5652,10.0000,86.0803,11.0000,168.8302
Carl pique,7 w access,20415 lotte skovaa,0,0,0,,0.7059,0.5013,15,62.0308,FALSE,20.0000,0.0000,0.0000,15.0000,62.0308,0.0000,
Carroten,8 cosmetics,21819 mariette buksti gram,0,0,0,,0.5361,0.5076,35,66.4903,TRUE,35.0000,1.0000,0.0000,35.0000,66.4903,0.0000,
Cars,2 kids,,0,0,0,,0.5767,0.5361,4,64.6143,FALSE,4.0000,0.0000,0.0000,4.0000,64.6143,0.0000,
Cartel copenhagen,6 lingerie,20415 lotte skovaa,0,0,0,,0.5777,0.2500,48,98.8523,FALSE,180.0000,0.5778,0.3778,67.0000,80.8925,51.0000,122.4465
Cartier vintage,7 w access,,0,0,0,,,,,,FALSE,41.0000,0.0000,0.0000,,,,
Casafina,1 home,21819 mariette buksti gram,0,0,0,,0.2364,0.2001,26,91.7725,FALSE,40.0000,0.0500,0.0500,38.0000,88.3746,2.0000,156.3320
Casall,3 mens,20415 lotte skovaa,0,0,0,,0.7473,0.6565,117,67.5881,FALSE,141.0000,0.0355,0.0000,135.0000,67.5881,0.0000,
Casamorati,8 cosmetics,,0,0,0,,0.5920,0.5051,16,66.2977,FALSE,16.0000,0.0000,0.0000,16.0000,66.2977,0.0000,
Casdon,2 kids,,0,0,0,,0.6237,0.6237,1,61.5871,FALSE,1.0000,0.0000,0.0000,1.0000,61.5871,0.0000,
Cashott,7 w access,25070 adam massigeh,0,0,0,,0.2509,0.2509,2,118.0588,TRUE,44.0000,1.0000,0.0455,39.0000,118.2574,2.0000,114.1871
Casio,7 w access,,0,0,0,,0.5882,0.5882,1,62.9630,FALSE,1.0000,0.0000,0.0000,1.0000,62.9630,0.0000,
Casual friday,3 mens,20415 lotte skovaa,0,0,0,,0.3435,0.1999,67,127.2005,TRUE,290.0000,0.8103,0.6000,59.0000,85.0657,122.0000,147.5772
Cavetto,7 w access,20415 lotte skovaa,0,0,0,,1.4270,1.4937,6,69.2270,FALSE,13.0000,0.0000,0.0000,11.0000,69.2270,0.0000,
Ccdk,6 lingerie,20415 lotte skovaa,0,0,0,,0.4313,0.2500,27,116.3725,FALSE,79.0000,0.2658,0.2658,39.0000,84.0082,15.0000,200.5196
Ce la vie,2 kids,,0,0,0,,0.2076,0.0713,13,94.3003,TRUE,16.0000,1.0000,0.1250,13.0000,87.2703,2.0000,139.9955
Celimax,8 cosmetics,,0,0,1,,0.3026,0.2914,10,77.5148,TRUE,10.0000,1.0000,0.0000,10.0000,77.5148,0.0000,
Celine vintage,7 w access,,0,0,0,,0.6396,0.6396,1,60.9914,FALSE,911.0000,0.0000,0.0000,1.0000,60.9914,0.0000,
Cervera,11 food,,0,0,0,,,,,,FALSE,3.0000,0.0000,0.0000,,,,
Cesar coast culture,3 mens,,0,0,0,,,,,140.2886,TRUE,28.0000,1.0000,0.1429,5.0000,140.2886,0.0000,
Champion,3 mens,,0,0,0,,1.0133,1.0133,1,49.6708,FALSE,1.0000,0.0000,0.0000,1.0000,49.6708,0.0000,
Champo limited,8 cosmetics,21819 mariette buksti gram,0,0,0,,,,,100.0000,FALSE,10.0000,0.0000,0.0000,5.0000,100.0000,0.0000,
Chanel vintage,7 w access,,0,0,0,,0.9991,0.7279,7,71.8738,FALSE,2016.0000,0.0000,0.0000,9.0000,71.8738,0.0000,
Chantelle pulp,6 lingerie,20415 lotte skovaa,0,0,0,,0.8349,1.0000,9,108.5122,FALSE,32.0000,0.4688,0.4688,16.0000,74.9628,8.0000,175.6111
Chaplon,11 food,61164 jacob bøgeholdt nielsen,0,0,0,,0.1815,0.1204,6,85.9838,FALSE,7.0000,0.0000,0.0000,6.0000,85.9838,0.0000,
Chicco,2 kids,,0,0,0,,0.7689,0.7689,2,56.5775,FALSE,2.0000,0.0000,0.0000,2.0000,56.5775,0.0000,
Chili klaus,11 food,,0,0,0,,0.0652,0.0652,1,93.8824,FALSE,1.0000,0.0000,0.0000,1.0000,93.8824,0.0000,
Chloé vintage,7 w access,,0,0,0,,0.6558,0.6558,1,60.3952,FALSE,139.0000,0.0000,0.0000,1.0000,60.3952,0.0000,
Christian berg,3 mens,20415 lotte skovaa,0,0,0,,,,,,FALSE,27.0000,0.0370,0.0370,,,,
Christian louboutin vintage,7 w access,,0,0,0,,,,,,FALSE,19.0000,0.0000,0.0000,,,,
Christophe robin,8 cosmetics,21819 mariette buksti gram,0,0,0,,0.4194,0.2962,19,73.9298,FALSE,19.0000,0.0526,0.0000,19.0000,73.9298,0.0000,
Ciao,2 kids,20415 lotte skovaa,0,0,0,,0.6658,0.6658,1,60.0300,FALSE,3.0000,0.0000,0.0000,1.0000,60.0300,0.0000,
Cilio,1 home,21819 mariette buksti gram,0,0,0,,0.1653,0.0689,20,88.3531,TRUE,23.0000,1.0000,0.0000,21.0000,88.3531,0.0000,
Clarins,8 cosmetics,21819 mariette buksti gram,0,0,0,,0.3320,0.2500,333,83.6963,TRUE,388.0000,0.4356,0.0000,371.0000,83.6963,0.0000,
Clarks originals,7 w access,25070 adam massigeh,0,0,0,,0.3645,0.3308,34,85.8706,TRUE,48.0000,1.0000,0.0000,45.0000,85.8706,0.0000,
Clean cut copenhagen,3 mens,20415 lotte skovaa,0,0,0,,0.3389,0.2768,13,116.2416,TRUE,72.0000,1.0000,0.2361,20.0000,96.7900,11.0000,151.6081
Clive christian,8 cosmetics,21819 mariette buksti gram,0,0,0,,0.3045,0.3045,1,76.6560,FALSE,1.0000,0.0000,0.0000,1.0000,76.6560,0.0000,
Club petz,2 kids,20415 lotte skovaa,0,0,0,,1.6842,1.6842,1,37.2547,FALSE,1.0000,0.0000,0.0000,1.0000,37.2547,0.0000,
Cluizel,11 food,,0,0,0,,,,,,FALSE,1.0000,0.0000,0.0000,,,,
Coach,8 cosmetics,21819 mariette buksti gram,0,0,0,,0.7175,0.6823,54,62.6878,TRUE,56.0000,1.0000,0.0000,56.0000,62.6878,0.0000,
Coast,1 home,,0,0,0,,0.1179,0.1184,6,101.8642,FALSE,15.0000,0.0000,0.0000,15.0000,101.8642,0.0000,
Coccinelle,7 w access,25070 adam massigeh,0,0,0,,0.1967,0.1441,46,95.7679,TRUE,97.0000,1.0000,0.0206,71.0000,94.7523,1.0000,167.8710
Cocktail club,1 home,21819 mariette buksti gram,0,0,0,,0.7660,0.7179,11,57.2613,FALSE,11.0000,1.0000,0.0000,11.0000,57.2613,0.0000,
Coco & eve,8 cosmetics,21819 mariette buksti gram,0,0,0,,0.3609,0.5232,3,109.1927,FALSE,8.0000,0.2500,0.1250,7.0000,101.8165,1.0000,160.8266
Cocomelon,2 kids,20415 lotte skovaa,0,0,0,,0.1392,0.1392,2,88.8695,FALSE,2.0000,0.0000,0.0000,2.0000,88.8695,0.0000,
Cocoon company,2 kids,20415 lotte skovaa,0,0,0,,0.3270,0.3160,65,77.5642,FALSE,69.0000,0.0000,0.0000,69.0000,77.5642,0.0000,
Cocoture,11 food,,0,0,0,,0.1374,0.0256,3,89.7619,FALSE,4.0000,0.0000,0.0000,3.0000,89.7619,0.0000,
Collonil,7 w access,25070 adam massigeh,0,0,0,,0.1042,0.1111,28,94.4212,FALSE,42.0000,0.0000,0.0000,33.0000,94.4212,0.0000,
Colmar,3 mens,,0,0,0,,,,,,FALSE,1.0000,0.0000,0.0000,,,,
Colorful standard,3 mens,20415 lotte skovaa,0,0,0,,0.7045,0.5924,43,79.1288,FALSE,111.0000,0.0000,0.0000,70.0000,79.1288,0.0000,
Columbia,3 mens,20415 lotte skovaa,0,0,0,,0.8558,0.8883,34,59.0992,FALSE,35.0000,0.0857,0.0857,32.0000,56.2327,3.0000,89.6752
Comandante,1 home,21819 mariette buksti gram,0,0,0,,0.0708,0.0598,8,93.4958,FALSE,8.0000,0.1250,0.1250,7.0000,93.1128,1.0000,96.1771
Comfort zone,8 cosmetics,21819 mariette buksti gram,0,0,0,,0.1861,0.1662,47,89.8416,TRUE,53.0000,1.0000,0.0000,53.0000,89.8416,0.0000,
Compagnie de provence,8 cosmetics,21819 mariette buksti gram,0,0,0,,0.1990,0.1210,50,86.1337,TRUE,51.0000,1.0000,0.0000,51.0000,86.1337,0.0000,
Cool maker,2 kids,,0,0,0,,0.2560,0.2560,1,79.6159,FALSE,1.0000,0.0000,0.0000,1.0000,79.6159,0.0000,
Coola,8 cosmetics,,0,0,0,,0.3367,0.2358,32,78.8797,TRUE,33.0000,1.0000,0.0000,33.0000,78.8797,0.0000,
Copenhagen colors,2 kids,20415 lotte skovaa,0,0,0,,0.4386,0.2500,80,84.8979,FALSE,131.0000,0.2519,0.2519,83.0000,81.8894,33.0000,92.4648
Copenhagen grooming,8 cosmetics,21819 mariette buksti gram,0,0,0,,0.4849,0.3413,15,69.3362,FALSE,15.0000,0.0000,0.0000,15.0000,69.3362,0.0000,
Copenhagen kids,2 kids,,0,0,0,,0.1842,0.1806,3,88.4520,FALSE,13.0000,0.0000,0.0000,4.0000,88.4520,0.0000,
Costa nova,1 home,21819 mariette buksti gram,0,0,0,,0.2792,0.3334,58,83.1623,FALSE,68.0000,0.0147,0.0147,67.0000,82.6842,1.0000,115.1943
Costbart,2 kids,20415 lotte skovaa,0,0,0,,1.8494,1.8494,1,35.0946,FALSE,32.0000,0.0000,0.0000,1.0000,35.0946,0.0000,
Cotopaxi,3 mens,,0,0,0,,0.7722,0.2048,3,68.9354,FALSE,3.0000,0.0000,0.0000,3.0000,68.9354,0.0000,
Cozy by julie zangenberg,7 w access,,0,0,0,,,,,,FALSE,1.0000,0.0000,0.0000,,,,
Cr7,3 mens,20415 lotte skovaa,0,0,0,,0.3488,0.3862,8,113.8259,TRUE,33.0000,0.6667,0.6667,5.0000,83.6545,16.0000,123.2545
Craft,3 mens,20415 lotte skovaa,0,0,0,,0.5981,0.5620,441,70.9442,FALSE,509.0000,0.0295,0.0236,494.0000,70.5788,12.0000,85.9871
Cream,5 women,25070 adam massigeh,0,0,0,,0.2271,0.1439,50,118.4675,TRUE,256.0000,1.0000,0.4805,102.0000,102.1067,91.0000,136.8059
Creativ company,2 kids,20415 lotte skovaa,0,0,0,,0.4168,0.2703,455,83.1747,FALSE,520.0000,0.0904,0.0904,473.0000,75.6878,47.0000,158.5214
Creed,8 cosmetics,21819 mariette buksti gram,0,0,0,,0.2791,0.2563,97,82.8589,FALSE,108.0000,0.0000,0.0000,107.0000,82.8589,0.0000,
Crep protect,3 mens,25070 adam massigeh,0,0,0,,0.7964,0.6667,3,56.8108,FALSE,3.0000,0.0000,0.0000,3.0000,56.8108,0.0000,
Cruizr,8 cosmetics,,0,0,0,,0.0193,0.0193,1,98.1096,FALSE,7.0000,0.0000,0.0000,1.0000,98.1096,0.0000,
Cruna,3 mens,,0,0,0,,,,,,FALSE,1.0000,1.0000,1.0000,,,,
Crushgrind,1 home,21819 mariette buksti gram,0,0,0,,0.2195,0.0826,27,87.4428,TRUE,30.0000,1.0000,0.0000,30.0000,87.4428,0.0000,
Crystalynx,2 kids,20415 lotte skovaa,0,0,0,,0.4438,0.5617,7,73.3495,FALSE,7.0000,0.0000,0.0000,7.0000,73.3495,0.0000,
Crème atelier,1 home,21819 mariette buksti gram,0,0,0,,0.2500,0.2500,3,100.5696,FALSE,25.0000,0.0000,0.0000,25.0000,100.5696,0.0000,
Currentbody skin,8 cosmetics,21819 mariette buksti gram,0,0,0,,0.6020,0.0847,18,86.7499,FALSE,25.0000,0.0000,0.0000,25.0000,86.7499,0.0000,
Curve lab,2 kids,,0,0,0,,0.2176,0.1385,12,90.6530,TRUE,19.0000,1.0000,0.0000,17.0000,90.6530,0.0000,
Custommade,5 women,,0,0,0,,,,,,FALSE,2.0000,0.0000,0.0000,,,,
Cuties,8 cosmetics,,0,0,0,,0.1171,0.1171,4,89.5197,FALSE,19.0000,0.0000,0.0000,4.0000,89.5197,0.0000,
Daeng gi meo ri,8 cosmetics,,0,0,0,,0.5505,0.5505,1,64.4970,FALSE,1.0000,0.0000,0.0000,1.0000,64.4970,0.0000,
Daily7,2 kids,,0,0,0,,,,,,FALSE,1.0000,0.0000,0.0000,,,,
Dalba,8 cosmetics,,0,0,0,,0.3134,0.2753,19,80.6306,TRUE,20.0000,1.0000,0.0000,20.0000,80.6306,0.0000,
Dame products,8 cosmetics,75404 jonas linding berg,0,0,0,,,,,102.5839,FALSE,18.0000,0.0000,0.0000,8.0000,102.5839,0.0000,
Damson madder,5 women,,0,0,0,,0.3758,0.3889,5,126.1306,FALSE,47.0000,0.1064,0.1064,5.0000,73.5352,2.0000,257.6190
Danefæ,5 women,,0,0,0,,,,,,FALSE,1.0000,1.0000,1.0000,,,,
Daniel wellington,7 w access,,0,0,0,,0.3098,0.3098,2,76.3799,FALSE,2.0000,0.0000,0.0000,2.0000,76.3799,0.0000,
Danspil,2 kids,20415 lotte skovaa,0,0,0,,0.7501,0.6664,17,59.7588,FALSE,17.0000,0.0000,0.0000,17.0000,59.7588,0.0000,
Dantoy,2 kids,,0,0,0,,0.6078,0.5710,4,63.8354,FALSE,6.0000,0.0000,0.0000,4.0000,63.8354,0.0000,
Darling,8 cosmetics,21819 mariette buksti gram,0,0,0,,0.1084,0.1084,1,108.2918,TRUE,21.0000,1.0000,0.0000,21.0000,108.2918,0.0000,
Darphin,8 cosmetics,21819 mariette buksti gram,0,0,0,,0.3335,0.3636,13,84.7233,TRUE,16.0000,1.0000,0.0000,16.0000,84.7233,0.0000,
David mallett,8 cosmetics,21819 mariette buksti gram,0,0,0,,0.5212,0.3514,19,71.4849,FALSE,19.0000,0.0000,0.0000,19.0000,71.4849,0.0000,
David rio,11 food,61164 jacob bøgeholdt nielsen,0,0,0,,0.4513,0.4626,5,69.4651,FALSE,5.0000,0.0000,0.0000,5.0000,69.4651,0.0000,
Day birger et mikkelsen,5 women,25070 adam massigeh,0,0,0,,0.5276,0.6000,25,115.8811,TRUE,113.0000,0.9735,0.1150,93.0000,108.8861,11.0000,175.0207
Dc super heroes,2 kids,20415 lotte skovaa,0,0,0,,0.7267,0.5657,4,68.4923,FALSE,5.0000,0.0000,0.0000,5.0000,68.4923,0.0000,
Debenhams,3 mens,,0,0,0,,,,,104.1667,FALSE,2.0000,1.0000,0.0000,2.0000,104.1667,0.0000,
Decleor,8 cosmetics,,0,0,0,,0.0221,0.0096,3,126.4774,FALSE,28.0000,1.0000,0.0000,27.0000,126.4774,0.0000,
Decoy,6 lingerie,25070 adam massigeh,0,0,0,,0.6519,0.4286,81,84.3274,FALSE,101.0000,0.0495,0.0495,96.0000,74.1717,5.0000,279.3167
Decure,8 cosmetics,,0,0,0,,,,,100.0000,FALSE,1.0000,0.0000,0.0000,1.0000,100.0000,0.0000,
Demeyere,1 home,21819 mariette buksti gram,0,0,0,,0.0901,0.0672,25,93.4729,TRUE,28.0000,1.0000,0.0000,28.0000,93.4729,0.0000,
Denham,3 mens,,0,0,0,,,,,131.1795,FALSE,2.0000,1.0000,0.0000,1.0000,131.1795,0.0000,
Denim project,5 women,25070 adam massigeh,0,0,0,,,,,,FALSE,2.0000,0.5000,0.5000,,,,
Design letters,1 home,,0,0,0,,2.3333,2.3333,1,30.0000,FALSE,1.0000,0.0000,0.0000,1.0000,30.0000,0.0000,
Designers remix,5 women,25070 adam massigeh,0,0,0,,0.4491,0.3528,3,81.0120,FALSE,10.0000,0.1000,0.1000,3.0000,73.3106,1.0000,104.1159
Desigual,5 women,,0,0,0,,,,,,FALSE,7.0000,0.0000,0.0000,,,,
Devold,3 mens,20415 lotte skovaa,0,0,0,,0.4946,0.4243,30,68.7846,FALSE,37.0000,0.0000,0.0000,30.0000,68.7846,0.0000,
Dftp,1 home,21819 mariette buksti gram,0,0,0,,0.1838,0.1085,86,89.5479,TRUE,105.0000,0.9714,0.0190,103.0000,89.8038,2.0000,76.3666
Dico copenhagen,7 w access,,0,0,0,,0.0501,0.0010,7,97.4767,FALSE,15.0000,0.0667,0.0667,11.0000,97.2474,1.0000,100.0000
Diesel,5 women,25070 adam massigeh,0,0,0,,0.4815,0.4815,1,289.3496,FALSE,5.0000,0.6000,0.6000,1.0000,67.4992,1.0000,511.2000
Dino world,2 kids,20415 lotte skovaa,0,0,0,,0.4013,0.3582,4,73.7924,FALSE,4.0000,0.0000,0.0000,4.0000,73.7924,0.0000,
Dior vintage,7 w access,,0,0,0,,,,,,FALSE,865.0000,0.0000,0.0000,,,,
Diptyque,8 cosmetics,21819 mariette buksti gram,0,0,0,,0.1803,0.2247,85,95.3924,FALSE,215.0000,0.0000,0.0000,129.0000,95.3924,0.0000,
Disney,2 kids,20415 lotte skovaa,0,0,0,,0.7161,0.6803,23,62.2406,FALSE,24.0000,0.0000,0.0000,24.0000,62.2406,0.0000,
Disney frozen,2 kids,,0,0,0,,0.8880,1.0003,3,53.9124,FALSE,3.0000,0.0000,0.0000,3.0000,53.9124,0.0000,
Disney princess,2 kids,20415 lotte skovaa,0,0,0,,0.5941,0.5922,19,63.6852,FALSE,19.0000,0.0000,0.0000,19.0000,63.6852,0.0000,
Disney stitch,2 kids,20415 lotte skovaa,0,0,0,,1.5792,1.9995,3,41.3974,FALSE,3.0000,0.0000,0.0000,3.0000,41.3974,0.0000,
Dissing,7 w access,20415 lotte skovaa,0,0,0,,1.0697,0.9970,43,52.8341,FALSE,53.0000,0.0000,0.0000,44.0000,52.8341,0.0000,
Ditur,7 w access,20415 lotte skovaa,0,0,0,,0.5192,0.5360,4,83.2843,FALSE,13.0000,0.0000,0.0000,7.0000,83.2843,0.0000,
Diverse spil,2 kids,20415 lotte skovaa,0,0,0,,0.7651,0.6663,37,63.9277,FALSE,41.0000,0.0000,0.0000,40.0000,63.9277,0.0000,
Dj band,2 kids,20415 lotte skovaa,0,0,0,,0.2826,0.1765,3,84.9729,FALSE,4.0000,0.0000,0.0000,4.0000,84.9729,0.0000,
Dockers,3 mens,20415 lotte skovaa,0,0,0,,0.1284,0.1284,1,88.6220,FALSE,4.0000,0.2500,0.0000,1.0000,88.6220,0.0000,
Doctor squish,2 kids,20415 lotte skovaa,0,0,0,,0.6985,0.6715,4,60.0248,FALSE,4.0000,0.0000,0.0000,4.0000,60.0248,0.0000,
Doiy,1 home,21819 mariette buksti gram,0,0,0,,0.2208,0.0940,9,99.3447,TRUE,18.0000,1.0000,0.2778,13.0000,99.3922,5.0000,99.2212
Dolce & gabbana vintage,7 w access,,0,0,0,,,,,,FALSE,21.0000,0.0000,0.0000,,,,
Donkey,1 home,21819 mariette buksti gram,0,0,0,,0.4636,0.2375,10,83.5609,TRUE,14.0000,1.0000,0.0000,14.0000,83.5609,0.0000,
Donna karan,8 cosmetics,21819 mariette buksti gram,0,0,0,,0.7190,0.7318,26,68.9675,TRUE,31.0000,1.0000,0.0000,30.0000,68.9675,0.0000,
Dora the explorer,2 kids,20415 lotte skovaa,0,0,0,,1.2275,1.1443,13,50.3555,FALSE,13.0000,0.0000,0.0000,13.0000,50.3555,0.0000,
Doré doré,3 mens,,0,0,0,,,,,,FALSE,1.0000,0.0000,0.0000,,,,
Dr,2 kids,20415 lotte skovaa,0,0,0,,0.6911,0.5900,26,61.5789,FALSE,27.0000,0.0000,0.0000,26.0000,61.5789,0.0000,
Dr jart+,8 cosmetics,,0,0,0,,0.2130,0.1212,35,96.1945,TRUE,66.0000,0.9545,0.0000,60.0000,96.1945,0.0000,
Dr. barbara sturm,8 cosmetics,21819 mariette buksti gram,0,0,0,,0.0572,0.0572,2,108.5546,FALSE,4.0000,1.0000,0.0000,4.0000,108.5546,0.0000,
Dr. stine ankerstjerne,8 cosmetics,,0,0,0,,,,,133.3333,TRUE,8.0000,1.0000,0.0000,6.0000,133.3333,0.0000,
Dr.melaxin,8 cosmetics,,0,0,0,,0.4119,0.4119,2,70.9095,FALSE,2.0000,1.0000,0.0000,2.0000,70.9095,0.0000,
Dragons,2 kids,20415 lotte skovaa,0,0,0,,1.6760,1.4125,10,41.7077,FALSE,10.0000,0.0000,0.0000,10.0000,41.7077,0.0000,
Drunk elephant,8 cosmetics,21819 mariette buksti gram,0,0,0,,0.0494,0.0132,22,100.9551,FALSE,45.0000,0.0667,0.0444,39.0000,101.1213,1.0000,94.4729
Dsquared2,8 cosmetics,21819 mariette buksti gram,0,0,0,,0.6136,0.4261,15,64.0181,TRUE,15.0000,1.0000,0.0000,15.0000,64.0181,0.0000,
Due signori,3 mens,20415 lotte skovaa,0,0,0,,0.3106,0.3106,1,123.9330,TRUE,29.0000,1.0000,0.2414,4.0000,123.9330,0.0000,
Duff beauty,8 cosmetics,21819 mariette buksti gram,0,0,0,,0.1001,0.0003,32,95.0532,FALSE,40.0000,0.0000,0.0000,40.0000,95.0532,0.0000,
Dungon wepons,2 kids,20415 lotte skovaa,0,0,0,,,,,149.0745,FALSE,1.0000,0.0000,0.0000,1.0000,149.0745,0.0000,
Durex,8 cosmetics,75404 jonas linding berg,0,0,0,,0.7566,0.7566,2,90.6359,FALSE,8.0000,0.0000,0.0000,7.0000,90.6359,0.0000,
Dusita,8 cosmetics,,0,0,0,,0.0535,0.0542,9,99.6172,FALSE,17.0000,0.0000,0.0000,12.0000,99.6172,0.0000,
Dutchdeluxes,1 home,21819 mariette buksti gram,0,0,0,,0.4269,0.2500,45,83.0453,FALSE,66.0000,0.0455,0.0000,62.0000,83.0453,0.0000,
Dyrberg/kern,7 w access,20415 lotte skovaa,0,0,0,,0.5324,0.5324,2,99.1910,FALSE,100.0000,0.0000,0.0000,19.0000,99.1910,0.0000,
Eastpak,3 mens,,0,0,0,,0.2088,0.1439,87,90.2304,TRUE,115.0000,1.0000,0.0609,98.0000,88.1585,6.0000,124.0716
Easytoys,8 cosmetics,75404 jonas linding berg,0,0,0,,1.9407,1.7971,4,35.6043,FALSE,5.0000,0.0000,0.0000,4.0000,35.6043,0.0000,
Eat my socks,1 home,21819 mariette buksti gram,0,0,0,,1.1032,1.1429,6,98.2655,TRUE,30.0000,1.0000,0.0000,30.0000,98.2655,0.0000,
Edwin,3 mens,20415 lotte skovaa,0,0,0,,0.1576,0.1142,6,131.0262,TRUE,32.0000,1.0000,0.1875,20.0000,113.7828,5.0000,200.0000
Eeboo,2 kids,20415 lotte skovaa,0,0,0,,0.5291,0.2501,21,72.9562,FALSE,25.0000,0.0000,0.0000,24.0000,72.9562,0.0000,
Egtved,3 mens,20415 lotte skovaa,0,0,0,,0.1677,0.1429,63,89.1563,FALSE,82.0000,0.0000,0.0000,74.0000,89.1563,0.0000,
Ekta living,1 home,21819 mariette buksti gram,0,0,0,,0.2778,0.0914,43,88.4272,TRUE,54.0000,1.0000,0.0000,54.0000,88.4272,0.0000,
El-works,1 home,21819 mariette buksti gram,0,0,0,,0.0948,0.0972,8,92.3615,FALSE,9.0000,0.0000,0.0000,9.0000,92.3615,0.0000,
Electimuss london,8 cosmetics,21819 mariette buksti gram,0,0,0,,0.6282,0.5613,13,69.7125,FALSE,15.0000,0.0000,0.0000,15.0000,69.7125,0.0000,
Elegant touch,8 cosmetics,,0,0,0,,0.2130,0.1805,12,92.5132,FALSE,13.0000,0.0769,0.0769,12.0000,84.3213,1.0000,190.8154
Elemis,8 cosmetics,21819 mariette buksti gram,0,0,0,,0.6231,0.5858,65,69.4021,TRUE,75.0000,0.9467,0.0000,72.0000,69.4021,0.0000,
Ellesse,3 mens,,0,0,0,,,,,,FALSE,1.0000,0.0000,0.0000,,,,
Elomi,6 lingerie,20415 lotte skovaa,0,0,0,,0.3196,0.2500,9,100.8862,FALSE,32.0000,0.2188,0.2188,18.0000,88.5339,3.0000,175.0000
Elsk,3 mens,20415 lotte skovaa,0,0,0,,0.8945,1.0000,6,94.6825,FALSE,47.0000,0.0000,0.0000,42.0000,94.6825,0.0000,
Elvie,2 kids,20415 lotte skovaa,0,0,0,,,,,354.6133,FALSE,1.0000,1.0000,1.0000,0.0000,,1.0000,354.6133
Emil élise,8 cosmetics,,0,0,0,,0.3959,0.0046,5,93.2569,FALSE,10.0000,0.0000,0.0000,10.0000,93.2569,0.0000,
Empelvic,8 cosmetics,75404 jonas linding berg,0,0,0,,0.1253,0.1253,1,94.4321,FALSE,2.0000,0.0000,0.0000,2.0000,94.4321,0.0000,
Emporio armani,5 women,25070 adam massigeh,0,0,0,,,,,,FALSE,1.0000,1.0000,1.0000,,,,
Enamel copenhagen,7 w access,20415 lotte skovaa,0,0,0,,0.5307,0.3750,353,78.4990,FALSE,440.0000,0.1000,0.1000,363.0000,73.5429,44.0000,119.3867
Energetics,3 mens,20415 lotte skovaa,0,0,0,,0.6762,0.5003,127,91.5789,FALSE,493.0000,0.2921,0.1501,396.0000,89.4864,66.0000,104.1338
Enkel studio,5 women,,0,0,0,,4.3754,2.3333,3,42.6429,FALSE,6.0000,0.0000,0.0000,4.0000,42.6429,0.0000,
Epic,3 mens,20415 lotte skovaa,0,0,0,,0.3855,0.3384,35,78.3535,FALSE,43.0000,0.1163,0.1163,36.0000,74.6379,5.0000,105.1061
Eqqualberry,8 cosmetics,,0,0,0,,0.2558,0.2411,4,81.0118,TRUE,4.0000,1.0000,0.0000,4.0000,81.0118,0.0000,
Ergobaby,2 kids,20415 lotte skovaa,0,0,0,,0.1563,0.1644,6,131.3410,TRUE,14.0000,1.0000,0.1429,12.0000,97.9527,1.0000,532.0000
Escentric molecules,8 cosmetics,21819 mariette buksti gram,0,0,0,,0.3426,0.1966,40,87.0857,TRUE,55.0000,1.0000,0.0000,55.0000,87.0857,0.0000,
Esmé studios,5 women,,0,0,0,,,,,,FALSE,1.0000,0.0000,0.0000,,,,
Esprit,5 women,25070 adam massigeh,0,0,0,,,,,,FALSE,13.0000,0.1538,0.1538,,,,
Essential parfums,8 cosmetics,21819 mariette buksti gram,0,0,0,,0.1042,0.0725,58,91.1114,FALSE,58.0000,0.0000,0.0000,58.0000,91.1114,0.0000,
Etat libre d’orange,8 cosmetics,21819 mariette buksti gram,0,0,0,,0.7841,0.7696,35,59.4314,FALSE,37.0000,0.0000,0.0000,35.0000,59.4314,0.0000,
Etirel,3 mens,,0,0,0,,,,,120.0200,FALSE,1.0000,1.0000,1.0000,0.0000,,1.0000,120.0200
Eton,3 mens,20415 lotte skovaa,0,0,0,,0.3404,0.3333,65,81.4939,FALSE,168.0000,0.0119,0.0119,77.0000,80.6583,1.0000,145.8333
Etude,8 cosmetics,,0,0,0,,0.5368,0.5368,1,65.0718,TRUE,1.0000,1.0000,0.0000,1.0000,65.0718,0.0000,
Eureka,1 home,21819 mariette buksti gram,0,0,0,,0.0653,0.0546,3,98.5192,FALSE,5.0000,0.0000,0.0000,5.0000,98.5192,0.0000,
Eva trio,1 home,21819 mariette buksti gram,0,0,0,,0.4950,0.2356,281,80.1426,TRUE,326.0000,0.6718,0.0736,294.0000,79.1734,24.0000,92.0159
Evoked vila,5 women,25070 adam massigeh,0,0,0,,0.4329,0.4329,1,69.7902,FALSE,1.0000,0.0000,0.0000,1.0000,69.7902,0.0000,
Exuviance,8 cosmetics,21819 mariette buksti gram,0,0,0,,0.3372,0.2525,34,75.4595,TRUE,34.0000,0.9706,0.0000,34.0000,75.4595,0.0000,
Eylure,8 cosmetics,21819 mariette buksti gram,0,0,0,,0.3066,0.3373,14,77.3233,FALSE,14.0000,0.0000,0.0000,14.0000,77.3233,0.0000,
Fable & mane,8 cosmetics,21819 mariette buksti gram,0,0,0,,0.3311,0.2900,15,77.8874,FALSE,19.0000,0.0000,0.0000,16.0000,77.8874,0.0000,
Falcotto,2 kids,,0,0,0,,,,,,FALSE,1.0000,0.0000,0.0000,,,,
Falke,6 lingerie,25070 adam massigeh,0,0,0,,0.3228,0.1600,112,107.0120,TRUE,359.0000,0.4011,0.1978,195.0000,94.3202,41.0000,167.3750
Falke sport,3 mens,20415 lotte skovaa,0,0,0,,,,,135.9585,FALSE,3.0000,1.0000,0.3333,2.0000,119.9041,1.0000,168.0672
Fan palm,1 home,21819 mariette buksti gram,0,0,0,,0.2701,0.1253,13,100.3774,TRUE,25.0000,1.0000,0.0000,23.0000,100.3774,0.0000,
Fanga fontana,2 kids,20415 lotte skovaa,0,0,0,,0.3831,0.4000,42,82.3856,TRUE,58.0000,0.2931,0.0000,58.0000,82.3856,0.0000,
Fantasie,6 lingerie,20415 lotte skovaa,0,0,0,,0.5347,0.5528,19,91.0283,FALSE,75.0000,0.2400,0.2400,32.0000,80.9569,11.0000,120.3270
Fantorangen,2 kids,20415 lotte skovaa,0,0,0,,0.8199,0.7695,11,58.3780,FALSE,11.0000,0.0000,0.0000,11.0000,58.3780,0.0000,
Fat brain toys,2 kids,,0,0,0,,0.6769,0.6364,11,59.8740,FALSE,11.0000,0.0000,0.0000,11.0000,59.8740,0.0000,
Fat moose,3 mens,20415 lotte skovaa,0,0,0,,0.4226,0.6000,11,115.4283,TRUE,71.0000,1.0000,0.0986,50.0000,113.5222,5.0000,134.4895
Faucon,7 w access,20415 lotte skovaa,0,0,0,,1.2531,1.0943,6,53.3166,FALSE,20.0000,0.0000,0.0000,6.0000,53.3166,0.0000,
Fdb møbler,1 home,21819 mariette buksti gram,0,0,0,,0.3977,0.2962,149,74.6867,FALSE,155.0000,0.0000,0.0000,152.0000,74.6867,0.0000,
Fellow,1 home,21819 mariette buksti gram,0,0,0,,0.1329,0.1058,33,101.3782,TRUE,68.0000,0.8529,0.0000,61.0000,101.3782,0.0000,
Femilet,6 lingerie,20415 lotte skovaa,0,0,0,,0.7232,0.2503,77,84.1186,FALSE,128.0000,0.3984,0.3984,65.0000,69.4052,37.0000,109.9663
Fendi vintage,7 w access,,0,0,0,,1.6160,1.4805,3,50.4580,FALSE,693.0000,0.0000,0.0000,3.0000,50.4580,0.0000,
Fenty beauty by rihanna,8 cosmetics,21819 mariette buksti gram,0,0,0,,0.2187,0.1725,125,102.8182,FALSE,583.0000,0.0738,0.0257,441.0000,102.7770,6.0000,105.8413
Fenty skin,8 cosmetics,21819 mariette buksti gram,0,0,0,,0.2794,0.1802,10,104.5850,FALSE,30.0000,0.1333,0.0000,24.0000,104.5850,0.0000,
Ferragamo,8 cosmetics,21819 mariette buksti gram,0,0,0,,0.8018,0.9176,37,63.9248,TRUE,39.0000,1.0000,0.0000,39.0000,63.9248,0.0000,
Fifa,2 kids,,0,0,0,,1.0213,1.0213,1,49.4719,FALSE,1.0000,0.0000,0.0000,1.0000,49.4719,0.0000,
Fila,5 women,,0,0,0,,,,,,FALSE,1.0000,0.0000,0.0000,,,,
Filibabba,2 kids,,0,0,0,,1.0001,1.0001,1,49.9969,FALSE,1.0000,0.0000,0.0000,1.0000,49.9969,0.0000,
Filippa k,5 women,25070 adam massigeh,0,0,0,,0.5853,0.3470,31,102.1686,FALSE,76.0000,0.1711,0.1711,50.0000,83.1604,13.0000,175.2768
Filorga,8 cosmetics,21819 mariette buksti gram,0,0,0,,0.3651,0.2686,46,80.7963,TRUE,53.0000,0.9245,0.0000,53.0000,80.7963,0.0000,
Firefly,3 mens,20415 lotte skovaa,0,0,0,,0.9046,1.0003,51,94.9688,FALSE,363.0000,0.1928,0.1212,304.0000,92.7510,38.0000,112.7115
Fisher-price,2 kids,20415 lotte skovaa,0,0,0,,0.8705,0.7243,30,55.7024,FALSE,30.0000,0.0000,0.0000,30.0000,55.7024,0.0000,
Fiskars,1 home,21819 mariette buksti gram,0,0,0,,0.3741,0.3345,220,79.7838,TRUE,247.0000,0.8907,0.1336,212.0000,75.2881,33.0000,108.6655
Five units,5 women,25070 adam massigeh,0,0,0,,1.2188,1.1100,8,78.1442,TRUE,26.0000,1.0000,0.2308,12.0000,73.5451,1.0000,133.3333
Flattered,7 w access,,0,0,0,,0.0304,0.0384,3,100.1278,FALSE,30.0000,0.0000,0.0000,10.0000,100.1278,0.0000,
Fleshlight,8 cosmetics,75404 jonas linding berg,0,0,0,,0.3830,0.3290,10,72.9770,FALSE,10.0000,0.0000,0.0000,10.0000,72.9770,0.0000,
Fliink,2 kids,20415 lotte skovaa,0,0,0,,0.3103,0.2500,32,104.2643,TRUE,74.0000,1.0000,0.3378,45.0000,104.4202,24.0000,103.9721
Flora danica,8 cosmetics,21819 mariette buksti gram,0,0,0,,0.6876,0.6876,1,59.2567,FALSE,1.0000,1.0000,0.0000,1.0000,59.2567,0.0000,
Florence by mills,8 cosmetics,,0,0,0,,0.6190,0.5395,12,68.4824,FALSE,14.0000,1.0000,1.0000,0.0000,,14.0000,68.4824
Fluffy sand,2 kids,,0,0,0,,0.8636,0.8636,1,53.6589,FALSE,1.0000,0.0000,0.0000,1.0000,53.6589,0.0000,
Fly me to the moon,2 kids,20415 lotte skovaa,0,0,0,,,,,2651.0204,FALSE,1.0000,0.0000,0.0000,1.0000,2651.0204,0.0000,
Flybaby,2 kids,,0,0,0,,0.3548,0.3548,2,94.4819,FALSE,8.0000,0.0000,0.0000,8.0000,94.4819,0.0000,
Foam clay,2 kids,20415 lotte skovaa,0,0,0,,0.6234,0.6234,2,61.6463,FALSE,2.0000,0.0000,0.0000,2.0000,61.6463,0.0000,
Fodboldkort,2 kids,,0,0,0,,0.4788,0.4788,2,68.4879,FALSE,2.0000,0.0000,0.0000,2.0000,68.4879,0.0000,
Folk kombucha,11 food,,0,0,0,,,,,,FALSE,2.0000,0.0000,0.0000,,,,
Footbalance,3 mens,20415 lotte skovaa,0,0,0,,0.5219,0.5219,2,90.3740,FALSE,7.0000,0.0000,0.0000,7.0000,90.3740,0.0000,
Forlaget room2play,2 kids,20415 lotte skovaa,0,0,0,,0.4360,0.4317,14,72.6928,FALSE,15.0000,0.0000,0.0000,15.0000,72.6928,0.0000,
Formthotics,3 mens,,0,0,0,,0.0016,0.0016,1,99.8417,FALSE,1.0000,0.0000,0.0000,1.0000,99.8417,0.0000,
Forét,3 mens,20415 lotte skovaa,0,0,0,,0.4997,0.6667,13,104.6874,FALSE,78.0000,0.2949,0.2949,48.0000,91.5530,22.0000,133.3442
Fossflakes,1 home,21819 mariette buksti gram,0,0,0,,0.4619,0.3604,20,112.3513,TRUE,72.0000,1.0000,0.0000,63.0000,112.3513,0.0000,
Fradi,3 mens,20415 lotte skovaa,0,0,0,,,,,,FALSE,3.0000,0.0000,0.0000,,,,
Fragrance du bois,8 cosmetics,21819 mariette buksti gram,0,0,0,,0.0431,0.0208,5,99.2207,FALSE,14.0000,0.0000,0.0000,14.0000,99.2207,0.0000,
Frama,1 home,21819 mariette buksti gram,0,0,0,,0.0987,0.0211,43,147.2071,FALSE,92.0000,0.0000,0.0000,84.0000,147.2071,0.0000,
Fran&co,11 food,,0,0,0,,,,,,FALSE,22.0000,0.0000,0.0000,,,,
Frandsen,1 home,,0,0,0,,,,,122.8370,FALSE,2.0000,1.0000,1.0000,0.0000,,2.0000,122.8370
Frank body,8 cosmetics,21819 mariette buksti gram,0,0,0,,0.2651,0.2177,3,89.5982,FALSE,5.0000,0.0000,0.0000,5.0000,89.5982,0.0000,
Fred perry,3 mens,20415 lotte skovaa,0,0,0,,0.4149,0.3009,40,86.6653,TRUE,74.0000,0.9324,0.2432,39.0000,83.7891,16.0000,93.6758
Frederic malle,8 cosmetics,,0,0,0,,0.0696,0.0467,25,94.7151,FALSE,36.0000,0.0000,0.0000,28.0000,94.7151,0.0000,
Fresh,8 cosmetics,21819 mariette buksti gram,0,0,0,,0.3341,0.2252,8,84.4000,FALSE,10.0000,0.0000,0.0000,10.0000,84.4000,0.0000,
Freya,6 lingerie,20415 lotte skovaa,0,0,0,,0.3231,0.3159,11,106.6384,FALSE,58.0000,0.3276,0.3276,20.0000,87.3709,11.0000,141.6703
Friis-holm,11 food,61164 jacob bøgeholdt nielsen,0,0,0,,0.1616,0.1616,1,99.1304,FALSE,16.0000,0.0000,0.0000,16.0000,99.1304,0.0000,
Fritz hansen,1 home,21819 mariette buksti gram,0,0,0,,0.1772,0.0821,81,90.3748,TRUE,89.0000,1.0000,0.0674,81.0000,87.9091,6.0000,123.6622
Frozen,2 kids,20415 lotte skovaa,0,0,0,,0.7450,0.6879,12,63.2126,FALSE,13.0000,0.0000,0.0000,13.0000,63.2126,0.0000,
Fruit of the Loom,5 women,25070 adam massigeh,0,0,1,,,,,,FALSE,2.0000,1.0000,1.0000,,,,
Fuchs schmitt,5 women,,0,0,0,,,,,,FALSE,16.0000,0.1875,0.1875,,,,
Fugazzi,8 cosmetics,21819 mariette buksti gram,0,0,0,,0.0902,0.0475,47,93.2064,FALSE,50.0000,0.0000,0.0000,50.0000,93.2064,0.0000,
Fuji film (instax),1 home,21819 mariette buksti gram,0,0,0,,0.4359,0.3953,17,71.2103,FALSE,21.0000,0.0000,0.0000,17.0000,71.2103,0.0000,
Funko pop,2 kids,,0,0,0,,0.3963,0.3963,2,72.2801,FALSE,2.0000,0.0000,0.0000,2.0000,72.2801,0.0000,
Funktion,1 home,21819 mariette buksti gram,0,0,0,,0.4300,0.4287,7,70.3539,FALSE,7.0000,0.0000,0.0000,7.0000,70.3539,0.0000,
Furla,7 w access,,0,0,0,,0.0022,0.0022,1,103.2986,FALSE,8.0000,1.0000,0.0000,4.0000,103.2986,0.0000,
Furreal,2 kids,20415 lotte skovaa,0,0,0,,0.6102,0.5343,6,62.9074,FALSE,6.0000,0.0000,0.0000,6.0000,62.9074,0.0000,
Gabbys dollhouse,2 kids,20415 lotte skovaa,0,0,0,,0.5080,0.4890,18,67.7139,FALSE,19.0000,0.0000,0.0000,18.0000,67.7139,0.0000,
Gabor,7 w access,,0,0,0,,0.1745,0.1458,3,114.7844,TRUE,25.0000,1.0000,0.0400,14.0000,114.6857,1.0000,116.1662
Ganni,5 women,25070 adam massigeh,0,0,0,,0.6440,0.5425,187,81.3824,FALSE,581.0000,0.1997,0.1997,227.0000,74.4891,47.0000,114.6759
Gant,3 mens,20415 lotte skovaa,0,0,0,,0.2827,0.1673,108,104.8553,TRUE,327.0000,0.9939,0.1835,188.0000,99.1907,41.0000,130.8295
Gavekasser,11 food,,0,0,0,,,,,,FALSE,1.0000,0.0000,0.0000,,,,
Gefu,1 home,21819 mariette buksti gram,0,0,0,,0.4430,0.4082,46,76.9352,TRUE,50.0000,1.0000,0.0400,48.0000,76.1274,2.0000,96.3211
Gejst,1 home,21819 mariette buksti gram,0,0,0,,0.1736,0.1430,31,86.7135,TRUE,33.0000,1.0000,0.0000,32.0000,86.7135,0.0000,
Gense,1 home,21819 mariette buksti gram,0,0,0,,0.2823,0.1643,105,83.5667,TRUE,115.0000,0.9739,0.0261,111.0000,83.2612,3.0000,94.8722
Gense living,1 home,21819 mariette buksti gram,0,0,0,,0.1206,0.1206,1,89.2346,FALSE,1.0000,1.0000,0.0000,1.0000,89.2346,0.0000,
Gestuz,5 women,,0,0,0,,2.3333,2.3333,1,30.0000,FALSE,1.0000,0.0000,0.0000,1.0000,30.0000,0.0000,
Gildan,5 women,25070 adam massigeh,0,0,0,,,,,226.6667,FALSE,1.0000,1.0000,1.0000,0.0000,,1.0000,226.6667
Gisada,8 cosmetics,21819 mariette buksti gram,0,0,0,,0.1401,0.1420,30,88.9691,TRUE,32.0000,1.0000,0.0000,32.0000,88.9691,0.0000,
Gisou,8 cosmetics,21819 mariette buksti gram,0,0,0,,0.1364,0.1364,2,98.0102,FALSE,46.0000,0.0000,0.0000,12.0000,98.0102,0.0000,
Givenchy,8 cosmetics,21819 mariette buksti gram,0,0,0,,0.4747,0.4558,71,84.6505,TRUE,98.0000,0.9898,0.0918,84.0000,75.7427,5.0000,234.3019
Givenchy vintage,7 w access,,0,0,0,,,,,,FALSE,191.0000,0.0000,0.0000,,,,
Global,1 home,21819 mariette buksti gram,0,0,0,,0.4084,0.3390,89,80.9462,TRUE,110.0000,0.9909,0.0727,99.0000,76.7318,8.0000,133.0990
Global funk,5 women,25070 adam massigeh,0,0,0,,1.5434,1.9254,6,56.9524,FALSE,7.0000,0.5714,0.5714,3.0000,29.7667,4.0000,77.3417
Global sai,1 home,21819 mariette buksti gram,0,0,0,,0.2693,0.2505,6,82.8139,FALSE,7.0000,1.0000,0.0000,7.0000,82.8139,0.0000,
Glossier,8 cosmetics,,0,0,0,,,,,,FALSE,1.0000,0.0000,0.0000,,,,
Glow recipe,8 cosmetics,21819 mariette buksti gram,0,0,0,,,,,101.6280,FALSE,28.0000,0.0000,0.0000,13.0000,101.6280,0.0000,
Glowery,8 cosmetics,,0,0,0,,,,,109.2763,FALSE,19.0000,0.0000,0.0000,16.0000,109.2763,0.0000,
Glowie copenhagen,8 cosmetics,21819 mariette buksti gram,0,0,0,,0.3670,0.5051,7,79.1117,TRUE,10.0000,0.3000,0.0000,8.0000,79.1117,0.0000,
Gläs,8 cosmetics,75404 jonas linding berg,0,0,0,,,,,,FALSE,2.0000,0.0000,0.0000,,,,
Go travel,3 mens,20415 lotte skovaa,0,0,0,,0.2539,0.1021,74,88.2088,TRUE,89.0000,1.0000,0.0000,88.0000,88.2088,0.0000,
Goa organics,8 cosmetics,,0,0,0,,,,,100.0000,FALSE,14.0000,0.0000,0.0000,2.0000,100.0000,0.0000,
Gold essentials by p,7 w access,20415 lotte skovaa,0,0,0,,0.4151,0.4063,7,79.2822,FALSE,9.0000,0.0000,0.0000,9.0000,79.2822,0.0000,
Goldfield & banks,8 cosmetics,21819 mariette buksti gram,0,0,0,,0.2591,0.1746,40,82.5451,FALSE,43.0000,0.0000,0.0000,41.0000,82.5451,0.0000,
Gonher,2 kids,20415 lotte skovaa,0,0,0,,0.3914,0.3535,6,76.6549,FALSE,7.0000,0.0000,0.0000,7.0000,76.6549,0.0000,
Goo jit zu,2 kids,,0,0,0,,0.3216,0.3216,1,75.6686,FALSE,1.0000,0.0000,0.0000,1.0000,75.6686,0.0000,
Goodies sportive,3 mens,20415 lotte skovaa,0,0,0,,0.0814,0.0323,3,139.3291,TRUE,21.0000,1.0000,0.0476,8.0000,115.0786,1.0000,333.3333
Goorin bros,3 mens,,0,0,0,,0.2644,0.2514,15,93.9794,FALSE,22.0000,0.0000,0.0000,20.0000,93.9794,0.0000,
Gosh,8 cosmetics,21819 mariette buksti gram,0,0,0,,0.6990,0.5820,284,63.1903,FALSE,300.0000,0.0000,0.0000,298.0000,63.1903,0.0000,
Goyard vintage,7 w access,,0,0,0,,,,,,FALSE,73.0000,0.0000,0.0000,,,,
Grande cosmetic,8 cosmetics,21819 mariette buksti gram,0,0,0,,0.4743,0.4521,10,73.3960,FALSE,11.0000,0.0000,0.0000,11.0000,73.3960,0.0000,
Gravitrax,2 kids,,0,0,0,,0.5808,0.5808,1,63.2579,FALSE,1.0000,0.0000,0.0000,1.0000,63.2579,0.0000,
Green rubber toys,2 kids,20415 lotte skovaa,0,0,0,,0.5560,0.5560,1,64.2679,FALSE,1.0000,0.0000,0.0000,1.0000,64.2679,0.0000,
Greenpan,1 home,,0,0,0,,0.0771,0.0489,31,101.7418,TRUE,62.0000,1.0000,0.6290,23.0000,99.4701,28.0000,103.6078
Gregory,3 mens,,0,0,0,,0.3497,0.3497,1,74.0890,FALSE,1.0000,0.0000,0.0000,1.0000,74.0890,0.0000,
Gritti,8 cosmetics,,0,0,0,,0.2762,0.2837,21,82.2830,FALSE,21.0000,0.0000,0.0000,21.0000,82.2830,0.0000,
Grown alchemist,8 cosmetics,21819 mariette buksti gram,0,0,0,,0.1868,0.1393,15,93.3734,TRUE,24.0000,1.0000,0.0000,24.0000,93.3734,0.0000,
Gsi,3 mens,,0,0,0,,0.4629,0.4629,2,68.3935,FALSE,2.0000,0.0000,0.0000,2.0000,68.3935,0.0000,
Gubi,1 home,21819 mariette buksti gram,0,0,0,,0.2662,0.2862,52,81.2012,TRUE,55.0000,0.9818,0.0364,53.0000,79.8604,2.0000,116.7319
Gucci vintage,7 w access,,0,0,0,,0.8476,0.5403,12,77.1799,FALSE,2685.0000,0.0000,0.0000,15.0000,77.1799,0.0000,
Guerlain,8 cosmetics,21819 mariette buksti gram,0,0,0,,0.7170,0.7489,414,60.1675,FALSE,418.0000,0.0000,0.0000,417.0000,60.1675,0.0000,
Guess,7 w access,25070 adam massigeh,0,0,0,,0.3399,0.2292,54,91.9919,TRUE,157.0000,0.9682,0.0318,74.0000,91.1470,3.0000,112.8333
Gun ana,8 cosmetics,21819 mariette buksti gram,0,0,0,,,,,118.1154,TRUE,11.0000,1.0000,0.0000,8.0000,118.1154,0.0000,
Gunman police,2 kids,20415 lotte skovaa,0,0,0,,0.2403,0.2524,4,89.1380,FALSE,7.0000,0.0000,0.0000,7.0000,89.1380,0.0000,
Gurli gris,2 kids,20415 lotte skovaa,0,0,0,,0.5546,0.6006,15,66.3157,FALSE,15.0000,0.0000,0.0000,15.0000,66.3157,0.0000,
Guéri,8 cosmetics,,0,0,0,,0.4504,0.5000,7,93.7698,TRUE,14.0000,0.7143,0.0000,14.0000,93.7698,0.0000,
H.j. hansen,11 food,61164 jacob bøgeholdt nielsen,0,0,0,,0.5137,0.3833,5,80.9172,FALSE,10.0000,0.0000,0.0000,8.0000,80.9172,0.0000,
H2o,3 mens,20415 lotte skovaa,0,0,0,,0.4794,0.4273,10,86.1171,FALSE,22.0000,0.5909,0.5000,10.0000,68.8973,10.0000,103.3369
Hachiman,1 home,21819 mariette buksti gram,0,0,0,,,,,,FALSE,6.0000,0.0000,0.0000,,,,
Han kjøbenhavn,5 women,25070 adam massigeh,0,0,0,,2.3333,2.3333,1,157.5000,FALSE,9.0000,0.4444,0.4444,1.0000,30.0000,1.0000,285.0000
Hanz de fuko,8 cosmetics,,0,0,0,,0.2436,0.1214,10,84.0773,TRUE,11.0000,0.0909,0.0000,11.0000,84.0773,0.0000,
Hape,2 kids,20415 lotte skovaa,0,0,0,,0.6096,0.5386,17,63.4804,FALSE,17.0000,0.0000,0.0000,17.0000,63.4804,0.0000,
Happy baby,2 kids,20415 lotte skovaa,0,0,0,,0.5352,0.5352,1,65.1379,FALSE,1.0000,0.0000,0.0000,1.0000,65.1379,0.0000,
Happy pets,2 kids,,0,0,0,,0.2133,0.2133,1,82.4165,FALSE,1.0000,0.0000,0.0000,1.0000,82.4165,0.0000,
Happy socks,3 mens,20415 lotte skovaa,0,0,0,,0.0484,0.0068,10,110.3106,TRUE,64.0000,1.0000,0.0000,24.0000,110.3106,0.0000,
Hario,11 food,61164 jacob bøgeholdt nielsen,0,0,0,,0.3287,0.2869,22,78.5590,FALSE,24.0000,0.0000,0.0000,23.0000,78.5590,0.0000,
Harry potter,2 kids,20415 lotte skovaa,0,0,0,,1.2681,0.7798,3,47.8901,FALSE,3.0000,0.3333,0.3333,2.0000,43.7415,1.0000,56.1873
Haruharu wonder,8 cosmetics,,0,0,0,,0.6440,0.7444,4,62.3851,TRUE,4.0000,1.0000,0.0000,4.0000,62.3851,0.0000,
Hasbro,2 kids,20415 lotte skovaa,0,0,0,,0.7475,0.7064,6,59.5667,FALSE,6.0000,0.0000,0.0000,6.0000,59.5667,0.0000,
Haus labs,8 cosmetics,21819 mariette buksti gram,0,0,0,,0.5103,0.5103,1,99.6116,FALSE,142.0000,0.0070,0.0070,25.0000,99.6116,0.0000,
Head,3 mens,,0,0,0,,0.6554,0.6240,36,65.2195,FALSE,39.0000,0.0000,0.0000,39.0000,65.2195,0.0000,
Headspace,8 cosmetics,21819 mariette buksti gram,0,0,0,,0.1305,0.1036,17,90.2300,FALSE,19.0000,0.0000,0.0000,19.0000,90.2300,0.0000,
Heartmade,5 women,25070 adam massigeh,0,0,0,,0.3406,0.4286,17,105.0928,TRUE,55.0000,0.1818,0.1818,37.0000,90.2575,10.0000,159.9834
Helena rubinstein,8 cosmetics,21819 mariette buksti gram,0,0,0,,0.2208,0.1853,20,85.1032,TRUE,22.0000,0.8636,0.0000,22.0000,85.1032,0.0000,
Helmstedt,5 women,,0,0,0,,0.5515,0.0005,3,116.4810,FALSE,24.0000,0.9167,0.9167,1.0000,37.6842,11.0000,123.6444
Hermès,8 cosmetics,21819 mariette buksti gram,0,0,0,,0.3814,0.3131,126,93.5758,TRUE,434.0000,0.3456,0.0000,218.0000,93.5758,0.0000,
Hermès vintage,7 w access,,0,0,0,,0.3892,0.3892,1,71.9823,FALSE,328.0000,0.0000,0.0000,1.0000,71.9823,0.0000,
Hero,8 cosmetics,21819 mariette buksti gram,0,0,0,,0.0417,0.0417,2,96.0699,TRUE,2.0000,1.0000,0.0000,2.0000,96.0699,0.0000,
Herskind,5 women,,0,0,0,,,,,,FALSE,3.0000,0.3333,0.0000,,,,
Hestra,3 mens,20415 lotte skovaa,0,0,0,,0.4678,0.4361,20,72.1825,FALSE,24.0000,0.0000,0.0000,22.0000,72.1825,0.0000,
Hex bots,2 kids,,0,0,0,,0.2871,0.2871,2,77.7222,FALSE,2.0000,0.0000,0.0000,2.0000,77.7222,0.0000,
Himla,1 home,21819 mariette buksti gram,0,0,0,,0.1014,0.0105,4,95.9723,FALSE,7.0000,1.0000,1.0000,0.0000,,7.0000,95.9723
Hk living,1 home,21819 mariette buksti gram,0,0,0,,0.0147,0.0032,12,106.2689,FALSE,24.0000,1.0000,0.0833,21.0000,104.8691,2.0000,120.9666
Hoff,7 w access,,0,0,0,,0.2486,0.2102,4,90.7836,FALSE,11.0000,0.0000,0.0000,8.0000,90.7836,0.0000,
Hoka,3 mens,25070 adam massigeh,0,0,0,,15.7593,0.4868,75,69.3451,TRUE,82.0000,0.3415,0.0000,79.0000,69.3451,0.0000,
Holdit,7 w access,25070 adam massigeh,0,0,0,,0.4626,0.3333,142,108.1574,TRUE,374.0000,1.0000,0.0561,284.0000,99.2580,19.0000,241.1814
Hollister,8 cosmetics,,0,0,0,,0.7521,0.4270,29,78.0960,FALSE,39.0000,1.0000,0.0000,37.0000,78.0960,0.0000,
Holm,1 home,21819 mariette buksti gram,0,0,0,,0.7109,0.6941,25,60.6330,FALSE,25.0000,0.0400,0.0400,24.0000,58.9935,1.0000,99.9800
Holmegaard,1 home,21819 mariette buksti gram,0,0,0,,0.4321,0.3421,105,77.7024,TRUE,121.0000,0.8182,0.1322,105.0000,75.3006,16.0000,93.4644
Holzweiler,5 women,25070 adam massigeh,0,0,0,,,,,433.1429,FALSE,5.0000,0.6000,0.6000,0.0000,,1.0000,433.1429
Honey,8 cosmetics,21819 mariette buksti gram,0,0,0,,,,,119.9730,TRUE,11.0000,0.9091,0.0000,10.0000,119.9730,0.0000,
Hoptimist,1 home,21819 mariette buksti gram,0,0,0,,0.4476,0.3918,93,71.6368,FALSE,94.0000,0.0000,0.0000,94.0000,71.6368,0.0000,
Houbigant paris,8 cosmetics,,0,0,0,,0.4835,0.4835,2,101.9986,FALSE,11.0000,0.0000,0.0000,11.0000,101.9986,0.0000,
House of sander,1 home,21819 mariette buksti gram,0,0,0,,0.1681,0.1745,4,167.1373,FALSE,10.0000,0.6000,0.6000,4.0000,85.9636,6.0000,221.2530
House of vincent,7 w access,20415 lotte skovaa,0,0,0,,0.4842,0.5240,25,88.7238,FALSE,66.0000,0.0455,0.0455,59.0000,87.1280,3.0000,120.1071
Hudson,6 lingerie,25070 adam massigeh,0,0,0,,0.8182,0.7606,6,110.5848,FALSE,147.0000,0.2109,0.2109,14.0000,81.0025,10.0000,152.0000
Hueman,8 cosmetics,75404 jonas linding berg,0,0,0,,0.3381,0.3650,3,87.9937,FALSE,11.0000,0.0000,0.0000,6.0000,87.9937,0.0000,
Hugo,3 mens,20415 lotte skovaa,0,0,0,,0.3348,0.2500,27,109.4640,TRUE,64.0000,0.9844,0.0938,45.0000,100.8590,3.0000,238.5377
Hultquist,7 w access,20415 lotte skovaa,0,0,0,,0.4902,0.2994,167,81.0476,FALSE,321.0000,0.0000,0.0000,259.0000,81.0476,0.0000,
Humdakin,1 home,21819 mariette buksti gram,0,0,0,,0.1285,0.1015,95,99.9130,TRUE,160.0000,1.0000,0.1313,137.0000,99.4345,21.0000,103.0343
Hunkemöller,6 lingerie,20415 lotte skovaa,0,0,0,,0.4682,0.1810,111,97.1563,FALSE,307.0000,0.2182,0.2182,186.0000,90.0396,55.0000,121.2238
Hust & claire,2 kids,20415 lotte skovaa,0,0,0,,0.7907,0.6667,72,83.4588,TRUE,221.0000,0.2443,0.0905,120.0000,81.7493,11.0000,102.1068
Hvisk,7 w access,,0,0,0,,,,,,FALSE,1.0000,0.0000,0.0000,,,,
Hype the detail,6 lingerie,25070 adam massigeh,0,0,0,,0.7589,0.2789,26,75.8821,FALSE,33.0000,0.0000,0.0000,31.0000,75.8821,0.0000,
Høie,1 home,21819 mariette buksti gram,0,0,0,,0.3266,0.2103,109,92.9041,TRUE,257.0000,1.0000,0.0973,143.0000,90.3583,23.0000,108.7323
Ib laursen,1 home,21819 mariette buksti gram,0,0,0,,0.2929,0.1508,88,96.0734,TRUE,195.0000,0.8462,0.0256,145.0000,95.2717,5.0000,119.3215
Icaniwill,3 mens,,0,0,0,,0.2666,0.3353,26,94.2698,FALSE,77.0000,0.0909,0.0000,74.0000,94.2698,0.0000,
Iconic london,8 cosmetics,21819 mariette buksti gram,0,0,0,,0.6847,0.5645,84,69.0731,TRUE,93.0000,0.0215,0.0000,91.0000,69.0731,0.0000,
Ida sjöstedt,5 women,25070 adam massigeh,0,0,0,,0.3077,0.2336,18,95.3586,TRUE,43.0000,1.0000,0.0465,30.0000,94.3656,1.0000,125.1474
Ida warg beauty,8 cosmetics,21819 mariette buksti gram,0,0,0,,0.0644,0.0114,3,106.6363,FALSE,12.0000,0.0000,0.0000,12.0000,106.6363,0.0000,
Il kuoio,3 mens,20415 lotte skovaa,0,0,0,,0.6880,0.6880,1,59.2428,TRUE,14.0000,1.0000,0.0714,1.0000,59.2428,0.0000,
Iles formula,8 cosmetics,21819 mariette buksti gram,0,0,0,,0.2116,0.1613,13,94.9205,FALSE,14.0000,0.0000,0.0000,14.0000,94.9205,0.0000,
Ilia,8 cosmetics,21819 mariette buksti gram,0,0,0,,0.1909,0.0932,96,89.0175,FALSE,119.0000,0.0000,0.0000,114.0000,89.0175,0.0000,
Ilse jacobsen,5 women,25070 adam massigeh,0,0,0,,189.6357,0.4540,49,84.2954,TRUE,138.0000,0.4638,0.1014,76.0000,79.1965,10.0000,123.0469
Ilse jacobsen home,1 home,21819 mariette buksti gram,0,0,0,,0.1702,0.1115,9,92.2177,FALSE,33.0000,0.0000,0.0000,15.0000,92.2177,0.0000,
Ilso,8 cosmetics,,0,0,0,,0.0088,0.0088,1,110.6055,TRUE,3.0000,1.0000,0.0000,3.0000,110.6055,0.0000,
Impetus,3 mens,20415 lotte skovaa,0,0,0,,0.3304,0.2008,26,91.5022,TRUE,124.0000,0.0081,0.0000,54.0000,91.5022,0.0000,
Initio parfums privés,8 cosmetics,21819 mariette buksti gram,0,0,0,,0.2265,0.2432,32,85.4727,FALSE,37.0000,0.0000,0.0000,36.0000,85.4727,0.0000,
Innersense,8 cosmetics,,0,0,0,,0.7537,0.3389,65,73.6459,FALSE,78.0000,0.0000,0.0000,78.0000,73.6459,0.0000,
Innisfree,8 cosmetics,21819 mariette buksti gram,0,0,0,,0.1038,0.1038,1,90.5987,FALSE,14.0000,0.0000,0.0000,1.0000,90.5987,0.0000,
Intersport,3 mens,20415 lotte skovaa,0,0,0,,0.6910,0.5263,7,87.3420,FALSE,22.0000,0.1364,0.0455,18.0000,86.6388,1.0000,100.0000
Intimina,8 cosmetics,75404 jonas linding berg,0,0,0,,0.4526,0.3828,15,76.1563,FALSE,17.0000,0.0000,0.0000,17.0000,76.1563,0.0000,
Invisiboble,8 cosmetics,21819 mariette buksti gram,0,0,0,,0.1518,0.1558,12,100.3550,FALSE,30.0000,0.0000,0.0000,24.0000,100.3550,0.0000,
Iro,5 women,25070 adam massigeh,0,0,0,,0.1329,0.0292,3,96.2549,TRUE,46.0000,0.9783,0.3261,7.0000,96.2549,0.0000,
Iroha,8 cosmetics,75404 jonas linding berg,0,0,0,,0.1783,0.1909,8,88.1771,FALSE,13.0000,0.0000,0.0000,10.0000,88.1771,0.0000,
Isle of paradis,8 cosmetics,21819 mariette buksti gram,0,0,0,,0.3861,0.3721,12,83.1042,FALSE,18.0000,0.0556,0.0000,17.0000,83.1042,0.0000,
Isntree,8 cosmetics,21819 mariette buksti gram,0,0,0,,0.5702,0.4921,21,65.6991,TRUE,21.0000,1.0000,0.0000,21.0000,65.6991,0.0000,
Issey miyake,8 cosmetics,21819 mariette buksti gram,0,0,0,,0.9120,0.7899,37,62.6085,TRUE,40.0000,1.0000,0.0000,40.0000,62.6085,0.0000,
Italian brainrot,2 kids,,0,0,0,,0.3352,0.2652,3,77.4309,FALSE,3.0000,0.0000,0.0000,3.0000,77.4309,0.0000,
Iunik,8 cosmetics,21819 mariette buksti gram,0,0,0,,0.2992,0.1824,12,83.3910,TRUE,13.0000,1.0000,0.0000,13.0000,83.3910,0.0000,
Ivy oak,5 women,,0,0,0,,0.1799,0.0658,3,95.9216,FALSE,21.0000,0.0000,0.0000,8.0000,95.9216,0.0000,
Izipizi,1 home,21819 mariette buksti gram,0,0,0,,0.1976,0.1000,123,85.3740,FALSE,161.0000,0.0000,0.0000,124.0000,85.3740,0.0000,
Jacob jensen,1 home,21819 mariette buksti gram,0,0,0,,0.3104,0.2001,11,89.6120,TRUE,13.0000,1.0000,0.1538,11.0000,77.6496,2.0000,155.4048
Jacquemus vintage,7 w access,,0,0,0,,,,,,FALSE,20.0000,0.0000,0.0000,,,,
Jan van haasteren puslespil,2 kids,20415 lotte skovaa,0,0,0,,0.3046,0.2393,13,77.1026,FALSE,14.0000,0.0000,0.0000,13.0000,77.1026,0.0000,
Jane kønig,7 w access,20415 lotte skovaa,0,0,0,,0.9144,0.8072,155,65.2600,TRUE,192.0000,0.0104,0.0104,189.0000,64.7613,2.0000,112.3889
Janod,2 kids,20415 lotte skovaa,0,0,0,,0.3977,0.3507,9,75.6276,FALSE,10.0000,0.0000,0.0000,10.0000,75.6276,0.0000,
Javida,8 cosmetics,,0,0,0,,0.2744,0.2625,3,78.9302,FALSE,7.0000,0.0000,0.0000,3.0000,78.9302,0.0000,
Jbs of denmark,6 lingerie,20415 lotte skovaa,0,0,0,,0.6362,0.4120,84,74.9992,TRUE,106.0000,0.0660,0.0660,95.0000,71.6664,6.0000,127.7685
Jean dubost,1 home,21819 mariette buksti gram,0,0,0,,0.2361,0.0730,21,99.3758,FALSE,36.0000,1.0000,0.0000,33.0000,99.3758,0.0000,
Jelly blox,2 kids,20415 lotte skovaa,0,0,0,,0.7293,0.6643,4,58.7921,FALSE,4.0000,0.0000,0.0000,4.0000,58.7921,0.0000,
Jil sander vintage,,,0,0,0,,,,,,FALSE,4.0000,0.0000,0.0000,,,,
Jimmy choo,8 cosmetics,21819 mariette buksti gram,0,0,0,,0.7839,0.7571,51,58.7054,TRUE,52.0000,1.0000,0.0000,52.0000,58.7054,0.0000,
Jimmy choo vintage,7 w access,,0,0,0,,,,,,FALSE,24.0000,0.0000,0.0000,,,,
Jj-rebel,3 mens,,0,0,0,,0.0899,0.0899,1,112.7333,FALSE,15.0000,1.0000,0.0000,9.0000,112.7333,0.0000,
Jo malone london,8 cosmetics,21819 mariette buksti gram,0,0,0,,0.2049,0.1789,62,88.1250,FALSE,95.0000,0.0000,0.0000,81.0000,88.1250,0.0000,
John,2 kids,20415 lotte skovaa,0,0,0,,0.1539,0.1539,1,86.6622,FALSE,1.0000,0.0000,0.0000,1.0000,86.6622,0.0000,
John deere,2 kids,,0,0,0,,0.6372,0.6372,2,61.4654,FALSE,2.0000,0.0000,0.0000,2.0000,61.4654,0.0000,
Jonathan adler,1 home,21819 mariette buksti gram,0,0,0,,,,,129.9201,FALSE,2.0000,1.0000,1.0000,0.0000,,2.0000,129.9201
Jorgobé,8 cosmetics,21819 mariette buksti gram,0,0,0,,,,,104.6185,TRUE,6.0000,1.0000,0.0000,6.0000,104.6185,0.0000,
Jost,3 mens,20415 lotte skovaa,0,0,0,,0.2217,0.1667,23,104.7623,TRUE,55.0000,1.0000,0.3818,32.0000,115.7744,20.0000,87.1429
Judith,2 kids,20415 lotte skovaa,0,0,0,,0.5183,0.6669,7,83.7882,FALSE,12.0000,0.0000,0.0000,12.0000,83.7882,0.0000,
Judith & sally,2 kids,20415 lotte skovaa,0,0,0,,0.3334,0.3334,1,74.9937,FALSE,1.0000,0.0000,0.0000,1.0000,74.9937,0.0000,
Juicy couture,5 women,25070 adam massigeh,0,0,0,,1.2023,0.9201,15,85.6553,TRUE,40.0000,1.0000,0.4000,22.0000,75.5906,3.0000,159.4631
Julie sandlau,7 w access,20415 lotte skovaa,0,0,0,,0.4889,0.3636,26,94.9360,FALSE,117.0000,0.0000,0.0000,117.0000,94.9360,0.0000,
Jurassic world,2 kids,20415 lotte skovaa,0,0,0,,0.7575,0.6574,3,57.4110,FALSE,3.0000,0.3333,0.3333,2.0000,55.1800,1.0000,61.8729
Jurlique,8 cosmetics,21819 mariette buksti gram,0,0,0,,0.6120,0.6440,38,65.2022,TRUE,40.0000,0.9750,0.0000,40.0000,65.2022,0.0000,
Jurrasic world,2 kids,,0,0,0,,0.6556,0.6141,4,61.2741,FALSE,4.0000,0.0000,0.0000,4.0000,61.2741,0.0000,
K2,3 mens,,0,0,0,,0.5248,0.4977,10,75.0787,FALSE,13.0000,0.0000,0.0000,13.0000,75.0787,0.0000,
Kaffe curve,5 women,25070 adam massigeh,0,0,0,,0.2377,0.1856,86,116.3440,TRUE,239.0000,1.0000,0.4226,93.0000,96.2096,81.0000,139.4613
Kaloo,2 kids,20415 lotte skovaa,0,0,0,,0.3780,0.2703,22,81.0255,FALSE,27.0000,0.0000,0.0000,26.0000,81.0255,0.0000,
Kampmanns,1 home,,0,0,0,,0.0323,0.0227,3,98.6680,FALSE,15.0000,0.0000,0.0000,7.0000,98.6680,0.0000,
Kaos,2 kids,,0,0,0,,0.2411,0.2544,18,86.4285,FALSE,25.0000,0.0000,0.0000,25.0000,86.4285,0.0000,
Karamelleriet,11 food,,0,0,0,,0.3825,0.2500,4,85.3056,FALSE,7.0000,0.0000,0.0000,7.0000,85.3056,0.0000,
Karen by simonsen,5 women,25070 adam massigeh,0,0,0,,0.2738,0.3378,15,130.0965,FALSE,117.0000,1.0000,1.0000,0.0000,,87.0000,130.0965
Kari traa,3 mens,,0,0,0,,1.0269,1.1234,13,53.2404,FALSE,13.0000,0.0000,0.0000,13.0000,53.2404,0.0000,
Karl lagerfeld,8 cosmetics,21819 mariette buksti gram,0,0,0,,1.0354,0.9800,55,60.3476,TRUE,62.0000,0.9839,0.0161,60.0000,59.7535,1.0000,95.9921
Karmameju skincare,8 cosmetics,21819 mariette buksti gram,0,0,0,,0.3702,0.3333,127,75.1061,FALSE,131.0000,0.0000,0.0000,131.0000,75.1061,0.0000,
Kasia lilja,1 home,21819 mariette buksti gram,0,0,0,,0.5255,0.2002,8,72.4846,FALSE,8.0000,1.0000,0.0000,8.0000,72.4846,0.0000,
Kasper og sofie,2 kids,,0,0,0,,0.2988,0.2988,2,78.7356,FALSE,3.0000,0.0000,0.0000,2.0000,78.7356,0.0000,
Kawaii kuties,2 kids,,0,0,0,,,,,,FALSE,1.0000,0.0000,0.0000,,,,
Kay bojesen aps,1 home,21819 mariette buksti gram,0,0,0,,0.0866,0.0679,58,97.9033,TRUE,80.0000,1.0000,0.0500,76.0000,94.8756,4.0000,155.4304
Kay bojesen jewelry,7 w access,20415 lotte skovaa,0,0,0,,0.2384,0.2503,7,92.9732,FALSE,30.0000,0.0000,0.0000,16.0000,92.9732,0.0000,
Kempa,3 mens,,0,0,0,,0.3888,0.5405,7,84.1587,FALSE,10.0000,0.0000,0.0000,10.0000,84.1587,0.0000,
Kenzo,8 cosmetics,21819 mariette buksti gram,0,0,0,,0.6249,0.6363,36,66.4211,TRUE,44.0000,0.8636,0.0000,40.0000,66.4211,0.0000,
Kenzoki,8 cosmetics,21819 mariette buksti gram,0,0,0,,0.4633,0.4633,1,68.3377,FALSE,3.0000,0.0000,0.0000,1.0000,68.3377,0.0000,
Kessler,3 mens,20415 lotte skovaa,0,0,0,,0.1216,0.1216,1,122.7575,FALSE,12.0000,0.9167,0.0000,8.0000,122.7575,0.0000,
Kiddy,2 kids,20415 lotte skovaa,0,0,0,,0.2748,0.2748,2,85.7731,FALSE,7.0000,0.0000,0.0000,3.0000,85.7731,0.0000,
Kilian paris,8 cosmetics,21819 mariette buksti gram,0,0,0,,0.2460,0.1800,60,83.8758,FALSE,71.0000,0.0000,0.0000,66.0000,83.8758,0.0000,
Kinetic sand,2 kids,20415 lotte skovaa,0,0,0,,1.0508,0.8250,21,52.2003,FALSE,21.0000,0.0000,0.0000,21.0000,52.2003,0.0000,
Kintobe,7 w access,,0,0,0,,1.0025,1.0025,1,90.0129,FALSE,50.0000,0.0000,0.0000,5.0000,90.0129,0.0000,
Klippan,1 home,21819 mariette buksti gram,0,0,0,,,,,,FALSE,6.0000,0.0000,0.0000,,,,
Klitmøller collectiv,3 mens,,0,0,0,,,,,154.8910,FALSE,3.0000,0.6667,0.6667,0.0000,,1.0000,154.8910
Klub venus,8 cosmetics,75404 jonas linding berg,0,0,0,,,,,100.2779,FALSE,2.0000,0.0000,0.0000,2.0000,100.2779,0.0000,
Knabstrup keramik,1 home,21819 mariette buksti gram,0,0,0,,0.3707,0.3376,43,85.6748,TRUE,61.0000,0.5738,0.3443,40.0000,80.7628,21.0000,95.0310
Knirps,3 mens,20415 lotte skovaa,0,0,0,,0.1993,0.1670,4,89.7391,FALSE,6.0000,0.0000,0.0000,6.0000,89.7391,0.0000,
Knowledge cotton apparel,3 mens,20415 lotte skovaa,0,0,0,,0.3462,0.3122,50,105.8700,TRUE,126.0000,1.0000,0.1984,91.0000,100.5009,16.0000,136.4069
Kochblume,1 home,21819 mariette buksti gram,0,0,0,,0.3043,0.0540,8,88.0770,TRUE,9.0000,1.0000,0.0000,9.0000,88.0770,0.0000,
Kodanska,1 home,21819 mariette buksti gram,0,0,0,,0.7300,0.9530,7,102.2885,FALSE,12.0000,1.0000,0.5000,6.0000,81.7546,6.0000,122.8225
Kora organics,8 cosmetics,21819 mariette buksti gram,0,0,0,,0.1016,0.0669,9,100.7864,TRUE,14.0000,1.0000,0.0000,14.0000,100.7864,0.0000,
Korres,8 cosmetics,21819 mariette buksti gram,0,0,0,,0.1413,0.1071,27,91.0191,TRUE,30.0000,1.0000,0.0000,30.0000,91.0191,0.0000,
Kosas,8 cosmetics,21819 mariette buksti gram,0,0,0,,0.0727,0.0727,2,99.8041,FALSE,195.0000,0.0000,0.0000,57.0000,99.8041,0.0000,
Kpop demon hunters,2 kids,,0,0,0,,0.3657,0.2984,29,77.7135,FALSE,32.0000,0.0000,0.0000,32.0000,77.7135,0.0000,
Krea,2 kids,20415 lotte skovaa,0,0,0,,0.5723,0.5787,11,63.9961,FALSE,11.0000,0.0000,0.0000,11.0000,63.9961,0.0000,
Kreafunk,1 home,21819 mariette buksti gram,0,0,0,,0.2550,0.0692,83,90.6884,TRUE,112.0000,1.0000,0.0000,108.0000,90.6884,0.0000,
Kronstadt kids,2 kids,,0,0,0,,,,,,FALSE,1.0000,0.0000,0.0000,,,,
Ksecret,8 cosmetics,,0,0,0,,0.5754,0.5866,4,64.0385,TRUE,4.0000,1.0000,0.0000,4.0000,64.0385,0.0000,
Kunert,6 lingerie,25070 adam massigeh,0,0,0,,0.8905,0.7262,9,84.3540,FALSE,188.0000,0.1596,0.1596,13.0000,73.5222,9.0000,100.0000
Kusmi tea,11 food,61164 jacob bøgeholdt nielsen,0,0,0,,0.1114,0.0723,15,91.1179,FALSE,26.0000,0.0000,0.0000,16.0000,91.1179,0.0000,
Kvd beauty,8 cosmetics,21819 mariette buksti gram,0,0,0,,,,,311.7310,FALSE,12.0000,1.0000,1.0000,0.0000,,12.0000,311.7310
Kylie Cosmetics,,,0,0,1,,,,,,FALSE,,,,,,,
Kylie jenner,8 cosmetics,21819 mariette buksti gram,0,0,0,,0.2015,0.2082,11,101.0956,TRUE,22.0000,1.0000,0.0000,21.0000,101.0956,0.0000,
Küchenprofi,1 home,,0,0,0,,0.2410,0.2410,2,81.0464,FALSE,2.0000,1.0000,0.0000,2.0000,81.0464,0.0000,
L'oréal professionnel,8 cosmetics,21819 mariette buksti gram,0,0,0,,1.0796,0.9456,92,49.9544,FALSE,92.0000,0.0000,0.0000,92.0000,49.9544,0.0000,
L:a bruket,1 home,21819 mariette buksti gram,0,0,0,,0.1270,0.0691,36,100.6639,TRUE,89.0000,1.0000,0.0562,77.0000,100.3043,5.0000,106.2018
La belle-iloise,11 food,,0,0,0,,,,,,FALSE,8.0000,0.0000,0.0000,,,,
La closerie des parf,8 cosmetics,,0,0,0,,0.0007,0.0007,1,101.7782,FALSE,10.0000,0.0000,0.0000,8.0000,101.7782,0.0000,
La compagnie bretonn,11 food,,0,0,0,,,,,,FALSE,1.0000,0.0000,0.0000,,,,
La femme rousse,5 women,,0,0,0,,,,,,FALSE,1.0000,0.0000,0.0000,,,,
La mer,8 cosmetics,21819 mariette buksti gram,0,0,0,,0.1967,0.1516,58,92.0992,TRUE,77.0000,0.8052,0.0000,75.0000,92.0992,0.0000,
La pavoni,1 home,,0,0,0,,0.2869,0.2513,5,77.9880,FALSE,5.0000,0.0000,0.0000,5.0000,77.9880,0.0000,
La prairie,8 cosmetics,21819 mariette buksti gram,0,0,0,,0.2218,0.1882,66,85.7524,TRUE,75.0000,0.7733,0.0000,72.0000,85.7524,0.0000,
La rochére,1 home,,0,0,0,,4.6137,4.6137,1,17.8135,FALSE,1.0000,1.0000,0.0000,1.0000,17.8135,0.0000,
Lacoste,3 mens,20415 lotte skovaa,0,0,0,,0.3417,0.3395,103,91.4480,TRUE,166.0000,0.9217,0.0120,149.0000,90.7195,1.0000,200.0000
Lady avenue,6 lingerie,20415 lotte skovaa,0,0,0,,,,,100.0645,FALSE,37.0000,0.0000,0.0000,25.0000,100.0645,0.0000,
Laguiole tradition,1 home,21819 mariette buksti gram,0,0,0,,0.6245,0.6245,2,113.3962,TRUE,32.0000,1.0000,0.0312,31.0000,112.9685,1.0000,126.6577
Lakridseriet,11 food,,0,0,0,,,,,,FALSE,2.0000,0.0000,0.0000,,,,
Lamaze,2 kids,20415 lotte skovaa,0,0,0,,0.8208,0.6818,15,58.2945,FALSE,15.0000,0.0000,0.0000,15.0000,58.2945,0.0000,
Lamper og disco lys,2 kids,20415 lotte skovaa,0,0,0,,0.2746,0.2575,9,92.1523,FALSE,14.0000,0.0000,0.0000,14.0000,92.1523,0.0000,
Lancaster,8 cosmetics,21819 mariette buksti gram,0,0,0,,0.5324,0.4831,39,66.4639,TRUE,39.0000,1.0000,0.0000,39.0000,66.4639,0.0000,
Laneige,8 cosmetics,21819 mariette buksti gram,0,0,0,,0.4053,0.2431,27,87.2138,FALSE,48.0000,0.0208,0.0208,36.0000,86.4441,1.0000,114.9242
Langkilde & søn,1 home,21819 mariette buksti gram,0,0,0,,0.3191,0.2513,16,83.0935,FALSE,27.0000,0.0000,0.0000,19.0000,83.0935,0.0000,
Lanolips,8 cosmetics,21819 mariette buksti gram,0,0,0,,0.1893,0.1378,4,93.8130,FALSE,15.0000,0.0000,0.0000,10.0000,93.8130,0.0000,
Laser x,2 kids,,0,0,0,,0.2575,0.2575,1,79.5199,FALSE,1.0000,0.0000,0.0000,1.0000,79.5199,0.0000,
Lauren ralph lauren,5 women,25070 adam massigeh,0,0,0,,0.2308,0.1961,63,121.8117,TRUE,169.0000,0.9941,0.5503,66.0000,97.0646,71.0000,144.8160
Le bonnet,,,0,0,0,,,,,,FALSE,16.0000,0.0000,0.0000,,,,
Le galion,8 cosmetics,21819 mariette buksti gram,0,0,0,,0.0538,0.0538,1,130.0010,FALSE,14.0000,1.0000,0.0000,11.0000,130.0010,0.0000,
Le labo,8 cosmetics,21819 mariette buksti gram,0,0,0,,0.1164,0.0935,44,99.5076,FALSE,98.0000,0.0000,0.0000,68.0000,99.5076,0.0000,
Le monde gourmand,8 cosmetics,,0,0,0,,0.3444,0.3444,2,89.7775,FALSE,13.0000,0.0000,0.0000,5.0000,89.7775,0.0000,
Lee,5 women,25070 adam massigeh,0,0,0,,0.6394,0.3968,42,100.7942,TRUE,87.0000,0.6667,0.3448,47.0000,76.7206,17.0000,167.3506
Legetøj,2 kids,,0,0,0,,0.5622,0.5473,3,64.2182,FALSE,3.0000,0.0000,0.0000,3.0000,64.2182,0.0000,
Lego kidswear/lego børnetøj,2 kids,20415 lotte skovaa,0,0,0,,0.1693,0.1177,19,131.5884,FALSE,153.0000,0.4771,0.4771,12.0000,84.8089,45.0000,144.0629
Lelit,1 home,21819 mariette buksti gram,0,0,0,,0.2410,0.0933,11,94.4131,TRUE,23.0000,1.0000,0.0000,18.0000,94.4131,0.0000,
Lelo,8 cosmetics,75404 jonas linding berg,0,0,0,,0.2934,0.1560,14,80.1871,FALSE,14.0000,0.0000,0.0000,14.0000,80.1871,0.0000,
Leonhard heyden,3 mens,,0,0,0,,,,,142.8571,FALSE,1.0000,1.0000,0.0000,1.0000,142.8571,0.0000,
Leopold vienna,1 home,21819 mariette buksti gram,0,0,0,,0.8049,0.7096,5,58.6716,TRUE,5.0000,1.0000,0.0000,5.0000,58.6716,0.0000,
Lernberger stafsing,8 cosmetics,21819 mariette buksti gram,0,0,0,,0.4125,0.4222,49,76.8699,FALSE,56.0000,0.3571,0.0000,56.0000,76.8699,0.0000,
Les deux,3 mens,20415 lotte skovaa,0,0,0,,0.2630,0.2330,61,106.0553,TRUE,236.0000,0.9449,0.2161,145.0000,96.3791,32.0000,149.9008
Les eaux primordiales,8 cosmetics,21819 mariette buksti gram,0,0,0,,0.0638,0.0102,31,95.8423,FALSE,40.0000,0.0000,0.0000,37.0000,95.8423,0.0000,
Levete room,5 women,25070 adam massigeh,0,0,0,,0.4550,0.2499,57,117.1052,TRUE,142.0000,0.3310,0.3310,85.0000,87.5135,46.0000,171.7855
Lexington,1 home,21819 mariette buksti gram,0,0,0,,0.5273,0.2633,90,96.5400,TRUE,195.0000,1.0000,0.0615,170.0000,94.9361,8.0000,130.6224
Libertine-libertine,3 mens,,0,0,0,,,,,,FALSE,2.0000,0.5000,0.5000,,,,
Lie gourmet,11 food,61164 jacob bøgeholdt nielsen,0,0,0,,0.2062,0.0873,5,91.3691,FALSE,8.0000,0.0000,0.0000,8.0000,91.3691,0.0000,
Liga,1 home,21819 mariette buksti gram,0,0,0,,,,,149.8208,TRUE,3.0000,1.0000,1.0000,0.0000,,3.0000,149.8208
Lightinderm,8 cosmetics,,0,0,0,,,,,121.4975,FALSE,8.0000,0.0000,0.0000,5.0000,121.4975,0.0000,
Lil' atelier,2 kids,20415 lotte skovaa,0,0,0,,0.2013,0.0715,205,100.5084,TRUE,353.0000,1.0000,0.2408,248.0000,97.4217,81.0000,109.9592
Lilisxmas,1 home,21819 mariette buksti gram,0,0,0,,,,,,FALSE,2.0000,0.0000,0.0000,,,,
Lind dna,1 home,21819 mariette buksti gram,0,0,0,,0.1269,0.0759,45,93.1565,TRUE,60.0000,1.0000,0.0167,59.0000,93.0405,1.0000,100.0000
Lindex,6 lingerie,20415 lotte skovaa,0,0,0,,0.5520,0.2497,235,101.8862,TRUE,760.0000,0.5105,0.0987,661.0000,100.3396,68.0000,116.9201
Lion sabatier,1 home,21819 mariette buksti gram,0,0,0,,0.4496,0.2260,38,75.7084,TRUE,39.0000,1.0000,0.0000,39.0000,75.7084,0.0000,
Liontouch,2 kids,,0,0,0,,0.4178,0.2929,11,72.9162,FALSE,11.0000,0.0000,0.0000,11.0000,72.9162,0.0000,
Lisciani,2 kids,20415 lotte skovaa,0,0,0,,1.1320,1.1320,1,46.9043,FALSE,1.0000,0.0000,0.0000,1.0000,46.9043,0.0000,
Lisva,5 women,25070 adam massigeh,0,0,0,,0.3032,0.0127,56,92.1353,FALSE,124.0000,0.0565,0.0565,81.0000,89.9420,5.0000,127.6667
Little live pets,2 kids,20415 lotte skovaa,0,0,0,,0.5433,0.5513,4,65.0625,FALSE,4.0000,0.0000,0.0000,4.0000,65.0625,0.0000,
Little tikes,2 kids,,0,0,0,,0.5562,0.6050,6,64.9058,FALSE,6.0000,0.0000,0.0000,6.0000,64.9058,0.0000,
Living proof,8 cosmetics,21819 mariette buksti gram,0,0,0,,0.5032,0.4286,51,71.4060,TRUE,53.0000,0.0189,0.0000,53.0000,71.4060,0.0000,
Lixirskin,8 cosmetics,,0,0,0,,0.1130,0.1130,1,123.4570,TRUE,13.0000,1.0000,0.0000,10.0000,123.4570,0.0000,
Lloyd,3 mens,25070 adam massigeh,0,0,0,,0.2601,0.2144,29,98.6435,TRUE,100.0000,0.2200,0.2200,64.0000,92.2651,15.0000,125.8581
Loake,3 mens,25070 adam massigeh,0,0,0,,,,,135.9736,TRUE,13.0000,1.0000,0.0000,7.0000,135.9736,0.0000,
Loeffler randall,7 w access,,0,0,0,,0.0009,0.0009,1,118.5500,TRUE,23.0000,0.5652,0.0000,6.0000,118.5500,0.0000,
Loewe perfumes,8 cosmetics,21819 mariette buksti gram,0,0,0,,0.5743,0.5870,40,68.1706,FALSE,138.0000,0.0000,0.0000,43.0000,68.1706,0.0000,
Loewe vintage,7 w access,,0,0,0,,,,,,FALSE,383.0000,0.0000,0.0000,,,,
Lolin,11 food,,0,0,0,,0.5571,0.6857,3,65.1890,FALSE,3.0000,0.0000,0.0000,3.0000,65.1890,0.0000,
Louis vuitton vintage,7 w access,,0,0,0,,1.2970,1.0959,58,71.7242,FALSE,4817.0000,0.0000,0.0000,77.0000,71.7242,0.0000,
Lovechild 1979,5 women,,0,0,0,,0.4396,0.3290,17,82.8869,TRUE,34.0000,0.0882,0.0882,20.0000,81.3200,3.0000,93.3326
Lovelies,7 w access,25070 adam massigeh,0,0,0,,0.2815,0.2007,9,102.9135,TRUE,123.0000,0.9675,0.2276,25.0000,102.9135,0.0000,
Lowa,3 mens,20415 lotte skovaa,0,0,0,,0.0171,0.0171,1,98.3224,FALSE,1.0000,1.0000,0.0000,1.0000,98.3224,0.0000,
Lucie kaas,1 home,21819 mariette buksti gram,0,0,0,,0.2757,0.2281,9,110.3443,TRUE,36.0000,1.0000,0.0833,32.0000,109.6596,3.0000,117.6472
Luhta,5 women,,0,0,0,,0.3270,0.1797,4,78.9740,FALSE,108.0000,0.0278,0.0185,4.0000,78.9740,0.0000,
Luigi bormioli,1 home,,0,0,0,,0.8405,0.4449,65,68.8201,FALSE,69.0000,0.1739,0.1739,57.0000,66.7442,12.0000,78.6807
Lush lush jewelry,7 w access,20415 lotte skovaa,0,0,0,,1.5565,2.3333,9,87.2304,FALSE,32.0000,0.0000,0.0000,31.0000,87.2304,0.0000,
Lust copenhagen by magasin,8 cosmetics,75404 jonas linding berg,0,0,0,,,,,,FALSE,4.0000,0.0000,0.0000,,,,
Lyfa,1 home,,0,0,0,,0.4832,0.4287,15,70.7001,FALSE,15.0000,0.0000,0.0000,15.0000,70.7001,0.0000,
Lyle & scott,3 mens,,0,0,0,,,,,,FALSE,1.0000,1.0000,1.0000,,,,
Lyngby vinkælder,1 home,,0,0,0,,0.0810,0.0810,1,92.5042,FALSE,1.0000,1.0000,0.0000,1.0000,92.5042,0.0000,
Löwengrip,8 cosmetics,21819 mariette buksti gram,0,0,0,,0.3519,0.3993,64,79.2712,TRUE,74.0000,0.3108,0.0000,74.0000,79.2712,0.0000,
Mac jeans,5 women,25070 adam massigeh,0,0,0,,0.6212,0.3342,5,94.3541,TRUE,51.0000,1.0000,0.2157,15.0000,94.2424,2.0000,95.1918
Mad & vin,11 food,,0,0,0,,0.0692,0.0692,2,97.2070,FALSE,4.0000,0.0000,0.0000,3.0000,97.2070,0.0000,
Mads nørgaard - copenhagen,3 mens,20415 lotte skovaa,0,0,0,,0.4841,0.3334,189,99.3723,FALSE,529.0000,0.2873,0.2873,260.0000,81.5691,125.0000,136.4029
Magasin,99 gavekort/vouchers,,0,0,0,,,,,,FALSE,2.0000,0.0000,0.0000,,,,
Magasin chokolade,11 food,61164 jacob bøgeholdt nielsen,0,0,0,,,,,200.8290,TRUE,15.0000,1.0000,0.0000,3.0000,200.8290,0.0000,
Magasin du nord collection,1 home,20415 lotte skovaa,0,0,0,,0.4434,0.2400,9,191.3570,TRUE,3205.0000,0.8368,0.2736,39.0000,165.3867,8.0000,317.9623
Magasin kaffe,11 food,61164 jacob bøgeholdt nielsen,0,0,0,,,,,,FALSE,6.0000,0.0000,0.0000,,,,
Magasin mad&vin,11 food,61164 jacob bøgeholdt nielsen,0,0,0,,,,,,FALSE,14.0000,0.0000,0.0000,,,,
Magic bodyfashion,6 lingerie,20415 lotte skovaa,0,0,0,,0.3671,0.3747,28,78.4640,FALSE,32.0000,0.0312,0.0312,31.0000,78.4640,0.0000,
Magic jellykins,2 kids,,0,0,0,,0.5657,0.5657,1,63.8707,FALSE,1.0000,0.0000,0.0000,1.0000,63.8707,0.0000,
Magic mixies,2 kids,20415 lotte skovaa,0,0,0,,0.7934,0.7934,1,55.7596,FALSE,1.0000,0.0000,0.0000,1.0000,55.7596,0.0000,
Magic trace,2 kids,,0,0,0,,0.4287,0.4287,1,69.9950,FALSE,1.0000,0.0000,0.0000,1.0000,69.9950,0.0000,
Maison nikoui,8 cosmetics,,0,0,0,,0.5920,0.2062,3,69.3732,FALSE,19.0000,0.0000,0.0000,3.0000,69.3732,0.0000,
Maison noir,8 cosmetics,,0,0,0,,0.0251,0.0251,1,99.9468,FALSE,5.0000,0.0000,0.0000,2.0000,99.9468,0.0000,
Make up eraser,8 cosmetics,,0,0,0,,0.2505,0.2505,1,79.9688,FALSE,1.0000,0.0000,0.0000,1.0000,79.9688,0.0000,
Make up forever,8 cosmetics,21819 mariette buksti gram,0,0,0,,0.4442,0.1466,144,92.7582,FALSE,310.0000,0.0613,0.0129,217.0000,92.4042,1.0000,169.5786
Malin+goetz,8 cosmetics,21819 mariette buksti gram,0,0,0,,0.1882,0.1354,41,98.7358,TRUE,86.0000,0.6628,0.0000,81.0000,98.7358,0.0000,
Mamamemo,2 kids,20415 lotte skovaa,0,0,0,,0.7440,0.8845,8,78.6292,FALSE,15.0000,0.0000,0.0000,14.0000,78.6292,0.0000,
Mammut,3 mens,20415 lotte skovaa,0,0,0,,0.4472,0.4015,22,72.3621,FALSE,22.0000,0.1818,0.1818,18.0000,67.7175,4.0000,93.2630
Mancera,8 cosmetics,21819 mariette buksti gram,0,0,0,,0.8709,0.8816,39,58.2605,FALSE,39.0000,0.0000,0.0000,39.0000,58.2605,0.0000,
Mandalay,1 home,21819 mariette buksti gram,0,0,0,,0.7626,0.4030,7,90.1511,TRUE,19.0000,0.8421,0.0000,14.0000,90.1511,0.0000,
Mandarina duck,7 w access,25070 adam massigeh,0,0,0,,0.3840,0.2316,91,80.0784,TRUE,148.0000,0.0135,0.0135,114.0000,79.7639,1.0000,115.9299
Manebi,7 w access,,0,0,0,,,,,,TRUE,7.0000,1.0000,1.0000,,,,
Mantle,8 cosmetics,21819 mariette buksti gram,0,0,0,,0.2597,0.2000,9,112.1562,TRUE,38.0000,0.8947,0.0000,38.0000,112.1562,0.0000,
Manucurist,8 cosmetics,21819 mariette buksti gram,0,0,0,,0.4122,0.3333,136,77.2090,TRUE,152.0000,0.0066,0.0000,147.0000,77.2090,0.0000,
Marc inbane,8 cosmetics,21819 mariette buksti gram,0,0,0,,0.5848,0.5322,25,64.9806,TRUE,25.0000,0.6800,0.0000,25.0000,64.9806,0.0000,
Marc jacobs,8 cosmetics,21819 mariette buksti gram,0,0,0,,0.5741,0.5357,72,82.6844,TRUE,120.0000,0.9917,0.0000,100.0000,82.6844,0.0000,
Marc o’polo,5 women,25070 adam massigeh,0,0,0,,0.3193,0.3351,51,86.4687,TRUE,182.0000,0.1538,0.0879,59.0000,82.0875,4.0000,151.0911
Marella,5 women,25070 adam massigeh,0,0,0,,0.1820,0.1820,1,84.6059,TRUE,31.0000,1.0000,0.0323,1.0000,84.6059,0.0000,
Maria black,7 w access,20415 lotte skovaa,0,0,0,,0.7625,0.5833,137,72.9009,FALSE,196.0000,0.0000,0.0000,186.0000,72.9009,0.0000,
Marimekko,5 women,21819 mariette buksti gram,0,0,0,,0.4911,0.4493,106,86.1430,FALSE,226.0000,0.1549,0.1549,144.0000,78.4816,27.0000,127.0038
Mario badescu,8 cosmetics,21819 mariette buksti gram,0,0,0,,0.3165,0.3167,32,77.3056,TRUE,32.0000,1.0000,0.0000,32.0000,77.3056,0.0000,
Markberg,7 w access,25070 adam massigeh,0,0,0,,0.2149,0.1429,206,105.9051,TRUE,524.0000,1.0000,0.2538,355.0000,104.6943,118.0000,109.5477
Marni vintage,7 w access,,0,0,0,,,,,,FALSE,28.0000,0.0000,0.0000,,,,
Marrakech impérial,8 cosmetics,,0,0,0,,0.0120,0.0120,1,102.3918,FALSE,5.0000,0.0000,0.0000,5.0000,102.3918,0.0000,
Marvins magic,2 kids,20415 lotte skovaa,0,0,0,,0.6180,0.5890,6,64.1561,FALSE,6.0000,0.0000,0.0000,6.0000,64.1561,0.0000,
Mary&may,8 cosmetics,,0,0,0,,0.5097,0.4351,13,69.0219,TRUE,13.0000,1.0000,0.0000,13.0000,69.0219,0.0000,
Masai copenhagen,5 women,25070 adam massigeh,0,0,0,,0.0837,0.0006,71,113.1580,TRUE,209.0000,0.9952,0.1914,90.0000,106.0198,22.0000,142.3598
Mason pearson,8 cosmetics,21819 mariette buksti gram,0,0,0,,0.5010,0.5043,57,72.1141,FALSE,63.0000,0.0000,0.0000,60.0000,72.1141,0.0000,
Matchstick monkey,2 kids,20415 lotte skovaa,0,0,0,,0.6138,0.4558,9,64.9317,FALSE,9.0000,0.0000,0.0000,9.0000,64.9317,0.0000,
Mattel games,2 kids,20415 lotte skovaa,0,0,0,,0.8439,0.7942,16,55.7993,FALSE,16.0000,0.0000,0.0000,16.0000,55.7993,0.0000,
Maude,8 cosmetics,75404 jonas linding berg,0,0,0,,0.2036,0.2500,5,92.5899,FALSE,15.0000,0.0000,0.0000,11.0000,92.5899,0.0000,
Mauviel,1 home,21819 mariette buksti gram,0,0,0,,0.4982,0.4333,72,71.2935,FALSE,75.0000,0.0000,0.0000,75.0000,71.2935,0.0000,
Max Factor,8 cosmetics,21819 mariette buksti gram,0,0,1,,1.0635,0.9911,207,53.2985,FALSE,207.0000,0.0000,0.0000,207.0000,53.2985,0.0000,
Max mara leisure,5 women,,0,0,0,,0.3994,0.3994,1,107.1584,TRUE,14.0000,1.0000,0.9286,0.0000,,2.0000,107.1584
Mcm vintage,7 w access,,0,0,0,,,,,176.8487,FALSE,30.0000,0.0000,0.0000,2.0000,176.8487,0.0000,
Mcneal,3 mens,20415 lotte skovaa,0,0,0,,,,,,FALSE,82.0000,0.0122,0.0122,,,,
Me & my box,7 w access,,0,0,0,,0.6594,0.5216,4,94.6509,FALSE,74.0000,0.0000,0.0000,25.0000,94.6509,0.0000,
Medicoline,8 cosmetics,21819 mariette buksti gram,0,0,0,,,,,133.3333,FALSE,4.0000,1.0000,0.0000,1.0000,133.3333,0.0000,
Medik8,8 cosmetics,21819 mariette buksti gram,0,0,0,,0.1851,0.0928,43,90.1170,TRUE,49.0000,1.0000,0.0000,49.0000,90.1170,0.0000,
Mega bloks,2 kids,,0,0,0,,0.7144,0.7700,4,59.4266,FALSE,4.0000,0.0000,0.0000,4.0000,59.4266,0.0000,
Melyon,8 cosmetics,21819 mariette buksti gram,0,0,0,,0.1951,0.1951,1,125.7656,TRUE,16.0000,0.8125,0.0000,11.0000,125.7656,0.0000,
Memo paris,8 cosmetics,21819 mariette buksti gram,0,0,0,,0.4720,0.2580,26,73.4095,FALSE,27.0000,0.0000,0.0000,27.0000,73.4095,0.0000,
Mepal,1 home,21819 mariette buksti gram,0,0,0,,0.5525,0.4612,16,97.3361,FALSE,28.0000,0.0000,0.0000,27.0000,97.3361,0.0000,
Merci handy,8 cosmetics,21819 mariette buksti gram,0,0,0,,0.8060,0.5263,5,93.8160,FALSE,31.0000,0.0000,0.0000,20.0000,93.8160,0.0000,
Messyweekend,3 mens,20415 lotte skovaa,0,0,0,,0.6773,0.6000,18,101.2952,TRUE,58.0000,0.9310,0.0000,53.0000,101.2952,0.0000,
Mette ditmer,1 home,21819 mariette buksti gram,0,0,0,,0.1818,0.1429,76,89.0254,TRUE,90.0000,1.0000,0.0556,83.0000,87.7797,5.0000,109.7035
Micha,5 women,25070 adam massigeh,0,0,0,,0.4000,0.4000,1,139.6384,TRUE,134.0000,1.0000,0.0597,46.0000,135.4279,1.0000,333.3222
Michael kors,7 w access,25070 adam massigeh,0,0,0,,0.4786,0.4321,58,84.0741,TRUE,106.0000,0.8208,0.0755,71.0000,83.5260,8.0000,88.9389
Micro,2 kids,,0,0,0,,0.1122,0.0471,62,92.2433,FALSE,70.0000,0.0000,0.0000,70.0000,92.2433,0.0000,
Microplane,1 home,,0,0,0,,0.3650,0.3020,51,77.3574,TRUE,53.0000,1.0000,0.0000,53.0000,77.3574,0.0000,
Mieredu,2 kids,20415 lotte skovaa,0,0,0,,0.2667,0.2500,11,81.5345,FALSE,11.0000,0.0000,0.0000,11.0000,81.5345,0.0000,
Milk,8 cosmetics,21819 mariette buksti gram,0,0,0,,0.1653,0.1706,23,101.3452,FALSE,211.0000,0.0427,0.0332,149.0000,100.8379,1.0000,176.9332
Mill & mortar,11 food,61164 jacob bøgeholdt nielsen,0,0,0,,0.3244,0.3111,66,75.9459,FALSE,66.0000,0.0000,0.0000,66.0000,75.9459,0.0000,
Mimi & lula,2 kids,20415 lotte skovaa,0,0,0,,0.5041,0.3097,47,72.7086,FALSE,51.0000,0.0000,0.0000,49.0000,72.7086,0.0000,
Minecraft,2 kids,20415 lotte skovaa,0,0,0,,0.4859,0.4281,9,67.9658,FALSE,9.0000,0.0000,0.0000,9.0000,67.9658,0.0000,
Mini brands,2 kids,,0,0,0,,0.2947,0.1532,3,80.5589,FALSE,3.0000,0.0000,0.0000,3.0000,80.5589,0.0000,
Mini bull,2 kids,20415 lotte skovaa,0,0,0,,0.5387,0.5387,1,64.9912,FALSE,1.0000,0.0000,0.0000,1.0000,64.9912,0.0000,
Minimum,5 women,25070 adam massigeh,0,0,0,,,,,,FALSE,7.0000,0.2857,0.2857,,,,
Miracoulous,2 kids,20415 lotte skovaa,0,0,0,,0.6155,0.6155,2,68.0284,FALSE,2.0000,0.0000,0.0000,2.0000,68.0284,0.0000,
Miss melody,2 kids,20415 lotte skovaa,0,0,0,,0.2898,0.3178,6,78.3426,FALSE,8.0000,0.0000,0.0000,6.0000,78.3426,0.0000,
Miu miu,8 cosmetics,,0,0,0,,0.2550,0.1777,13,90.0592,FALSE,17.0000,0.9412,0.0000,16.0000,90.0592,0.0000,
Mixsoon,8 cosmetics,21819 mariette buksti gram,0,0,0,,0.6889,0.3693,9,63.5786,TRUE,9.0000,1.0000,0.0000,9.0000,63.5786,0.0000,
Miyabi,1 home,21819 mariette buksti gram,0,0,0,,0.1705,0.1436,48,91.8767,TRUE,61.0000,1.0000,0.0984,49.0000,86.7193,6.0000,133.9957
Mizensir,8 cosmetics,21819 mariette buksti gram,0,0,0,,0.3923,0.4286,23,83.1282,FALSE,37.0000,0.0000,0.0000,30.0000,83.1282,0.0000,
Mizuno,3 mens,,0,0,0,,0.5121,0.4341,33,75.8173,TRUE,41.0000,0.1463,0.0000,40.0000,75.8173,0.0000,
Mjm,3 mens,20415 lotte skovaa,0,0,0,,0.2702,0.0395,22,105.1003,TRUE,124.0000,0.3952,0.0000,61.0000,105.1003,0.0000,
Mki miyuki zoku,3 mens,,0,0,0,,0.0887,0.0370,3,139.0015,FALSE,17.0000,0.8235,0.8235,1.0000,99.4737,6.0000,145.5895
Mo5ch1no jeans,5 women,,0,0,0,,,,,,FALSE,1.0000,0.0000,0.0000,,,,
Moby,2 kids,20415 lotte skovaa,0,0,0,,0.2936,0.2538,5,82.0320,FALSE,6.0000,0.0000,0.0000,6.0000,82.0320,0.0000,
Moccamaster,1 home,21819 mariette buksti gram,0,0,0,,0.4899,0.3153,11,80.3013,FALSE,16.0000,0.0000,0.0000,16.0000,80.3013,0.0000,
Molo,2 kids,20415 lotte skovaa,0,0,0,,0.7275,0.4287,148,106.2667,TRUE,479.0000,0.5595,0.2526,282.0000,90.4651,94.0000,153.6715
Molton brown,8 cosmetics,21819 mariette buksti gram,0,0,0,,0.1053,0.0429,5,106.8136,TRUE,55.0000,1.0000,0.0000,54.0000,106.8136,0.0000,
Moments of play,1 home,,0,0,0,,1.0133,1.0133,1,49.6700,FALSE,1.0000,1.0000,1.0000,0.0000,,1.0000,49.6700
Momiji,2 kids,,0,0,0,,0.2095,0.2210,3,83.4434,FALSE,3.0000,0.0000,0.0000,3.0000,83.4434,0.0000,
Moncler,8 cosmetics,21819 mariette buksti gram,0,0,0,,0.6624,0.7589,21,66.4785,TRUE,22.0000,1.0000,0.0000,22.0000,66.4785,0.0000,
Monster high,2 kids,20415 lotte skovaa,0,0,0,,0.7540,0.6701,16,59.1255,FALSE,16.0000,0.0000,0.0000,16.0000,59.1255,0.0000,
Monster jam,2 kids,20415 lotte skovaa,0,0,0,,0.4450,0.3716,11,72.0560,FALSE,11.0000,0.0000,0.0000,11.0000,72.0560,0.0000,
Monta,3 mens,,0,0,0,,0.6713,0.6713,2,64.9939,FALSE,2.0000,0.0000,0.0000,2.0000,64.9939,0.0000,
Montale,8 cosmetics,21819 mariette buksti gram,0,0,0,,0.5694,0.5690,37,69.5299,FALSE,42.0000,0.0000,0.0000,42.0000,69.5299,0.0000,
Montego,5 women,25070 adam massigeh,0,0,0,,,,,,FALSE,1.0000,1.0000,1.0000,,,,
Moods & moore,1 home,21819 mariette buksti gram,0,0,0,,0.3187,0.2185,45,97.3313,TRUE,86.0000,1.0000,0.0000,79.0000,97.3313,0.0000,
Moomin arabia,1 home,21819 mariette buksti gram,0,0,0,,0.1706,0.1297,333,104.2774,TRUE,538.0000,0.9721,0.1004,470.0000,94.5438,54.0000,188.9962
Moons and junes,6 lingerie,,0,0,0,,,,,,FALSE,2.0000,0.0000,0.0000,,,,
Moose toys,2 kids,20415 lotte skovaa,0,0,0,,0.4807,0.3695,11,69.3921,FALSE,11.0000,0.0000,0.0000,11.0000,69.3921,0.0000,
Moriah elizabeth,2 kids,,0,0,0,,0.1230,0.1230,1,89.0445,FALSE,1.0000,0.0000,0.0000,1.0000,89.0445,0.0000,
Morris stockholm,3 mens,20415 lotte skovaa,0,0,0,,0.1671,0.1433,10,100.7598,TRUE,28.0000,1.0000,0.0000,16.0000,100.7598,0.0000,
Mos mosh gallery,3 mens,20415 lotte skovaa,0,0,0,,0.6069,0.4286,45,84.2512,TRUE,98.0000,0.0816,0.0306,81.0000,83.1741,3.0000,113.3333
Moschino,8 cosmetics,21819 mariette buksti gram,0,0,0,,0.5388,0.5325,19,68.6579,TRUE,19.0000,1.0000,0.0000,19.0000,68.6579,0.0000,
Moshi moshi mind,5 women,25070 adam massigeh,0,0,0,,0.7844,0.6667,15,95.5318,FALSE,85.0000,0.0588,0.0588,73.0000,91.8046,5.0000,149.9487
Motta,1 home,21819 mariette buksti gram,0,0,0,,0.4323,0.1556,10,80.4172,FALSE,11.0000,0.0000,0.0000,11.0000,80.4172,0.0000,
Moulin roty,2 kids,20415 lotte skovaa,0,0,0,,0.2187,0.2157,42,83.8588,FALSE,47.0000,0.0000,0.0000,44.0000,83.8588,0.0000,
Mpkids,2 kids,20415 lotte skovaa,0,0,0,,0.3647,0.2402,72,105.7955,TRUE,185.0000,1.0000,0.1514,128.0000,101.0677,27.0000,128.2087
Mpmen,3 mens,,0,0,0,,0.1757,0.1757,1,123.9614,FALSE,24.0000,1.0000,0.0000,10.0000,123.9614,0.0000,
Mpwoman,6 lingerie,25070 adam massigeh,0,0,0,,0.2844,0.1370,78,97.7302,FALSE,213.0000,0.0423,0.0423,132.0000,90.4847,8.0000,217.2797
Mr blanc,8 cosmetics,,0,0,0,,,,,,FALSE,1.0000,1.0000,1.0000,,,,
Mr. wattson,1 home,21819 mariette buksti gram,0,0,0,,0.2617,0.1052,21,95.9009,TRUE,32.0000,1.0000,0.0000,32.0000,95.9009,0.0000,
Msch copenhagen,5 women,25070 adam massigeh,0,0,0,,0.4936,0.5000,9,149.4397,TRUE,82.0000,1.0000,0.2073,45.0000,115.5741,15.0000,251.0362
Mugler,8 cosmetics,21819 mariette buksti gram,0,0,0,,0.4120,0.4376,26,72.0627,TRUE,26.0000,1.0000,0.0000,26.0000,72.0627,0.0000,
Mulberry vintage,7 w access,,0,0,0,,,,,,FALSE,3.0000,0.0000,0.0000,,,,
Mumi by almuegaarden,11 food,61164 jacob bøgeholdt nielsen,0,0,0,,,,,102.0408,FALSE,5.0000,0.0000,0.0000,5.0000,102.0408,0.0000,
Munthe,5 women,25070 adam massigeh,0,0,0,,0.2579,0.2500,47,91.7671,FALSE,96.0000,0.3646,0.3021,57.0000,89.2399,24.0000,97.7690
Murad,8 cosmetics,21819 mariette buksti gram,0,0,0,,0.4316,0.4093,40,72.1047,TRUE,42.0000,0.9762,0.0000,41.0000,72.1047,0.0000,
Muti,8 cosmetics,21819 mariette buksti gram,0,0,0,,,,,129.5700,TRUE,11.0000,1.0000,0.0000,11.0000,129.5700,0.0000,
Muubs,1 home,21819 mariette buksti gram,0,0,0,,0.5063,0.5063,1,66.3866,FALSE,1.0000,0.0000,0.0000,1.0000,66.3866,0.0000,
My baby love,2 kids,20415 lotte skovaa,0,0,0,,0.2411,0.2273,16,81.6512,FALSE,19.0000,0.0000,0.0000,16.0000,81.6512,0.0000,
My jewellery,7 w access,20415 lotte skovaa,0,0,0,,0.2118,0.2100,3,104.6200,FALSE,87.0000,0.0000,0.0000,9.0000,104.6200,0.0000,
My teddy,2 kids,20415 lotte skovaa,0,0,0,,0.2753,0.2753,1,78.4154,FALSE,1.0000,0.0000,0.0000,1.0000,78.4154,0.0000,
My-size,8 cosmetics,75404 jonas linding berg,0,0,0,,1.0972,1.0000,8,48.0835,FALSE,8.0000,0.0000,0.0000,8.0000,48.0835,0.0000,
Mya cosmetics,2 kids,,0,0,0,,0.2497,0.2497,1,80.0200,FALSE,1.0000,0.0000,0.0000,1.0000,80.0200,0.0000,
Müsli,2 kids,20415 lotte skovaa,0,0,0,,0.3543,0.2455,98,108.0473,FALSE,312.0000,1.0000,0.2468,216.0000,110.6515,75.0000,100.5472
Nakamura,3 mens,20415 lotte skovaa,0,0,0,,,,,100.0000,FALSE,4.0000,0.5000,0.0000,4.0000,100.0000,0.0000,
Nano tape,2 kids,20415 lotte skovaa,0,0,0,,0.2205,0.2205,2,94.6973,FALSE,3.0000,0.0000,0.0000,3.0000,94.6973,0.0000,
Narciso rodriguez,8 cosmetics,21819 mariette buksti gram,0,0,0,,0.7138,0.6829,35,60.8239,TRUE,35.0000,1.0000,0.0000,35.0000,60.8239,0.0000,
Natasha denona,8 cosmetics,21819 mariette buksti gram,0,0,0,,0.3451,0.4412,7,90.4412,FALSE,29.0000,0.0000,0.0000,13.0000,90.4412,0.0000,
Native union,1 home,,0,0,0,,,,,,FALSE,2.0000,0.5000,0.5000,,,,
Naturally med,1 home,21819 mariette buksti gram,0,0,0,,0.2924,0.2725,5,78.0882,FALSE,5.0000,1.0000,0.0000,5.0000,78.0882,0.0000,
Natures collection,1 home,21819 mariette buksti gram,0,0,0,,0.3082,0.3082,2,98.9291,FALSE,55.0000,0.0000,0.0000,44.0000,98.9291,0.0000,
Naturino,2 kids,25070 adam massigeh,0,0,0,,0.8488,0.0855,3,95.2625,FALSE,18.0000,0.0000,0.0000,10.0000,95.2625,0.0000,
Nba,2 kids,,0,0,0,,0.3108,0.3108,1,76.2881,FALSE,1.0000,0.0000,0.0000,1.0000,76.2881,0.0000,
Nerf,2 kids,,0,0,0,,0.2560,0.2560,1,89.8100,FALSE,2.0000,0.0000,0.0000,2.0000,89.8100,0.0000,
New mags,1 home,21819 mariette buksti gram,0,0,0,,0.1804,0.0868,132,95.5109,TRUE,212.0000,1.0000,0.0000,198.0000,95.5109,0.0000,
New works,1 home,21819 mariette buksti gram,0,0,0,,0.2913,0.2397,35,83.1173,TRUE,39.0000,0.9744,0.2821,28.0000,79.0413,11.0000,93.4924
Nexus,8 cosmetics,75404 jonas linding berg,0,0,0,,0.3611,0.2961,3,94.7857,FALSE,10.0000,0.0000,0.0000,9.0000,94.7857,0.0000,
Nialaya,3 mens,20415 lotte skovaa,0,0,0,,0.1083,0.1111,24,100.8262,FALSE,287.0000,0.0662,0.0627,71.0000,98.8236,6.0000,124.5235
Nichba,1 home,,0,0,0,,0.4563,0.2458,5,91.2789,FALSE,14.0000,0.0000,0.0000,14.0000,91.2789,0.0000,
Nicolas vahé,11 food,61164 jacob bøgeholdt nielsen,0,0,0,,0.4471,0.3518,50,73.5466,FALSE,53.0000,0.0000,0.0000,52.0000,73.5466,0.0000,
Night & day,1 home,21819 mariette buksti gram,0,0,0,,0.2697,0.2118,43,90.8334,TRUE,67.0000,0.5522,0.0299,59.0000,91.9880,2.0000,56.7711
Nikko,2 kids,,0,0,0,,0.5720,0.5720,1,63.6127,FALSE,1.0000,0.0000,0.0000,1.0000,63.6127,0.0000,
Niko june,1 home,,0,0,0,,,,,163.1373,FALSE,1.0000,1.0000,1.0000,0.0000,,1.0000,163.1373
Nine,1 home,21819 mariette buksti gram,0,0,0,,0.4292,0.4292,1,100.7909,FALSE,10.0000,1.0000,1.0000,0.0000,,8.0000,100.7909
Nioxin,8 cosmetics,21819 mariette buksti gram,0,0,0,,0.5978,0.5794,25,62.7275,FALSE,25.0000,0.0000,0.0000,25.0000,62.7275,0.0000,
Nishane,8 cosmetics,21819 mariette buksti gram,0,0,0,,0.9238,0.7906,48,57.8194,FALSE,50.0000,0.0000,0.0000,50.0000,57.8194,0.0000,
Nito flet,1 home,21819 mariette buksti gram,0,0,0,,0.3528,0.3538,6,75.5622,FALSE,6.0000,0.0000,0.0000,6.0000,75.5622,0.0000,
Nn.07,3 mens,20415 lotte skovaa,0,0,0,,0.5146,0.4174,150,80.4425,FALSE,267.0000,0.0599,0.0599,204.0000,78.3586,14.0000,110.8082
No brand,3 mens,,0,0,0,,0.3137,0.2850,11,82.1142,FALSE,15.0000,0.0000,0.0000,13.0000,82.1142,0.0000,
No7,8 cosmetics,,0,0,0,,0.3235,0.3235,1,98.4722,FALSE,28.0000,0.0000,0.0000,16.0000,98.4722,0.0000,
Nooance,8 cosmetics,,0,0,0,,,,,120.4627,FALSE,6.0000,0.0000,0.0000,2.0000,120.4627,0.0000,
Nordgreen,3 mens,,0,0,0,,0.0718,0.0718,2,141.1385,TRUE,32.0000,1.0000,0.9375,1.0000,87.5000,17.0000,144.2937
Nordic blades,1 home,,0,0,0,,,,,,TRUE,7.0000,1.0000,0.0000,,,,
Nordic sence,1 home,21819 mariette buksti gram,0,0,0,,0.3741,0.4199,3,76.1737,TRUE,3.0000,1.0000,0.3333,2.0000,79.0465,1.0000,70.4282
Nordic tales,1 home,21819 mariette buksti gram,0,0,0,,0.4826,0.4826,2,96.5322,FALSE,13.0000,1.0000,0.0769,12.0000,98.0644,1.0000,78.1467
Nordisk tekstil,1 home,21819 mariette buksti gram,0,0,0,,0.2134,0.2292,12,88.7460,TRUE,19.0000,1.0000,0.0000,15.0000,88.7460,0.0000,
Nordog,1 home,21819 mariette buksti gram,0,0,0,,0.7640,0.5658,10,78.5953,FALSE,15.0000,0.0000,0.0000,15.0000,78.5953,0.0000,
Normann copenhagen,1 home,21819 mariette buksti gram,0,0,0,,0.2258,0.1114,256,87.6892,TRUE,278.0000,0.9712,0.0971,251.0000,85.1033,27.0000,111.7288
Normcore,1 home,,0,0,0,,,,,100.0000,FALSE,1.0000,0.0000,0.0000,1.0000,100.0000,0.0000,
Norse projects,3 mens,20415 lotte skovaa,0,0,0,,0.2011,0.2026,7,99.3484,FALSE,66.0000,0.0303,0.0303,24.0000,95.6409,1.0000,188.3300
Notem,1 home,21819 mariette buksti gram,0,0,0,,0.2115,0.0639,6,98.5431,FALSE,70.0000,0.1000,0.1000,10.0000,93.6022,3.0000,115.0125
Nudestix,8 cosmetics,21819 mariette buksti gram,0,0,0,,0.2132,0.0701,31,137.1603,FALSE,106.0000,0.9811,0.4340,59.0000,138.8347,43.0000,134.8629
Numbuzin,8 cosmetics,,0,0,0,,0.3454,0.3877,11,77.5997,TRUE,12.0000,1.0000,0.0000,12.0000,77.5997,0.0000,
Nuni copenhagen,7 w access,20415 lotte skovaa,0,0,0,,0.4137,0.5038,28,88.6925,FALSE,71.0000,0.0000,0.0000,62.0000,88.6925,0.0000,
Nuori,8 cosmetics,21819 mariette buksti gram,0,0,0,,0.6609,0.7450,20,102.0470,TRUE,55.0000,0.4909,0.0000,45.0000,102.0470,0.0000,
Nuura,1 home,21819 mariette buksti gram,0,0,0,,0.1318,0.1468,32,90.9808,TRUE,34.0000,1.0000,0.1765,28.0000,89.2963,6.0000,98.8418
Nuxe,8 cosmetics,21819 mariette buksti gram,0,0,0,,0.5928,0.5672,114,66.2341,TRUE,119.0000,0.8151,0.0000,119.0000,66.2341,0.0000,
Nué notes,5 women,25070 adam massigeh,0,0,0,,0.3787,0.3333,7,114.2870,TRUE,37.0000,0.3243,0.3243,7.0000,83.5712,10.0000,135.7881
Nøgle & hælebar,3 mens,25070 adam massigeh,0,0,0,,0.1399,0.1399,2,111.6039,TRUE,47.0000,1.0000,0.0000,10.0000,111.6039,0.0000,
Núnoo,7 w access,,0,0,0,,,,,,FALSE,1.0000,0.0000,0.0000,,,,
Nü denmark,5 women,25070 adam massigeh,0,0,0,,0.2687,0.2487,13,136.6972,TRUE,201.0000,0.5174,0.5174,45.0000,94.1206,44.0000,180.2415
OYOY,,,0,0,1,,,,,,FALSE,,,,,,,
Obart,8 cosmetics,,0,0,0,,,,,,FALSE,1.0000,0.0000,0.0000,,,,
Odacité,8 cosmetics,21819 mariette buksti gram,0,0,0,,0.2306,0.2306,1,116.3501,FALSE,4.0000,1.0000,0.0000,4.0000,116.3501,0.0000,
Off white vintage,7 w access,,0,0,0,,,,,,FALSE,1.0000,0.0000,0.0000,,,,
Oh flossy,2 kids,20415 lotte skovaa,0,0,0,,0.3115,0.2436,8,79.6441,FALSE,9.0000,0.0000,0.0000,9.0000,79.6441,0.0000,
Oli & carol,2 kids,,0,0,0,,1.0662,0.5230,24,55.4562,FALSE,24.0000,0.0000,0.0000,24.0000,55.4562,0.0000,
Olivo,11 food,,0,0,0,,,,,,FALSE,2.0000,0.0000,0.0000,,,,
Omhu,1 home,21819 mariette buksti gram,0,0,0,,0.4345,0.3752,17,95.1780,TRUE,35.0000,1.0000,0.0000,33.0000,95.1780,0.0000,
Omorovicza,8 cosmetics,21819 mariette buksti gram,0,0,0,,0.3781,0.3669,19,85.3041,FALSE,26.0000,1.0000,0.0000,26.0000,85.3041,0.0000,
On,3 mens,20415 lotte skovaa,0,0,0,,0.6226,0.5869,32,62.8511,FALSE,32.0000,0.0312,0.0000,32.0000,62.8511,0.0000,
Only mini,2 kids,,0,0,0,,0.2935,0.1602,55,106.7409,TRUE,115.0000,1.0000,0.0957,86.0000,98.4502,7.0000,208.5979
Organic basics,6 lingerie,,0,0,0,,,,,,FALSE,1.0000,0.0000,0.0000,,,,
Oribe,8 cosmetics,21819 mariette buksti gram,0,0,0,,0.0897,0.0522,108,93.5837,FALSE,131.0000,0.0000,0.0000,128.0000,93.5837,0.0000,
Original coffee,11 food,,0,0,0,,,,,,FALSE,6.0000,0.6667,0.0000,,,,
Ormonde jayne,8 cosmetics,21819 mariette buksti gram,0,0,0,,0.1014,0.0285,21,94.1099,FALSE,29.0000,0.0000,0.0000,26.0000,94.1099,0.0000,
Oroblu,6 lingerie,25070 adam massigeh,0,0,0,,0.3309,0.2521,37,83.8260,FALSE,65.0000,0.0000,0.0000,50.0000,83.8260,0.0000,
Oscar de la renta,8 cosmetics,,0,0,0,,0.7667,0.7217,17,64.5972,FALSE,19.0000,1.0000,0.0000,19.0000,64.5972,0.0000,
Osprey,3 mens,20415 lotte skovaa,0,0,0,,0.2687,0.2829,13,89.6820,TRUE,20.0000,1.0000,0.0000,19.0000,89.6820,0.0000,
Otis batterbee,8 cosmetics,,0,0,0,,,,,,FALSE,13.0000,0.0000,0.0000,,,,
Otouch,8 cosmetics,,0,0,0,,0.5017,0.5017,1,66.5924,FALSE,1.0000,0.0000,0.0000,1.0000,66.5924,0.0000,
Oui,5 women,,0,0,0,,,,,,FALSE,2.0000,0.0000,0.0000,,,,
Outdoor diverse,3 mens,20415 lotte skovaa,0,0,0,,0.3642,0.3486,18,78.8895,FALSE,21.0000,0.0000,0.0000,20.0000,78.8895,0.0000,
Oxo,1 home,21819 mariette buksti gram,0,0,0,,0.3889,0.3817,84,76.8237,TRUE,91.0000,1.0000,0.0000,91.0000,76.8237,0.0000,
Oyoy living design,1 home,21819 mariette buksti gram,0,0,0,,0.5384,0.4385,43,69.2689,FALSE,45.0000,0.0000,0.0000,45.0000,69.2689,0.0000,
P20,8 cosmetics,,0,0,0,,0.2254,0.1383,9,92.9018,TRUE,16.0000,1.0000,0.0000,16.0000,92.9018,0.0000,
Pai,8 cosmetics,21819 mariette buksti gram,0,0,0,,0.1602,0.1824,9,95.0609,FALSE,13.0000,0.0769,0.0000,13.0000,95.0609,0.0000,
Pai skincare,8 cosmetics,21819 mariette buksti gram,0,0,0,,0.1059,0.1059,2,90.4214,FALSE,2.0000,0.0000,0.0000,2.0000,90.4214,0.0000,
Pal zileri,3 mens,20415 lotte skovaa,0,0,0,,,,,,FALSE,2.0000,0.0000,0.0000,,,,
Parel,3 mens,,0,0,0,,,,,124.9996,FALSE,1.0000,1.0000,1.0000,0.0000,,1.0000,124.9996
Parfums de marly,8 cosmetics,21819 mariette buksti gram,0,0,0,,0.2400,0.2481,52,85.1342,FALSE,62.0000,0.0000,0.0000,61.0000,85.1342,0.0000,
Pat mcgrath,8 cosmetics,21819 mariette buksti gram,0,0,0,,0.3188,0.3958,6,91.0798,FALSE,28.0000,0.0000,0.0000,15.0000,91.0798,0.0000,
Patchology,8 cosmetics,21819 mariette buksti gram,0,0,0,,0.2061,0.1945,8,87.9415,FALSE,11.0000,0.0000,0.0000,11.0000,87.9415,0.0000,
Patisse,1 home,,0,0,0,,0.4781,0.2567,3,113.2447,FALSE,20.0000,1.0000,0.9500,1.0000,46.0819,19.0000,116.7796
Patrizia pepe,5 women,25070 adam massigeh,0,0,0,,,,,,FALSE,3.0000,0.0000,0.0000,,,,
Pattise,1 home,,0,0,0,,,,,125.9979,FALSE,1.0000,1.0000,0.0000,1.0000,125.9979,0.0000,
Paul green,7 w access,,0,0,0,,,,,141.0066,TRUE,9.0000,1.0000,0.1111,2.0000,122.2200,1.0000,178.5799
Paw patrol,2 kids,20415 lotte skovaa,0,0,0,,0.6969,0.7387,48,60.6953,FALSE,48.0000,0.0000,0.0000,48.0000,60.6953,0.0000,
Pbo,5 women,25070 adam massigeh,0,0,0,,0.3196,0.0013,31,96.2291,TRUE,79.0000,0.0759,0.0759,56.0000,90.6739,3.0000,199.9259
Peak performance,3 mens,,0,0,0,,0.4413,0.3334,76,79.6500,FALSE,108.0000,0.0185,0.0185,101.0000,79.2736,2.0000,98.6557
Peech,8 cosmetics,75404 jonas linding berg,0,0,0,,0.0612,0.0002,14,97.9473,FALSE,28.0000,0.0000,0.0000,19.0000,97.9473,0.0000,
Peekimo,2 kids,,0,0,0,,0.8865,0.8865,2,53.0088,FALSE,2.0000,0.0000,0.0000,2.0000,53.0088,0.0000,
Pernille corydon jewellery,7 w access,20415 lotte skovaa,0,0,0,,0.6534,0.3333,7,143.5161,FALSE,60.0000,0.9333,0.9333,4.0000,59.7222,54.0000,149.7231
Perris monte carlo,8 cosmetics,,0,0,0,,0.5111,0.5111,2,96.4973,FALSE,18.0000,0.0000,0.0000,18.0000,96.4973,0.0000,
Perroy,8 cosmetics,21819 mariette buksti gram,0,0,0,,0.0324,0.0056,17,98.3409,FALSE,23.0000,0.0000,0.0000,23.0000,98.3409,0.0000,
Pestle & mortar,8 cosmetics,21819 mariette buksti gram,0,0,0,,0.1801,0.1057,19,98.8370,TRUE,32.0000,1.0000,0.0000,30.0000,98.8370,0.0000,
Petit bateau,2 kids,20415 lotte skovaa,0,0,0,,0.2958,0.0907,10,100.5717,TRUE,40.0000,1.0000,0.0000,26.0000,100.5717,0.0000,
Petit piao,2 kids,20415 lotte skovaa,0,0,0,,0.3022,0.2426,45,105.7497,TRUE,95.0000,1.0000,0.2632,65.0000,97.4334,25.0000,127.3721
Pets alive,2 kids,20415 lotte skovaa,0,0,0,,0.7716,0.8497,4,57.0297,FALSE,4.0000,0.0000,0.0000,4.0000,57.0297,0.0000,
Peugeot,1 home,21819 mariette buksti gram,0,0,0,,0.1849,0.1128,156,89.6058,TRUE,194.0000,0.9948,0.0052,182.0000,89.6038,1.0000,89.9800
Phenumb copenhagen,7 w access,25070 adam massigeh,0,0,0,,0.3672,0.1221,32,94.2312,TRUE,72.0000,0.2083,0.2083,51.0000,89.9967,11.0000,113.8639
Philip b,8 cosmetics,21819 mariette buksti gram,0,0,0,,0.4904,0.4545,36,73.3587,FALSE,37.0000,0.0000,0.0000,37.0000,73.3587,0.0000,
Philips avent,2 kids,20415 lotte skovaa,0,0,0,,0.3520,0.3605,54,78.2386,TRUE,59.0000,0.5085,0.0000,59.0000,78.2386,0.0000,
Phlur,8 cosmetics,,0,0,0,,,,,100.0000,FALSE,5.0000,0.0000,0.0000,1.0000,100.0000,0.0000,
Pillivuyt,1 home,21819 mariette buksti gram,0,0,0,,0.2720,0.1745,186,83.9697,TRUE,199.0000,0.9849,0.0352,192.0000,83.1364,7.0000,106.8256
Pillivuyt gourmet,1 home,21819 mariette buksti gram,0,0,0,,0.5917,0.4693,58,73.4012,FALSE,71.0000,0.0000,0.0000,71.0000,73.4012,0.0000,
Pixi,8 cosmetics,21819 mariette buksti gram,0,0,0,,0.5766,0.4408,57,72.5883,FALSE,59.0000,0.0000,0.0000,59.0000,72.5883,0.0000,
Piñata smashlings,2 kids,20415 lotte skovaa,0,0,0,,0.3776,0.3776,1,72.5907,FALSE,1.0000,0.0000,0.0000,1.0000,72.5907,0.0000,
Pjur,8 cosmetics,75404 jonas linding berg,0,0,0,,0.4060,0.4481,10,75.1994,FALSE,16.0000,0.0000,0.0000,11.0000,75.1994,0.0000,
Play-doh,2 kids,20415 lotte skovaa,0,0,0,,0.6488,0.6906,12,62.6103,FALSE,12.0000,0.0000,0.0000,12.0000,62.6103,0.0000,
Playgro,2 kids,20415 lotte skovaa,0,0,0,,0.9572,0.9502,5,54.9532,FALSE,5.0000,0.0000,0.0000,5.0000,54.9532,0.0000,
Playmobil,2 kids,,0,0,0,,0.6430,0.5583,139,63.4476,FALSE,142.0000,0.0000,0.0000,141.0000,63.4476,0.0000,
Plus-plus,2 kids,20415 lotte skovaa,0,0,0,,0.5816,0.4489,34,68.2661,FALSE,36.0000,0.0000,0.0000,36.0000,68.2661,0.0000,
Point virgule,1 home,21819 mariette buksti gram,0,0,0,,0.2839,0.0402,9,94.2332,TRUE,19.0000,0.9474,0.0000,12.0000,94.2332,0.0000,
Pokémon,2 kids,,0,0,0,,0.6722,0.4376,21,64.2282,FALSE,21.0000,0.0000,0.0000,21.0000,64.2282,0.0000,
Polar skate,3 mens,,0,0,0,,0.2699,0.2699,2,119.6030,TRUE,29.0000,1.0000,0.0000,7.0000,119.6030,0.0000,
Polo ralph lauren,3 mens,20415 lotte skovaa,0,0,0,,0.3165,0.2007,433,93.1461,TRUE,724.0000,0.9807,0.1367,553.0000,89.1528,81.0000,120.4089
Ponymyths,2 kids,,0,0,0,,0.1807,0.1807,1,84.6949,FALSE,1.0000,0.0000,0.0000,1.0000,84.6949,0.0000,
Poster & frame,1 home,21819 mariette buksti gram,0,0,0,,0.8422,0.6065,100,94.6672,TRUE,367.0000,1.0000,0.0218,200.0000,94.1405,1.0000,200.0000
Power x,2 kids,20415 lotte skovaa,0,0,0,,0.6056,0.6458,5,62.7398,FALSE,5.0000,0.0000,0.0000,5.0000,62.7398,0.0000,
Prada vintage,7 w access,,0,0,0,,2.4907,2.2274,4,37.5475,FALSE,1221.0000,0.0000,0.0000,4.0000,37.5475,0.0000,
Primadonna,6 lingerie,20415 lotte skovaa,0,0,0,,0.7260,0.6667,82,105.4582,FALSE,403.0000,0.4268,0.4268,196.0000,86.2896,117.0000,137.5696
Primigi,2 kids,,0,0,0,,0.2645,0.3965,3,113.8423,TRUE,24.0000,1.0000,0.0417,13.0000,113.8106,1.0000,114.2539
Princess mimi,2 kids,20415 lotte skovaa,0,0,0,,,,,100.0000,FALSE,1.0000,0.0000,0.0000,1.0000,100.0000,0.0000,
Printworks,1 home,21819 mariette buksti gram,0,0,0,,1.0225,1.3336,3,52.3715,FALSE,3.0000,1.0000,1.0000,0.0000,,3.0000,52.3715
Pro touch,3 mens,20415 lotte skovaa,0,0,0,,0.3466,0.3328,10,94.1423,FALSE,45.0000,0.1778,0.0222,42.0000,94.0028,1.0000,100.0000
Ps paul smith,3 mens,20415 lotte skovaa,0,0,0,,0.3040,0.1011,15,101.1718,TRUE,56.0000,1.0000,0.0000,32.0000,101.1718,0.0000,
Pudderdåserne,8 cosmetics,21819 mariette buksti gram,0,0,0,,0.1220,0.0715,36,90.5254,TRUE,36.0000,0.9722,0.0000,36.0000,90.5254,0.0000,
Pulltex,1 home,21819 mariette buksti gram,0,0,0,,0.4274,0.2471,11,79.3739,TRUE,14.0000,0.9286,0.0000,14.0000,79.3739,0.0000,
Punto blanco,,25070 adam massigeh,0,0,0,,,,,,FALSE,1.0000,1.0000,1.0000,,,,
Purito seoul,8 cosmetics,21819 mariette buksti gram,0,0,0,,0.4769,0.4939,35,70.8804,TRUE,36.0000,1.0000,0.0000,36.0000,70.8804,0.0000,
Purse pets,2 kids,20415 lotte skovaa,0,0,0,,1.0555,1.0555,1,48.6495,FALSE,1.0000,0.0000,0.0000,1.0000,48.6495,0.0000,
Pyrex,1 home,21819 mariette buksti gram,0,0,0,,2.1075,2.1075,1,32.1799,FALSE,1.0000,0.0000,0.0000,1.0000,32.1799,0.0000,
Pyunkang yul,8 cosmetics,21819 mariette buksti gram,0,0,0,,0.4898,0.4088,31,71.7864,TRUE,32.0000,1.0000,0.0000,32.0000,71.7864,0.0000,
Que rico,1 home,21819 mariette buksti gram,0,0,0,,0.3918,0.3409,22,107.7047,TRUE,49.0000,1.0000,0.2041,33.0000,92.2317,10.0000,158.7658
Quilts of denmark,1 home,21819 mariette buksti gram,0,0,0,,1.0755,0.8418,35,53.0481,TRUE,35.0000,0.1714,0.0000,35.0000,53.0481,0.0000,
Raadvad,1 home,21819 mariette buksti gram,0,0,0,,0.9645,0.8404,6,53.3462,TRUE,6.0000,0.8333,0.0000,6.0000,53.3462,0.0000,
Raaw alchemy,8 cosmetics,21819 mariette buksti gram,0,0,0,,0.2115,0.2500,6,119.6336,TRUE,33.0000,1.0000,0.0000,32.0000,119.6336,0.0000,
Raaw by trice,8 cosmetics,21819 mariette buksti gram,0,0,0,,,,,118.3521,FALSE,1.0000,1.0000,0.0000,1.0000,118.3521,0.0000,
Rabanne,8 cosmetics,21819 mariette buksti gram,0,0,0,,0.3709,0.3524,81,75.0480,TRUE,83.0000,1.0000,0.0000,83.0000,75.0480,0.0000,
Rabens saloner,5 women,25070 adam massigeh,0,0,0,,0.4563,0.3411,22,96.1848,FALSE,100.0000,0.1700,0.1700,61.0000,92.0182,9.0000,124.4251
Ragbag studio,7 w access,20415 lotte skovaa,0,0,0,,0.6689,0.5908,50,73.3649,TRUE,69.0000,0.0145,0.0145,63.0000,73.3649,0.0000,
Rainbowcorns,2 kids,20415 lotte skovaa,0,0,0,,0.6701,0.6365,10,60.6719,FALSE,10.0000,0.0000,0.0000,10.0000,60.6719,0.0000,
Rap,2 kids,,0,0,0,,,,,,FALSE,1.0000,0.0000,0.0000,,,,
Rapide,8 cosmetics,21819 mariette buksti gram,0,0,0,,0.0078,0.0078,1,101.1111,FALSE,5.0000,0.0000,0.0000,3.0000,101.1111,0.0000,
Ravensburger puslespil,2 kids,20415 lotte skovaa,0,0,0,,0.6142,0.6209,63,62.3586,FALSE,63.0000,0.0000,0.0000,63.0000,62.3586,0.0000,
Ravensburger spil,2 kids,20415 lotte skovaa,0,0,0,,0.7562,0.7872,6,57.1223,FALSE,6.0000,0.0000,0.0000,6.0000,57.1223,0.0000,
Raz skincare,8 cosmetics,21819 mariette buksti gram,0,0,0,,0.1901,0.2120,28,85.5707,TRUE,29.0000,1.0000,0.0000,29.0000,85.5707,0.0000,
Re do,3 mens,,0,0,0,,,,,,FALSE,1.0000,1.0000,1.0000,,,,
Re:essence,1 home,21819 mariette buksti gram,0,0,0,,0.7313,0.8193,6,80.7756,FALSE,12.0000,0.0000,0.0000,12.0000,80.7756,0.0000,
Real techniques,8 cosmetics,,0,0,0,,1.0806,0.9169,37,51.2689,TRUE,37.0000,0.0541,0.0541,35.0000,49.5461,2.0000,81.4186
Rebel,8 cosmetics,,0,0,0,,0.2326,0.2030,3,81.9718,FALSE,9.0000,0.0000,0.0000,3.0000,81.9718,0.0000,
Rebelle copenhagen,1 home,21819 mariette buksti gram,0,0,0,,0.2193,0.2513,11,92.5553,FALSE,26.0000,0.0000,0.0000,26.0000,92.5553,0.0000,
Recipe for men,8 cosmetics,21819 mariette buksti gram,0,0,0,,0.3095,0.2030,30,80.3126,TRUE,32.0000,0.5625,0.0000,32.0000,80.3126,0.0000,
Recollector,1 home,21819 mariette buksti gram,0,0,0,,0.4698,0.3922,29,70.7682,FALSE,31.0000,0.0000,0.0000,31.0000,70.7682,0.0000,
Reebok,3 mens,,0,0,0,,0.3899,0.1840,7,89.3763,FALSE,21.0000,0.4762,0.0000,12.0000,89.3763,0.0000,
Reef,3 mens,,0,0,0,,0.3593,0.3593,2,73.5658,FALSE,2.0000,0.0000,0.0000,2.0000,73.5658,0.0000,
Refy,8 cosmetics,,0,0,0,,,,,100.0000,FALSE,144.0000,0.0000,0.0000,19.0000,100.0000,0.0000,
Relaxy,1 home,21819 mariette buksti gram,0,0,0,,0.5688,0.4257,16,71.0972,FALSE,22.0000,0.0000,0.0000,18.0000,71.0972,0.0000,
Relevant,8 cosmetics,21819 mariette buksti gram,0,0,0,,0.1058,0.0028,8,100.4335,TRUE,19.0000,1.0000,0.2105,11.0000,100.4335,0.0000,
Rem beauty,8 cosmetics,21819 mariette buksti gram,0,0,0,,0.3939,0.4142,7,97.2369,FALSE,220.0000,0.0000,0.0000,68.0000,97.2369,0.0000,
Remain,5 women,25070 adam massigeh,0,0,0,,2.3333,2.3333,2,211.6929,FALSE,24.0000,0.7500,0.7500,2.0000,30.0000,5.0000,284.3700
Renpho,1 home,,0,0,0,,0.2485,0.2633,9,84.4111,FALSE,12.0000,0.0833,0.0833,11.0000,84.4111,0.0000,
Reome,8 cosmetics,,0,0,0,,0.0159,0.0159,2,98.4320,FALSE,5.0000,0.0000,0.0000,2.0000,98.4320,0.0000,
Replay,3 mens,20415 lotte skovaa,0,0,0,,2.5373,2.5373,2,187.3491,FALSE,11.0000,0.9091,0.8182,2.0000,46.8606,7.0000,227.4886
Respire,8 cosmetics,21819 mariette buksti gram,0,0,0,,1.0432,1.0432,1,74.4709,FALSE,5.0000,0.0000,0.0000,2.0000,74.4709,0.0000,
Rethinkit studios,5 women,,0,0,0,,0.5100,0.4286,57,76.8434,FALSE,73.0000,0.1781,0.1781,60.0000,76.3547,13.0000,79.0987
Reusch,3 mens,20415 lotte skovaa,0,0,0,,0.6373,0.6001,5,83.4000,FALSE,10.0000,0.2000,0.1000,9.0000,79.9676,1.0000,114.2922
Revolt,2 kids,,0,0,0,,0.5678,0.5678,1,63.7849,FALSE,1.0000,0.0000,0.0000,1.0000,63.7849,0.0000,
Revolution,8 cosmetics,21819 mariette buksti gram,0,0,0,,0.7802,0.6122,284,65.6481,TRUE,313.0000,0.0671,0.0000,304.0000,65.6481,0.0000,
Rhode,8 cosmetics,,0,0,0,,,,,,FALSE,66.0000,0.0000,0.0000,,,,
Riedel,11 food,61164 jacob bøgeholdt nielsen,0,0,0,,0.4224,0.4385,44,72.8698,FALSE,48.0000,0.0417,0.0000,46.0000,72.8698,0.0000,
Ril's,5 women,,0,0,0,,,,,,FALSE,5.0000,1.0000,1.0000,,,,
Rio,2 kids,20415 lotte skovaa,0,0,0,,0.3855,0.3090,24,93.3656,FALSE,44.0000,0.0227,0.0227,42.0000,92.0392,1.0000,149.0745
Rm by rosemunde,5 women,25070 adam massigeh,0,0,0,,0.5030,0.5030,1,199.4075,TRUE,67.0000,1.0000,0.9851,1.0000,66.5331,34.0000,203.3155
Roberto cavalli,8 cosmetics,,0,0,0,,0.7185,0.6367,12,60.0583,FALSE,13.0000,0.0000,0.0000,12.0000,60.0583,0.0000,
Roboalive,2 kids,20415 lotte skovaa,0,0,0,,0.6173,0.6326,6,64.0391,FALSE,6.0000,0.0000,0.0000,6.0000,64.0391,0.0000,
Rockandblue,5 women,25070 adam massigeh,0,0,0,,0.6658,0.6658,2,87.1816,FALSE,11.0000,0.0000,0.0000,5.0000,87.1816,0.0000,
Rocket,1 home,21819 mariette buksti gram,0,0,0,,0.1078,0.0851,3,90.5725,FALSE,3.0000,0.0000,0.0000,3.0000,90.5725,0.0000,
Rodebjer,5 women,25070 adam massigeh,0,0,0,,0.2866,0.0428,12,92.7507,FALSE,49.0000,0.0204,0.0204,24.0000,92.7507,0.0000,
Roger orfévre,1 home,,0,0,0,,0.7694,0.1111,15,78.1805,FALSE,25.0000,0.0000,0.0000,16.0000,78.1805,0.0000,
Rohe,5 women,25070 adam massigeh,0,0,0,,,,,,FALSE,1.0000,1.0000,1.0000,,,,
Roja,8 cosmetics,21819 mariette buksti gram,0,0,0,,0.6025,0.6230,24,71.4755,FALSE,29.0000,0.0000,0.0000,29.0000,71.4755,0.0000,
Room 1015,8 cosmetics,,0,0,0,,,,,134.6156,FALSE,8.0000,1.0000,0.0000,7.0000,134.6156,0.0000,
Roos & roos,8 cosmetics,21819 mariette buksti gram,0,0,0,,0.1196,0.1196,1,89.3137,FALSE,1.0000,1.0000,1.0000,0.0000,,1.0000,89.3137
Root7,1 home,,0,0,0,,0.5952,0.5952,1,62.6881,FALSE,1.0000,1.0000,0.0000,1.0000,62.6881,0.0000,
Rose inc,8 cosmetics,21819 mariette buksti gram,0,0,0,,0.5579,0.5579,2,103.5208,TRUE,122.0000,0.1639,0.0000,118.0000,103.5208,0.0000,
Rosefield,7 w access,,0,0,0,,0.2500,0.2500,1,80.0000,FALSE,1.0000,0.0000,0.0000,1.0000,80.0000,0.0000,
Rosemunde,5 women,25070 adam massigeh,0,0,0,,0.4575,0.4020,105,104.8830,TRUE,310.0000,0.9129,0.1387,208.0000,99.6951,24.0000,149.8442
Rosendahl,1 home,21819 mariette buksti gram,0,0,0,,0.4580,0.3599,136,74.4006,TRUE,142.0000,0.9859,0.2042,113.0000,72.4443,29.0000,82.0236
Rosenthal,1 home,21819 mariette buksti gram,0,0,0,,0.1860,0.1390,9,96.7069,FALSE,28.0000,1.0000,0.0357,15.0000,97.6159,1.0000,83.0721
Rosti,1 home,21819 mariette buksti gram,0,0,0,,0.5265,0.4282,140,69.1728,FALSE,159.0000,0.1069,0.0000,145.0000,69.1728,0.0000,
Rotate birger christensen,5 women,25070 adam massigeh,0,0,0,,1.0300,1.0300,2,195.3961,FALSE,11.0000,0.9091,0.9091,1.0000,33.5700,5.0000,227.7613
Rouge-edit,5 women,,0,0,0,,0.1855,0.0714,17,137.7902,TRUE,59.0000,1.0000,0.3390,30.0000,107.0395,17.0000,192.0561
Round Lab,8 cosmetics,21819 mariette buksti gram,0,0,1,,0.8063,0.7592,15,57.3889,TRUE,15.0000,1.0000,0.0000,15.0000,57.3889,0.0000,
Royal republiq,3 mens,,0,0,0,,,,,,FALSE,1.0000,0.0000,0.0000,,,,
Royal slippers,3 mens,25070 adam massigeh,0,0,0,,,,,,TRUE,14.0000,1.0000,0.0000,,,,
Rubble & crew,2 kids,20415 lotte skovaa,0,0,0,,0.8099,0.8193,8,58.0060,FALSE,8.0000,0.0000,0.0000,8.0000,58.0060,0.0000,
Rue de femme,5 women,25070 adam massigeh,0,0,0,,0.3198,0.1999,17,104.1353,TRUE,82.0000,0.2317,0.2317,36.0000,93.6187,11.0000,138.5533
Rvlt / revolution,3 mens,20415 lotte skovaa,0,0,0,,0.7713,0.6953,34,86.5487,FALSE,145.0000,0.1448,0.1448,81.0000,83.0101,6.0000,134.3197
Résumé,5 women,25070 adam massigeh,0,0,0,,0.3807,0.3333,22,84.0538,FALSE,49.0000,0.5918,0.5918,17.0000,75.4137,12.0000,96.2940
Römertopf,1 home,,0,0,0,,0.3451,0.3451,1,74.3429,FALSE,1.0000,0.0000,0.0000,1.0000,74.3429,0.0000,
Rörstrand,1 home,21819 mariette buksti gram,0,0,0,,0.7504,0.6667,80,59.4955,TRUE,80.0000,0.0000,0.0000,80.0000,59.4955,0.0000,
Rösle,1 home,21819 mariette buksti gram,0,0,0,,0.2275,0.1664,128,85.7820,TRUE,142.0000,1.0000,0.0070,141.0000,85.2303,1.0000,163.5679
Sabonet,1 home,,0,0,0,,2.1574,2.2597,4,31.8119,FALSE,4.0000,1.0000,0.0000,4.0000,31.8119,0.0000,
Sachajuan,8 cosmetics,21819 mariette buksti gram,0,0,0,,0.6386,0.5461,43,64.5727,FALSE,44.0000,0.0000,0.0000,44.0000,64.5727,0.0000,
Saddler,3 mens,20415 lotte skovaa,0,0,0,,0.4749,0.3300,38,91.4360,FALSE,123.0000,0.0000,0.0000,120.0000,91.4360,0.0000,
Sagaform,1 home,21819 mariette buksti gram,0,0,0,,0.2832,0.2591,70,83.8421,TRUE,89.0000,1.0000,0.0000,81.0000,83.8421,0.0000,
Sage,1 home,21819 mariette buksti gram,0,0,0,,0.1232,0.0670,78,95.6016,TRUE,104.0000,0.9808,0.0288,101.0000,95.6728,3.0000,93.2034
Saint tropez,5 women,25070 adam massigeh,0,0,0,,0.3958,0.3333,52,142.1938,TRUE,455.0000,0.7736,0.6967,65.0000,89.8740,201.0000,159.1131
Sally,2 kids,20415 lotte skovaa,0,0,0,,0.5930,0.5930,2,62.8493,FALSE,2.0000,0.0000,0.0000,2.0000,62.8493,0.0000,
Salt and stone,8 cosmetics,,0,0,0,,0.2265,0.1036,5,95.0080,FALSE,12.0000,0.0000,0.0000,9.0000,95.0080,0.0000,
Salvatore ferragamo vintage,7 w access,,0,0,0,,,,,,FALSE,239.0000,0.0000,0.0000,,,,
Sambonet,1 home,21819 mariette buksti gram,0,0,0,,2.0655,1.9511,3,33.5534,FALSE,3.0000,1.0000,0.0000,3.0000,33.5534,0.0000,
Samsonite,3 mens,20415 lotte skovaa,0,0,0,,0.2657,0.2457,46,94.8975,FALSE,159.0000,0.0503,0.0000,153.0000,94.8975,0.0000,
Sand,5 women,25070 adam massigeh,0,0,0,,0.4525,0.4005,10,126.1293,FALSE,605.0000,0.4479,0.4479,13.0000,78.2965,23.0000,153.1652
Sand & sky,8 cosmetics,,0,0,0,,,,,,FALSE,1.0000,1.0000,0.0000,,,,
Saphir,3 mens,,0,0,0,,0.1348,0.0671,26,92.6008,FALSE,47.0000,0.0000,0.0000,35.0000,92.6008,0.0000,
Sarda,6 lingerie,20415 lotte skovaa,0,0,0,,0.8091,0.8091,1,128.9699,FALSE,33.0000,0.5152,0.5152,15.0000,97.0185,9.0000,182.2222
Satisfyer,8 cosmetics,75404 jonas linding berg,0,0,0,,0.6266,0.6711,15,64.0813,FALSE,15.0000,0.0000,0.0000,15.0000,64.0813,0.0000,
Schiesser,3 mens,,0,0,0,,0.3028,0.3350,45,79.3361,TRUE,70.0000,0.0000,0.0000,48.0000,79.3361,0.0000,
Schleich,2 kids,20415 lotte skovaa,0,0,0,,0.6756,0.5847,118,61.7324,FALSE,119.0000,0.0084,0.0000,119.0000,61.7324,0.0000,
Science,2 kids,,0,0,0,,0.8113,0.7658,6,56.0792,FALSE,6.0000,0.0000,0.0000,6.0000,56.0792,0.0000,
Scoot & ride,2 kids,20415 lotte skovaa,0,0,0,,0.1030,0.0545,31,96.1602,TRUE,37.0000,0.8649,0.1081,33.0000,95.0192,4.0000,105.5736
Scruff a luvs,2 kids,,0,0,0,,0.2072,0.2072,2,82.9432,FALSE,2.0000,0.0000,0.0000,2.0000,82.9432,0.0000,
Seafolly,6 lingerie,,0,0,0,,,,,,FALSE,1.0000,0.0000,0.0000,,,,
Seasonly,8 cosmetics,21819 mariette buksti gram,0,0,0,,,,,136.0563,FALSE,25.0000,0.4000,0.2400,7.0000,112.2449,4.0000,177.7261
Sebago,3 mens,25070 adam massigeh,0,0,0,,0.4023,0.3846,14,81.8699,TRUE,16.0000,1.0000,0.0000,16.0000,81.8699,0.0000,
Secrid,3 mens,20415 lotte skovaa,0,0,0,,0.0987,0.0680,19,107.9912,TRUE,78.0000,1.0000,0.0000,78.0000,107.9912,0.0000,
Secto,1 home,21819 mariette buksti gram,0,0,0,,0.1093,0.0956,16,100.1844,FALSE,47.0000,0.9787,0.0000,47.0000,100.1844,0.0000,
Seidensticker,3 mens,20415 lotte skovaa,0,0,0,,0.1768,0.0714,19,112.8564,TRUE,134.0000,1.0000,0.0000,58.0000,112.8564,0.0000,
Sekan,1 home,21819 mariette buksti gram,0,0,0,,1.6207,0.4481,11,76.5507,FALSE,24.0000,0.0000,0.0000,20.0000,76.5507,0.0000,
Sekonda,7 w access,,0,0,0,,1.7110,1.7110,1,84.2216,FALSE,4.0000,0.0000,0.0000,4.0000,84.2216,0.0000,
Sensai,8 cosmetics,21819 mariette buksti gram,0,0,0,,0.2097,0.1875,239,85.6966,TRUE,265.0000,0.3736,0.0000,261.0000,85.6966,0.0000,
Senta,3 mens,,0,0,0,,,,,124.9687,FALSE,2.0000,1.0000,0.0000,2.0000,124.9687,0.0000,
Sephora collection,8 cosmetics,21819 mariette buksti gram,0,0,0,,0.1244,0.1010,9,100.6171,FALSE,1245.0000,0.1454,0.0900,264.0000,100.2776,2.0000,145.4382
Sephora favorites,8 cosmetics,,0,0,0,,,,,,FALSE,1.0000,1.0000,1.0000,,,,
Serax,1 home,,0,0,0,,0.1395,0.1089,7,132.5498,TRUE,41.0000,0.9756,0.0000,30.0000,132.5498,0.0000,
Serendipity organics,2 kids,,0,0,0,,1.5006,1.5006,1,39.9911,FALSE,1.0000,0.0000,0.0000,1.0000,39.9911,0.0000,
Service projects,1 home,,0,0,0,,0.0763,0.0584,4,100.6511,FALSE,18.0000,0.0000,0.0000,17.0000,100.6511,0.0000,
Service works,3 mens,,0,0,0,,0.3638,0.2667,3,88.4173,FALSE,11.0000,0.0000,0.0000,5.0000,88.4173,0.0000,
Ses creative,2 kids,20415 lotte skovaa,0,0,0,,0.6519,0.6129,71,62.4560,FALSE,71.0000,0.0000,0.0000,71.0000,62.4560,0.0000,
Shark beauty,1 home,21819 mariette buksti gram,0,0,0,,0.2445,0.2176,7,81.4655,TRUE,7.0000,0.8571,0.0000,7.0000,81.4655,0.0000,
Shark gaming,1 home,21819 mariette buksti gram,0,0,0,,0.4217,0.3371,43,85.5866,FALSE,87.0000,0.0000,0.0000,65.0000,85.5866,0.0000,
Shepherd of sweden,7 w access,25070 adam massigeh,0,0,0,,0.4307,0.3939,13,75.0124,FALSE,17.0000,0.0000,0.0000,14.0000,75.0124,0.0000,
Shoe biz,7 w access,,0,0,0,,0.3344,0.3344,1,91.1394,FALSE,2.0000,0.0000,0.0000,2.0000,91.1394,0.0000,
Shoedesign copenhagen,7 w access,25070 adam massigeh,0,0,0,,0.4284,0.4291,19,100.3194,TRUE,119.0000,0.1176,0.0252,109.0000,98.2656,3.0000,174.9439
Shu uemura art of hair,8 cosmetics,21819 mariette buksti gram,0,0,0,,0.4889,0.4612,43,67.7949,FALSE,43.0000,0.0000,0.0000,43.0000,67.7949,0.0000,
Siba's,1 home,21819 mariette buksti gram,0,0,0,,,,,,TRUE,36.0000,1.0000,0.0000,,,,
Sidas,3 mens,20415 lotte skovaa,0,0,0,,0.7980,0.4798,6,79.2162,FALSE,8.0000,0.1250,0.1250,7.0000,71.9560,1.0000,130.0372
Sif jakobs jewellery,7 w access,20415 lotte skovaa,0,0,0,,0.5643,0.4066,182,66.8435,TRUE,186.0000,0.0000,0.0000,183.0000,66.8435,0.0000,
Siku,2 kids,,0,0,0,,0.5186,0.5375,3,65.9849,FALSE,3.0000,0.0000,0.0000,3.0000,65.9849,0.0000,
Silikomart,1 home,,0,0,0,,0.2665,0.1900,36,113.0666,TRUE,87.0000,1.0000,0.0000,85.0000,113.0666,0.0000,
Silk clay,2 kids,20415 lotte skovaa,0,0,0,,0.5557,0.5557,2,64.3795,FALSE,2.0000,0.0000,0.0000,2.0000,64.3795,0.0000,
Silva,3 mens,,0,0,0,,,,,122.6830,FALSE,1.0000,1.0000,1.0000,0.0000,,1.0000,122.6830
Silver essentials by plaza,7 w access,20415 lotte skovaa,0,0,0,,0.7398,0.6667,24,60.3686,FALSE,26.0000,0.0000,0.0000,25.0000,60.3686,0.0000,
Simone pérèle,6 lingerie,20415 lotte skovaa,0,0,0,,0.2520,0.1690,50,103.6277,FALSE,250.0000,0.2840,0.2840,63.0000,87.7052,20.0000,153.7836
Simple wish,5 women,25070 adam massigeh,0,0,0,,,,,,FALSE,2.0000,1.0000,1.0000,,,,
Simply chocolate,11 food,61164 jacob bøgeholdt nielsen,0,0,0,,0.1696,0.1945,10,94.5075,FALSE,39.0000,0.0000,0.0000,20.0000,94.5075,0.0000,
Sincere,1 home,,0,0,0,,,,,,FALSE,1.0000,1.0000,0.0000,,,,
Single flowers perfume,1 home,,0,0,0,,0.1024,0.1210,7,96.7841,FALSE,20.0000,0.0000,0.0000,20.0000,96.7841,0.0000,
Sirius,1 home,21819 mariette buksti gram,0,0,0,,0.1911,0.1238,127,88.4678,TRUE,144.0000,0.9931,0.0000,144.0000,88.4678,0.0000,
Sisley,8 cosmetics,21819 mariette buksti gram,0,0,0,,0.4111,0.3636,471,75.1411,TRUE,528.0000,0.2765,0.0019,511.0000,75.0375,1.0000,128.0534
Sissel edelbo,5 women,25070 adam massigeh,0,0,0,,,,,,FALSE,1.0000,1.0000,1.0000,,,,
Sitre,8 cosmetics,75404 jonas linding berg,0,0,0,,0.3549,0.3357,3,80.5365,FALSE,4.0000,0.0000,0.0000,4.0000,80.5365,0.0000,
Sjöstrand,1 home,21819 mariette buksti gram,0,0,0,,0.0935,0.0870,22,94.0214,FALSE,27.0000,0.0000,0.0000,27.0000,94.0214,0.0000,
Skagen,7 w access,,0,0,0,,0.6440,0.4488,5,64.6975,FALSE,5.0000,0.0000,0.0000,5.0000,64.6975,0.0000,
Skagerak,1 home,21819 mariette buksti gram,0,0,0,,0.2475,0.0671,17,87.9497,TRUE,18.0000,0.8889,0.0000,18.0000,87.9497,0.0000,
Skandinavisk,1 home,21819 mariette buksti gram,0,0,0,,0.4314,0.4233,87,78.8829,FALSE,120.0000,0.0083,0.0000,120.0000,78.8829,0.0000,
Skinfood,8 cosmetics,,0,0,0,,0.1565,0.1565,1,86.4714,FALSE,1.0000,1.0000,0.0000,1.0000,86.4714,0.0000,
Sky viper,2 kids,20415 lotte skovaa,0,0,0,,0.5451,0.5451,2,64.9512,FALSE,2.0000,0.0000,0.0000,2.0000,64.9512,0.0000,
Skøn skincare,8 cosmetics,21819 mariette buksti gram,0,0,0,,0.3788,0.4940,3,114.2953,TRUE,47.0000,0.7872,0.0000,44.0000,114.2953,0.0000,
Sloggi,6 lingerie,20415 lotte skovaa,0,0,0,,0.7545,0.6667,73,84.0052,FALSE,131.0000,0.1221,0.1221,115.0000,75.6278,14.0000,152.8195
Smagfuld by almuegaarden,11 food,61164 jacob bøgeholdt nielsen,0,0,0,,0.0889,0.0889,1,100.0000,FALSE,22.0000,0.0000,0.0000,5.0000,100.0000,0.0000,
Small talk,2 kids,20415 lotte skovaa,0,0,0,,0.3859,0.3756,4,72.6638,FALSE,4.0000,0.0000,0.0000,4.0000,72.6638,0.0000,
Smart ball,2 kids,,0,0,0,,0.5672,0.5672,1,63.8064,FALSE,1.0000,0.0000,0.0000,1.0000,63.8064,0.0000,
Smart frame,11 food,,0,0,0,,,,,,FALSE,1.0000,0.0000,0.0000,,,,
Smartgames,2 kids,20415 lotte skovaa,0,0,0,,0.3475,0.3475,2,75.4266,FALSE,2.0000,0.0000,0.0000,2.0000,75.4266,0.0000,
Smashers,2 kids,20415 lotte skovaa,0,0,0,,0.6619,0.7982,5,63.0319,FALSE,5.0000,0.0000,0.0000,5.0000,63.0319,0.0000,
Smile makers,8 cosmetics,75404 jonas linding berg,0,0,0,,0.2465,0.3042,11,85.5111,FALSE,14.0000,0.0000,0.0000,14.0000,85.5111,0.0000,
Smuk skincare,8 cosmetics,,0,0,0,,0.3292,0.3292,1,75.2341,FALSE,1.0000,0.0000,0.0000,1.0000,75.2341,0.0000,
So slime,2 kids,,0,0,0,,0.3757,0.3757,1,72.6909,FALSE,1.0000,0.0000,0.0000,1.0000,72.6909,0.0000,
Soaked in luxury,5 women,25070 adam massigeh,0,0,0,,0.4189,0.3242,67,120.5551,TRUE,388.0000,0.7990,0.6057,72.0000,82.0073,138.0000,140.6671
Soft buddies,2 kids,20415 lotte skovaa,0,0,0,,0.2343,0.1624,5,86.6538,FALSE,6.0000,0.1667,0.0000,6.0000,86.6538,0.0000,
Soft gallery,2 kids,20415 lotte skovaa,0,0,0,,0.5627,0.5627,2,106.6636,FALSE,13.0000,1.0000,0.0000,5.0000,106.6636,0.0000,
Soft rebels,5 women,25070 adam massigeh,0,0,0,,0.2858,0.0686,133,119.5362,TRUE,328.0000,1.0000,0.3933,158.0000,95.3152,102.0000,157.0549
Sokind,8 cosmetics,21819 mariette buksti gram,0,0,0,,0.3676,0.4286,8,74.8577,FALSE,8.0000,0.0000,0.0000,8.0000,74.8577,0.0000,
Solferino,8 cosmetics,,0,0,0,,,,,102.1335,FALSE,22.0000,0.0000,0.0000,12.0000,102.1335,0.0000,
Some by mi,8 cosmetics,21819 mariette buksti gram,0,0,0,,0.3230,0.2810,47,80.7136,TRUE,50.0000,1.0000,0.0000,50.0000,80.7136,0.0000,
Something new,5 women,25070 adam massigeh,0,0,0,,,,,256.6000,FALSE,6.0000,0.5000,0.5000,0.0000,,1.0000,256.6000
Sonic,2 kids,20415 lotte skovaa,0,0,0,,0.5537,0.5623,3,64.4705,FALSE,3.0000,0.0000,0.0000,3.0000,64.4705,0.0000,
Sorel,3 mens,20415 lotte skovaa,0,0,0,,1.3562,1.0038,5,46.1741,FALSE,6.0000,0.1667,0.1667,5.0000,46.1741,0.0000,
Sos,3 mens,,0,0,0,,0.5387,0.6091,5,65.8599,FALSE,5.0000,0.0000,0.0000,5.0000,65.8599,0.0000,
Soulland,3 mens,,0,0,0,,,,,101.8838,FALSE,1.0000,0.0000,0.0000,1.0000,101.8838,0.0000,
Soyaconcept,5 women,25070 adam massigeh,0,0,0,,0.3062,0.0049,52,122.2606,TRUE,233.0000,0.4077,0.4077,124.0000,93.7828,49.0000,194.3269
Spalding,3 mens,,0,0,0,,0.8132,0.8132,1,55.1507,FALSE,2.0000,0.0000,0.0000,1.0000,55.1507,0.0000,
Spanx,6 lingerie,20415 lotte skovaa,0,0,0,,0.1658,0.1675,13,88.7685,FALSE,16.0000,0.0000,0.0000,15.0000,88.7685,0.0000,
Sparkz copenhagen,5 women,,0,0,0,,,,,,FALSE,11.0000,0.0000,0.0000,,,,
Speed car,2 kids,20415 lotte skovaa,0,0,0,,0.3681,0.3376,29,80.1002,FALSE,34.0000,0.0000,0.0000,34.0000,80.1002,0.0000,
Speedo,3 mens,20415 lotte skovaa,0,0,0,,0.7435,0.6416,53,65.3360,FALSE,60.0000,0.0000,0.0000,60.0000,65.3360,0.0000,
Speedtsberg,1 home,21819 mariette buksti gram,0,0,0,,0.2277,0.1980,19,84.8511,FALSE,30.0000,0.0333,0.0333,20.0000,84.8511,0.0000,
Spider-man,2 kids,20415 lotte skovaa,0,0,0,,0.6931,0.6479,14,61.0278,FALSE,14.0000,0.0000,0.0000,14.0000,61.0278,0.0000,
Spidey,2 kids,20415 lotte skovaa,0,0,0,,0.7824,0.8263,9,58.2260,FALSE,9.0000,0.0000,0.0000,9.0000,58.2260,0.0000,
Spil,2 kids,20415 lotte skovaa,0,0,0,,0.3002,0.3002,1,76.9142,FALSE,1.0000,0.0000,0.0000,1.0000,76.9142,0.0000,
Spy x,2 kids,20415 lotte skovaa,0,0,0,,0.5529,0.5688,3,64.5494,FALSE,3.0000,0.0000,0.0000,3.0000,64.5494,0.0000,
Squid game,2 kids,20415 lotte skovaa,0,0,0,,0.5904,0.5904,2,63.0658,FALSE,2.0000,0.0000,0.0000,2.0000,63.0658,0.0000,
Squishmallows,2 kids,20415 lotte skovaa,0,0,0,,0.8742,0.7302,28,57.0335,FALSE,28.0000,0.0000,0.0000,28.0000,57.0335,0.0000,
St.tropez,8 cosmetics,21819 mariette buksti gram,0,0,0,,0.3306,0.2524,14,76.6239,TRUE,14.0000,1.0000,0.0000,14.0000,76.6239,0.0000,
Star wars,2 kids,20415 lotte skovaa,0,0,0,,0.5918,0.5622,5,62.9431,FALSE,5.0000,0.0000,0.0000,5.0000,62.9431,0.0000,
Statewear,3 mens,,0,0,0,,,,,100.0000,FALSE,3.0000,0.0000,0.0000,3.0000,100.0000,0.0000,
Staub,1 home,21819 mariette buksti gram,0,0,0,,0.2354,0.1528,85,85.2743,TRUE,95.0000,1.0000,0.0000,95.0000,85.2743,0.0000,
Steamery,1 home,21819 mariette buksti gram,0,0,0,,0.3130,0.2522,27,80.9753,FALSE,29.0000,0.0345,0.0000,28.0000,80.9753,0.0000,
Stella mccartney vintage,7 w access,,0,0,0,,,,,,FALSE,14.0000,0.0000,0.0000,,,,
Stelling,1 home,,0,0,0,,0.2181,0.1249,178,89.6678,FALSE,238.0000,0.0000,0.0000,214.0000,89.6678,0.0000,
Stenströms,5 women,25070 adam massigeh,0,0,0,,0.2612,0.2014,31,91.4823,FALSE,138.0000,0.0072,0.0072,61.0000,91.4823,0.0000,
Stetson,3 mens,20415 lotte skovaa,0,0,0,,0.4810,0.4810,2,72.3996,FALSE,2.0000,0.0000,0.0000,2.0000,72.3996,0.0000,
Stiga,3 mens,20415 lotte skovaa,0,0,0,,0.5702,0.5498,12,72.1169,FALSE,14.0000,0.0000,0.0000,14.0000,72.1169,0.0000,
Stine a,7 w access,20415 lotte skovaa,0,0,0,,0.6568,0.5471,41,64.0080,FALSE,43.0000,0.0000,0.0000,43.0000,64.0080,0.0000,
Stine goya,5 women,25070 adam massigeh,0,0,0,,0.3021,0.3336,34,114.4315,FALSE,101.0000,0.4752,0.3861,40.0000,87.9106,29.0000,151.0121
Stoff nagel,1 home,21819 mariette buksti gram,0,0,0,,0.0380,0.0201,32,97.9091,TRUE,42.0000,1.0000,0.0000,42.0000,97.9091,0.0000,
Storm & marie,5 women,,0,0,0,,,,,,FALSE,1.0000,0.0000,0.0000,,,,
Studio about,1 home,21819 mariette buksti gram,0,0,0,,0.4611,0.0674,46,96.7123,TRUE,70.0000,1.0000,0.0571,66.0000,96.1224,3.0000,109.6889
Studio z,7 w access,20415 lotte skovaa,0,0,0,,0.3808,0.4286,27,90.3169,FALSE,51.0000,0.0000,0.0000,51.0000,90.3169,0.0000,
Stuff,1 home,21819 mariette buksti gram,0,0,0,,0.5423,0.6355,4,103.7740,TRUE,45.0000,1.0000,0.0222,10.0000,102.7228,1.0000,114.2857
Stölzle lausitz,1 home,21819 mariette buksti gram,0,0,0,,1.9607,2.2338,7,72.7268,FALSE,11.0000,1.0000,1.0000,0.0000,,11.0000,72.7268
Summer fridays,8 cosmetics,21819 mariette buksti gram,0,0,0,,0.0936,0.0936,1,99.4965,FALSE,71.0000,0.0000,0.0000,17.0000,99.4965,0.0000,
Sunday riley,8 cosmetics,21819 mariette buksti gram,0,0,0,,0.3440,0.3440,2,124.3227,FALSE,12.0000,0.5833,0.0000,11.0000,124.3227,0.0000,
Super mario,2 kids,,0,0,0,,1.9995,1.9995,1,33.3389,FALSE,1.0000,0.0000,0.0000,1.0000,33.3389,0.0000,
Superdry,3 mens,20415 lotte skovaa,0,0,0,,0.5121,0.4928,32,94.4967,TRUE,106.0000,0.1887,0.1792,56.0000,84.3428,19.0000,124.4240
Superfit,2 kids,25070 adam massigeh,0,0,0,,0.2691,0.2492,12,129.3023,TRUE,22.0000,1.0000,0.2727,13.0000,83.9021,6.0000,227.6693
Supergoop,8 cosmetics,21819 mariette buksti gram,0,0,0,,0.1783,0.1994,4,95.6878,FALSE,19.0000,0.0000,0.0000,10.0000,95.6878,0.0000,
Superman,2 kids,20415 lotte skovaa,0,0,0,,0.3098,0.3098,2,76.3461,FALSE,2.0000,0.0000,0.0000,2.0000,76.3461,0.0000,
Susanne kaufmann,8 cosmetics,21819 mariette buksti gram,0,0,0,,0.3572,0.3554,29,85.1592,TRUE,36.0000,1.0000,0.0000,36.0000,85.1592,0.0000,
Svakom,8 cosmetics,75404 jonas linding berg,0,0,0,,0.3881,0.2828,9,77.0563,FALSE,13.0000,0.0000,0.0000,10.0000,77.0563,0.0000,
Svend michelsen chokolade,11 food,,0,0,0,,0.2141,0.1538,13,86.9945,FALSE,16.0000,0.0000,0.0000,16.0000,86.9945,0.0000,
Sweet smile,8 cosmetics,,0,0,0,,0.4754,0.2813,3,73.9201,FALSE,8.0000,0.0000,0.0000,3.0000,73.9201,0.0000,
System jo,8 cosmetics,75404 jonas linding berg,0,0,0,,0.3760,0.2700,9,77.3319,FALSE,11.0000,0.0000,0.0000,10.0000,77.3319,0.0000,
TIRTIR,8 cosmetics,21819 mariette buksti gram,0,0,1,,0.8878,0.9114,16,55.8615,TRUE,16.0000,0.3125,0.0000,16.0000,55.8615,0.0000,
Tack pro,2 kids,,0,0,0,,0.6289,0.6289,1,91.3069,FALSE,3.0000,0.0000,0.0000,3.0000,91.3069,0.0000,
Tactic spil,2 kids,20415 lotte skovaa,0,0,0,,0.8701,0.7680,3,56.0879,FALSE,3.0000,0.0000,0.0000,3.0000,56.0879,0.0000,
Tamaris,7 w access,25070 adam massigeh,0,0,0,,0.2694,0.0709,54,124.0894,TRUE,175.0000,1.0000,0.1829,112.0000,104.6184,29.0000,199.2882
Tatcha,8 cosmetics,21819 mariette buksti gram,0,0,0,,,,,100.0000,FALSE,27.0000,0.0000,0.0000,7.0000,100.0000,0.0000,
Tech dech,2 kids,,0,0,0,,0.8713,0.3546,6,66.3896,FALSE,6.0000,0.0000,0.0000,6.0000,66.3896,0.0000,
Technic,8 cosmetics,21819 mariette buksti gram,0,0,0,,0.2426,0.1600,31,94.1194,TRUE,61.0000,0.0492,0.0000,60.0000,94.1194,0.0000,
Ted baker,5 women,,0,0,0,,0.2425,0.2512,4,103.1204,FALSE,38.0000,0.2368,0.1842,6.0000,96.9899,3.0000,115.3814
Teddy hermann,2 kids,20415 lotte skovaa,0,0,0,,0.2746,0.2062,79,80.0215,FALSE,81.0000,0.0000,0.0000,80.0000,80.0215,0.0000,
Tefal,1 home,21819 mariette buksti gram,0,0,0,,0.6546,0.5747,17,65.5580,TRUE,18.0000,1.0000,0.0000,18.0000,65.5580,0.0000,
Tender leaf,2 kids,20415 lotte skovaa,0,0,0,,0.5608,0.5258,46,66.4544,FALSE,47.0000,0.0000,0.0000,46.0000,66.4544,0.0000,
Tenga,8 cosmetics,75404 jonas linding berg,0,0,0,,0.2833,0.2154,13,79.8144,FALSE,13.0000,0.0000,0.0000,13.0000,79.8144,0.0000,
Tenson,3 mens,20415 lotte skovaa,0,0,0,,1.0001,1.0001,2,49.9986,FALSE,2.0000,0.0000,0.0000,2.0000,49.9986,0.0000,
Terenzi,8 cosmetics,,0,0,0,,0.8060,0.6462,21,65.6524,FALSE,21.0000,0.0000,0.0000,21.0000,65.6524,0.0000,
Tga by ahler,3 mens,25070 adam massigeh,0,0,0,,0.2667,0.2667,4,117.9773,TRUE,31.0000,1.0000,0.0000,28.0000,117.9773,0.0000,
That´s mine,2 kids,20415 lotte skovaa,0,0,0,,0.2019,0.1429,103,94.0497,TRUE,145.0000,1.0000,0.0000,145.0000,94.0497,0.0000,
The body shop,8 cosmetics,21819 mariette buksti gram,0,0,0,,0.2309,0.1328,43,110.0812,TRUE,163.0000,0.6135,0.0000,136.0000,110.0812,0.0000,
The earring shop,7 w access,20415 lotte skovaa,0,0,0,,,,,100.0000,FALSE,61.0000,0.0000,0.0000,27.0000,100.0000,0.0000,
The good statement,5 women,25070 adam massigeh,0,0,0,,,,,,FALSE,1.0000,1.0000,1.0000,,,,
The inkey list,8 cosmetics,21819 mariette buksti gram,0,0,0,,0.5738,0.4915,36,67.0286,FALSE,38.0000,0.0263,0.0263,35.0000,67.2112,1.0000,60.6372
The mallows,11 food,61164 jacob bøgeholdt nielsen,0,0,0,,0.2001,0.2000,7,83.5272,FALSE,7.0000,0.0000,0.0000,7.0000,83.5272,0.0000,
The natural love company,8 cosmetics,75404 jonas linding berg,0,0,0,,,,,,FALSE,12.0000,0.0000,0.0000,,,,
The new,2 kids,20415 lotte skovaa,0,0,0,,0.2970,0.2046,156,96.7873,TRUE,387.0000,0.9690,0.3256,151.0000,95.2737,109.0000,98.8840
The oh collective,8 cosmetics,75404 jonas linding berg,0,0,0,,,,,100.0000,FALSE,8.0000,0.0000,0.0000,2.0000,100.0000,0.0000,
The organic pharmacy,8 cosmetics,21819 mariette buksti gram,0,0,0,,0.2409,0.2081,31,91.7181,TRUE,42.0000,1.0000,0.0000,41.0000,91.7181,0.0000,
The pelvic people,8 cosmetics,75404 jonas linding berg,0,0,0,,,,,,FALSE,2.0000,0.0000,0.0000,,,,
The poster club,1 home,21819 mariette buksti gram,0,0,0,,0.6556,0.6623,5,67.8084,FALSE,22.0000,1.0000,0.0000,6.0000,67.8084,0.0000,
The retreat,8 cosmetics,21819 mariette buksti gram,0,0,0,,0.1840,0.1522,11,84.5909,TRUE,11.0000,1.0000,0.0000,11.0000,84.5909,0.0000,
The row vintage,7 w access,,0,0,0,,,,,,FALSE,4.0000,0.0000,0.0000,,,,
The-7-virtues,8 cosmetics,,0,0,0,,,,,100.0000,FALSE,3.0000,0.0000,0.0000,1.0000,100.0000,0.0000,
Tica copenhagen,1 home,21819 mariette buksti gram,0,0,0,,0.6935,0.4332,29,64.1357,FALSE,29.0000,0.0000,0.0000,29.0000,64.1357,0.0000,
Ticket to ride,2 kids,20415 lotte skovaa,0,0,0,,0.9670,0.9670,1,50.8386,FALSE,1.0000,0.0000,0.0000,1.0000,50.8386,0.0000,
Ticket woman,5 women,25070 adam massigeh,0,0,0,,,,,,FALSE,2.0000,0.0000,0.0000,,,,
Tiger of sweden,3 mens,20415 lotte skovaa,0,0,0,,0.3636,0.3334,120,90.4555,TRUE,346.0000,0.0954,0.0954,192.0000,86.8710,21.0000,123.2282
Tinka,2 kids,20415 lotte skovaa,0,0,0,,0.4927,0.3995,19,74.4548,FALSE,25.0000,0.0000,0.0000,20.0000,74.4548,0.0000,
Tiny tresures,2 kids,20415 lotte skovaa,0,0,0,,0.2651,0.1927,6,80.7565,FALSE,7.0000,0.0000,0.0000,6.0000,80.7565,0.0000,
Tokyo design studio,1 home,21819 mariette buksti gram,0,0,0,,0.1548,0.0976,9,112.9847,TRUE,53.0000,1.0000,0.0000,35.0000,112.9847,0.0000,
Tom ford,8 cosmetics,21819 mariette buksti gram,0,0,0,,0.1787,0.1538,153,96.5546,TRUE,460.0000,0.3717,0.0000,217.0000,96.5546,0.0000,
Tom morris,7 w access,20415 lotte skovaa,0,0,0,,1.0033,1.0033,2,79.9666,FALSE,7.0000,0.0000,0.0000,5.0000,79.9666,0.0000,
Tommy hilfiger,3 mens,20415 lotte skovaa,0,0,0,,0.3953,0.2511,350,95.2358,TRUE,673.0000,0.9316,0.2140,441.0000,89.3046,108.0000,119.4553
Tomorrow,5 women,25070 adam massigeh,0,0,0,,,,,,FALSE,1.0000,0.0000,0.0000,,,,
Tomy,2 kids,20415 lotte skovaa,0,0,0,,0.8933,0.8933,1,52.8176,FALSE,1.0000,0.0000,0.0000,1.0000,52.8176,0.0000,
Tony perotti,3 mens,20415 lotte skovaa,0,0,0,,0.0930,0.0722,46,114.5012,TRUE,130.0000,0.9769,0.0077,106.0000,114.5012,0.0000,
Top model,2 kids,20415 lotte skovaa,0,0,0,,0.4727,0.4285,17,76.6167,FALSE,22.0000,0.0455,0.0455,19.0000,75.4211,1.0000,99.3322
Topshop,5 women,25070 adam massigeh,0,0,0,,0.2081,0.1560,37,184.6986,TRUE,287.0000,1.0000,0.4948,92.0000,112.8190,102.0000,249.5311
Toy story,2 kids,,0,0,0,,0.7299,0.7186,3,59.0649,FALSE,3.0000,0.0000,0.0000,3.0000,59.0649,0.0000,
Transformers,2 kids,,0,0,0,,0.4818,0.5283,4,67.7620,FALSE,4.0000,0.0000,0.0000,4.0000,67.7620,0.0000,
Treksta,3 mens,,0,0,0,,1.4999,1.4999,1,40.0013,FALSE,1.0000,0.0000,0.0000,1.0000,40.0013,0.0000,
Triominos,2 kids,20415 lotte skovaa,0,0,0,,0.2696,0.2529,3,78.8724,FALSE,3.0000,0.0000,0.0000,3.0000,78.8724,0.0000,
True religion,5 women,25070 adam massigeh,0,0,0,,0.6510,0.5394,11,90.0998,FALSE,24.0000,0.0417,0.0417,20.0000,82.8182,1.0000,235.7325
Turiform,1 home,21819 mariette buksti gram,0,0,0,,0.5872,0.5393,21,72.3763,FALSE,24.0000,0.4167,0.0000,24.0000,72.3763,0.0000,
Twojeys,3 mens,,0,0,0,,0.0296,0.0329,3,152.2881,TRUE,39.0000,1.0000,0.1282,13.0000,145.2622,3.0000,182.7335
U.s. polo assn.,3 mens,20415 lotte skovaa,0,0,0,,0.1940,0.1690,17,103.1727,TRUE,42.0000,1.0000,0.2143,29.0000,103.5536,8.0000,101.7918
Udendørs leg,2 kids,,0,0,0,,,,,100.0000,FALSE,1.0000,0.0000,0.0000,1.0000,100.0000,0.0000,
Uhlsport,3 mens,,0,0,0,,0.6416,0.6292,8,69.5241,FALSE,9.0000,0.0000,0.0000,9.0000,69.5241,0.0000,
Ultra violette,8 cosmetics,21819 mariette buksti gram,0,0,0,,0.0936,0.1393,5,98.2885,FALSE,9.0000,0.0000,0.0000,8.0000,98.2885,0.0000,
Umage,1 home,21819 mariette buksti gram,0,0,0,,0.1412,0.0722,168,91.1385,TRUE,194.0000,1.0000,0.0000,193.0000,91.1385,0.0000,
Underprotection,6 lingerie,,0,0,0,,1.5000,1.5000,2,40.0000,FALSE,4.0000,0.0000,0.0000,2.0000,40.0000,0.0000,
Understatement,6 lingerie,20415 lotte skovaa,0,0,0,,0.2203,0.1111,15,92.2621,FALSE,63.0000,0.0794,0.0794,23.0000,88.9939,2.0000,129.8467
Unicones,2 kids,20415 lotte skovaa,0,0,0,,1.0869,0.8433,11,51.9566,FALSE,11.0000,0.0000,0.0000,11.0000,51.9566,0.0000,
Unicorn academy,2 kids,20415 lotte skovaa,0,0,0,,1.3788,1.3273,6,46.3330,FALSE,6.0000,0.0000,0.0000,6.0000,46.3330,0.0000,
United colors of benetton,5 women,25070 adam massigeh,0,0,0,,0.8323,1.0037,7,63.9695,TRUE,27.0000,1.0000,0.0741,8.0000,63.9695,0.0000,
Unlimit,7 w access,25070 adam massigeh,0,0,0,,,,,100.0000,FALSE,2.0000,0.0000,0.0000,2.0000,100.0000,0.0000,
Unmade,7 w access,25070 adam massigeh,0,0,0,,,,,,FALSE,5.0000,0.0000,0.0000,,,,
Upfront,3 mens,20415 lotte skovaa,0,0,0,,0.5065,0.5426,8,112.6356,FALSE,47.0000,0.2128,0.1915,20.0000,89.8376,9.0000,163.2978
Urban nature culture,1 home,21819 mariette buksti gram,0,0,0,,0.1198,0.0681,16,99.3706,TRUE,38.0000,1.0000,0.0000,30.0000,99.3706,0.0000,
V tech,2 kids,20415 lotte skovaa,0,0,0,,0.5899,0.6112,27,66.6135,FALSE,28.0000,0.0000,0.0000,27.0000,66.6135,0.0000,
Valentino bags,7 w access,25070 adam massigeh,0,0,0,,0.3811,0.3423,25,85.4636,TRUE,54.0000,1.0000,0.0185,33.0000,85.7264,1.0000,76.7911
Valentino vintage,7 w access,,0,0,0,,,,,,FALSE,142.0000,0.0000,0.0000,,,,
Valrhona,11 food,61164 jacob bøgeholdt nielsen,0,0,0,,0.1005,0.1081,13,90.8990,FALSE,15.0000,0.0000,0.0000,13.0000,90.8990,0.0000,
Van cleef & arpels,8 cosmetics,21819 mariette buksti gram,0,0,0,,0.4052,0.4069,18,76.1561,TRUE,21.0000,1.0000,0.0000,21.0000,76.1561,0.0000,
Veja,3 mens,,0,0,0,,0.3517,0.3019,14,81.4814,FALSE,16.0000,0.5000,0.5000,8.0000,71.5923,8.0000,91.3705
Verpan,1 home,21819 mariette buksti gram,0,0,0,,0.1257,0.1128,42,89.9348,TRUE,45.0000,0.9778,0.0444,43.0000,89.4663,2.0000,100.0084
Versace vintage,7 w access,,0,0,0,,,,,,FALSE,42.0000,0.0000,0.0000,,,,
Verso,8 cosmetics,21819 mariette buksti gram,0,0,0,,0.3286,0.1499,16,93.8232,TRUE,26.0000,1.0000,0.0000,26.0000,93.8232,0.0000,
Vibe vibe,5 women,25070 adam massigeh,0,0,0,,,,,,FALSE,1.0000,0.0000,0.0000,,,,
Victoria beckham beauty,8 cosmetics,,0,0,0,,0.2762,0.2754,38,79.2595,FALSE,182.0000,0.0000,0.0000,39.0000,79.2595,0.0000,
Victorinox,3 mens,20415 lotte skovaa,0,0,0,,0.3478,0.1787,3,115.0674,TRUE,36.0000,0.9722,0.0833,29.0000,112.1138,3.0000,143.6180
Vida the vet,2 kids,20415 lotte skovaa,0,0,0,,0.9291,0.9619,4,53.3721,FALSE,4.0000,0.0000,0.0000,4.0000,53.3721,0.0000,
Viking,2 kids,25070 adam massigeh,0,0,0,,0.3249,0.1935,55,99.4302,TRUE,112.0000,0.9911,0.1607,86.0000,99.6051,18.0000,98.5945
Vilac,2 kids,20415 lotte skovaa,0,0,0,,0.4949,0.5053,68,69.6061,FALSE,70.0000,0.0000,0.0000,69.0000,69.6061,0.0000,
Vildkatten,2 kids,20415 lotte skovaa,0,0,0,,0.6325,0.5652,4,61.9438,FALSE,4.0000,0.0000,0.0000,4.0000,61.9438,0.0000,
Villa collection,1 home,21819 mariette buksti gram,0,0,0,,0.5381,0.5381,2,121.6392,FALSE,7.0000,1.0000,1.0000,0.0000,,5.0000,121.6392
Vini,2 kids,20415 lotte skovaa,0,0,0,,0.0706,0.0706,1,93.4045,FALSE,1.0000,0.0000,0.0000,1.0000,93.4045,0.0000,
Vini game,2 kids,20415 lotte skovaa,0,0,0,,0.3978,0.3002,27,77.3960,FALSE,31.0000,0.0000,0.0000,31.0000,77.3960,0.0000,
Vini sport,2 kids,20415 lotte skovaa,0,0,0,,0.5502,0.4144,12,69.1228,FALSE,12.0000,0.0000,0.0000,12.0000,69.1228,0.0000,
Vita liberata,8 cosmetics,21819 mariette buksti gram,0,0,0,,0.2631,0.1744,20,88.7941,TRUE,26.0000,0.8077,0.0000,26.0000,88.7941,0.0000,
Vogue,7 w access,,0,0,0,,0.9365,0.9365,1,51.6408,FALSE,1.0000,0.0000,0.0000,1.0000,51.6408,0.0000,
Volta mobiles,1 home,21819 mariette buksti gram,0,0,0,,,,,127.5780,TRUE,9.0000,1.0000,0.0000,6.0000,127.5780,0.0000,
Vondels,1 home,21819 mariette buksti gram,0,0,0,,0.9082,0.9082,2,63.6079,FALSE,5.0000,0.0000,0.0000,2.0000,63.6079,0.0000,
Votary,8 cosmetics,21819 mariette buksti gram,0,0,0,,,,,121.1283,TRUE,19.0000,1.0000,0.0000,19.0000,121.1283,0.0000,
Vt cosmetics,8 cosmetics,,0,0,0,,0.9202,1.1154,4,55.4002,FALSE,4.0000,0.0000,0.0000,4.0000,55.4002,0.0000,
Wacaco,1 home,,0,0,0,,0.2602,0.2189,5,80.6079,FALSE,5.0000,1.0000,0.0000,5.0000,80.6079,0.0000,
Wacoal,6 lingerie,20415 lotte skovaa,0,0,0,,0.4192,0.3341,17,91.7040,FALSE,95.0000,0.1895,0.1895,32.0000,87.5336,2.0000,158.4307
Wally and whiz,11 food,61164 jacob bøgeholdt nielsen,0,0,0,,0.3907,0.2532,16,79.1745,FALSE,21.0000,0.0000,0.0000,18.0000,79.1745,0.0000,
Warmpeace,3 mens,20415 lotte skovaa,0,0,0,,0.8123,0.8123,2,55.2201,FALSE,2.0000,0.0000,0.0000,2.0000,55.2201,0.0000,
Wasabiconcept,5 women,25070 adam massigeh,0,0,0,,0.7862,0.5833,62,104.8704,FALSE,175.0000,0.5429,0.5371,62.0000,94.8449,75.0000,113.1581
Wasgij puslespil,2 kids,,0,0,0,,0.3781,0.3802,10,73.1410,FALSE,10.0000,0.0000,0.0000,10.0000,73.1410,0.0000,
Wax london,3 mens,,0,0,0,,0.1858,0.0036,5,107.3656,FALSE,24.0000,0.7500,0.2083,9.0000,106.5849,2.0000,110.8787
Wecycle furniture,1 home,21819 mariette buksti gram,0,0,0,,,,,199.6922,FALSE,1.0000,1.0000,1.0000,0.0000,,1.0000,199.6922
Wedgwood,1 home,,0,0,0,,0.0714,0.0386,22,96.7120,FALSE,53.0000,0.0000,0.0000,30.0000,96.7120,0.0000,
Weekend max mara,5 women,,0,0,0,,0.1769,0.2254,5,116.2054,TRUE,117.0000,1.0000,0.2222,26.0000,112.1334,9.0000,127.9687
Westman atelier,8 cosmetics,,0,0,0,,0.2636,0.2664,22,89.2332,FALSE,89.0000,0.0000,0.0000,40.0000,89.2332,0.0000,
Wiki,6 lingerie,20415 lotte skovaa,0,0,0,,,,,244.3044,FALSE,19.0000,1.0000,1.0000,0.0000,,19.0000,244.3044
Wildo,3 mens,,0,0,0,,,,,,FALSE,1.0000,0.0000,0.0000,,,,
Wilson,3 mens,20415 lotte skovaa,0,0,0,,0.8295,0.8408,5,54.9310,FALSE,6.0000,0.0000,0.0000,5.0000,54.9310,0.0000,
Winky lux,8 cosmetics,,0,0,0,,,,,,FALSE,1.0000,0.0000,0.0000,,,,
Wishful,8 cosmetics,,0,0,0,,0.1041,0.1041,1,90.5736,FALSE,1.0000,0.0000,0.0000,1.0000,90.5736,0.0000,
With love darling,7 w access,20415 lotte skovaa,0,0,0,,0.2161,0.0885,18,118.8585,TRUE,126.0000,0.1825,0.1825,90.0000,104.6006,22.0000,177.1859
Witt,1 home,21819 mariette buksti gram,0,0,0,,0.2405,0.1306,34,89.8839,TRUE,41.0000,1.0000,0.0488,39.0000,89.7626,2.0000,92.2506
Wolford,6 lingerie,25070 adam massigeh,0,0,0,,0.2205,0.0525,72,94.6435,FALSE,199.0000,0.0101,0.0101,155.0000,94.3772,2.0000,115.2778
Womanizer,8 cosmetics,,0,0,0,,0.2041,0.1522,7,84.6639,FALSE,7.0000,0.0000,0.0000,7.0000,84.6639,0.0000,
Won hundred,3 mens,,0,0,0,,0.0617,0.0033,11,119.7475,TRUE,58.0000,1.0000,0.4828,11.0000,105.7915,14.0000,130.7129
Wonders,7 w access,,0,0,0,,0.0854,0.0775,11,112.3501,TRUE,32.0000,1.0000,0.0938,15.0000,99.7651,2.0000,206.7377
Woodbird,3 mens,20415 lotte skovaa,0,0,0,,0.6488,0.3333,98,82.4760,TRUE,198.0000,0.0606,0.0606,161.0000,80.4400,9.0000,118.8976
Woods copenhagen,8 cosmetics,21819 mariette buksti gram,0,0,0,,0.4798,0.3853,35,83.5296,TRUE,53.0000,0.0943,0.0000,53.0000,83.5296,0.0000,
Wowbrow,8 cosmetics,21819 mariette buksti gram,0,0,0,,0.1231,0.1231,1,89.0411,FALSE,1.0000,0.0000,0.0000,1.0000,89.0411,0.0000,
X-shot,2 kids,20415 lotte skovaa,0,0,0,,0.5941,0.6180,7,64.0120,FALSE,8.0000,0.0000,0.0000,7.0000,64.0120,0.0000,
Xd design,1 home,21819 mariette buksti gram,0,0,0,,0.1792,0.1792,2,84.8861,FALSE,2.0000,1.0000,0.5000,1.0000,87.5000,1.0000,82.2723
Xerjoff,8 cosmetics,,0,0,0,,0.4642,0.4337,39,71.4193,FALSE,39.0000,0.0000,0.0000,39.0000,71.4193,0.0000,
Xii,7 w access,,0,0,0,,4.0336,4.0336,1,19.8664,FALSE,1.0000,0.0000,0.0000,1.0000,19.8664,0.0000,
Xtrem bots,2 kids,,0,0,0,,,,,,FALSE,1.0000,0.0000,0.0000,,,,
Yepoda,8 cosmetics,21819 mariette buksti gram,0,0,0,,0.5294,0.5294,2,97.6435,FALSE,33.0000,0.0000,0.0000,7.0000,97.6435,0.0000,
Ylvi,2 kids,,0,0,0,,0.3217,0.4284,3,89.0305,FALSE,6.0000,0.0000,0.0000,6.0000,89.0305,0.0000,
Yonex,3 mens,20415 lotte skovaa,0,0,0,,0.4539,0.2816,13,75.9231,FALSE,15.0000,0.0000,0.0000,14.0000,75.9231,0.0000,
Youcare,8 cosmetics,75404 jonas linding berg,0,0,0,,,,,100.0000,FALSE,2.0000,0.0000,0.0000,2.0000,100.0000,0.0000,
Youth to the people,8 cosmetics,21819 mariette buksti gram,0,0,0,,,,,178.9614,FALSE,11.0000,0.0000,0.0000,9.0000,178.9614,0.0000,
Yrolí copenhagen,8 cosmetics,21819 mariette buksti gram,0,0,0,,0.3275,0.2701,10,112.1191,TRUE,30.0000,1.0000,0.0000,26.0000,112.1191,0.0000,
Yves saint laurent,8 cosmetics,21819 mariette buksti gram,0,0,0,,0.3981,0.4142,356,77.0284,TRUE,470.0000,0.2723,0.0021,408.0000,77.0284,0.0000,
Yves saint laurent vintage,7 w access,,0,0,0,,0.7933,0.2522,3,78.2783,FALSE,588.0000,0.0000,0.0000,4.0000,78.2783,0.0000,
Zadig & voltaire,8 cosmetics,21819 mariette buksti gram,0,0,0,,0.4707,0.5631,21,73.1829,TRUE,22.0000,1.0000,0.0000,22.0000,73.1829,0.0000,
Zarko,8 cosmetics,21819 mariette buksti gram,0,0,0,,0.2625,0.2791,20,89.1009,TRUE,26.0000,1.0000,0.0000,25.0000,89.1009,0.0000,
Zarko beauty by oli,8 cosmetics,21819 mariette buksti gram,0,0,0,,0.2212,0.0992,19,89.2584,FALSE,24.0000,0.0000,0.0000,24.0000,89.2584,0.0000,
Zassenhaus,1 home,,0,0,0,,0.3710,0.3784,12,82.8404,TRUE,24.0000,1.0000,0.0000,15.0000,82.8404,0.0000,
Zenz,8 cosmetics,21819 mariette buksti gram,0,0,0,,0.6423,0.7078,66,62.3465,TRUE,66.0000,0.0909,0.0000,66.0000,62.3465,0.0000,
Zeroid,8 cosmetics,,0,0,0,,0.3975,0.3975,1,89.3555,FALSE,2.0000,1.0000,0.0000,2.0000,89.3555,0.0000,
Zipstring,2 kids,20415 lotte skovaa,0,0,0,,0.2828,0.2828,2,78.0056,FALSE,2.0000,0.0000,0.0000,2.0000,78.0056,0.0000,
Zoeva,8 cosmetics,21819 mariette buksti gram,0,0,0,,,,,155.4250,FALSE,29.0000,0.0000,0.0000,3.0000,155.4250,0.0000,
Zone,1 home,21819 mariette buksti gram,0,0,0,,0.2456,0.1542,332,85.9347,TRUE,371.0000,0.9326,0.0728,344.0000,85.2274,27.0000,94.9461
Zuru,2 kids,20415 lotte skovaa,0,0,0,,0.4096,0.2882,4,73.4266,FALSE,4.0000,0.0000,0.0000,4.0000,73.4266,0.0000,
Æther,8 cosmetics,21819 mariette buksti gram,0,0,0,,0.0714,0.0714,2,111.2162,TRUE,7.0000,1.0000,0.0000,7.0000,111.2162,0.0000,
Ölend,7 w access,25070 adam massigeh,0,0,0,,0.0696,0.0696,2,121.1729,TRUE,20.0000,1.0000,0.0000,18.0000,121.1729,0.0000,
Østerlandsk 1889,11 food,61164 jacob bøgeholdt nielsen,0,0,0,,0.0889,0.1031,6,97.1166,FALSE,10.0000,0.0000,0.0000,10.0000,97.1166,0.0000,
Østerlandsk 1889 cph,11 food,61164 jacob bøgeholdt nielsen,0,0,0,,0.1386,0.1386,1,87.8266,FALSE,1.0000,0.0000,0.0000,1.0000,87.8266,0.0000,
Østerlandsk tehus,11 food,61164 jacob bøgeholdt nielsen,0,0,0,,0.2506,0.1031,29,90.1046,FALSE,39.0000,0.0000,0.0000,39.0000,90.1046,0.0000,
Überlube,8 cosmetics,75404 jonas linding berg,0,0,0,,0.0386,0.0386,1,141.5975,FALSE,10.0000,0.0000,0.0000,10.0000,141.5975,0.0000,
