Brand,Category,Head Buyer,In-stock bestsellers,Suggestions,Out of stock (ignored),Bestseller coverage,Average price above market,Median price above market,Products above market,Market Index,On campaign
Nike,3 mens,20415 lotte skovaa,57,28,1,0.6706,0.5718,0.4314,1473.0000,74.5155,FALSE
adidas,3 mens,20415 lotte skovaa,55,73,0,0.4297,0.5704,0.4999,1749.0000,73.1905,FALSE
Kérastase,8 cosmetics,21819 mariette buksti gram,25,2,0,0.9259,0.5213,0.4729,129.0000,66.8072,FALSE
ASICS,3 mens,20415 lotte skovaa,25,14,0,0.6410,0.4692,0.3844,212.0000,76.6846,FALSE
New Balance,3 mens,25070 adam massigeh,25,19,0,0.5682,0.5506,0.4286,193.0000,72.5458,FALSE
Neo Noir,5 women,20415 lotte skovaa,18,1,0,0.9474,0.5140,0.3333,505.0000,111.1919,FALSE
PIECES,5 women,25070 adam massigeh,18,20,0,0.4737,0.4052,0.3072,284.0000,116.7125,FALSE
Georg Jensen,1 home,21819 mariette buksti gram,18,25,0,0.4186,0.4129,0.3335,216.0000,81.5220,FALSE
Royal Copenhagen,1 home,21819 mariette buksti gram,17,1,0,0.9444,0.4968,0.3323,525.0000,83.3080,FALSE
Hummel,3 mens,20415 lotte skovaa,13,26,0,0.3333,0.6919,0.6667,302.0000,77.5046,FALSE
Konges Sløjd,2 kids,20415 lotte skovaa,11,2,0,0.8462,0.1820,0.1605,252.0000,94.4075,FALSE
Armani,8 cosmetics,21819 mariette buksti gram,10,0,0,1.0000,0.4904,0.3600,366.0000,72.5937,FALSE
Wheat,2 kids,20415 lotte skovaa,10,5,0,0.6667,0.5680,0.4305,146.0000,82.2473,FALSE
Birkenstock,7 w access,25070 adam massigeh,10,6,0,0.6250,0.5614,0.4686,93.0000,73.6134,FALSE
UGG,7 w access,25070 adam massigeh,10,6,1,0.6250,0.5165,0.4404,103.0000,73.6983,FALSE
bisgaard,2 kids,25070 adam massigeh,10,10,0,0.5000,0.5642,0.3863,65.0000,81.5154,FALSE
Clinique,8 cosmetics,21819 mariette buksti gram,9,1,0,0.9000,0.6931,0.6667,589.0000,62.8394,FALSE
The Ordinary,8 cosmetics,21819 mariette buksti gram,9,2,7,0.8182,0.2470,0.1667,67.0000,87.4019,FALSE
L'Oréal Paris,8 cosmetics,21819 mariette buksti gram,9,8,0,0.5294,0.7149,0.6371,169.0000,60.0687,FALSE
NAME IT,2 kids,20415 lotte skovaa,9,27,0,0.2500,0.4541,0.3419,276.0000,83.1195,FALSE
Kay Bojesen,1 home,21819 mariette buksti gram,8,0,0,1.0000,0.6947,0.6001,97.0000,66.4648,FALSE
Rosti Mepal,,,8,0,0,1.0000,,,,,FALSE
Saint Laurent,,,8,0,0,1.0000,,,,,FALSE
Hoka One One,,,8,1,0,0.8889,,,,,FALSE
Dyson,8 cosmetics,21819 mariette buksti gram,8,3,0,0.7273,0.1323,0.1407,31.0000,93.8716,FALSE
Levi’s,3 mens,20415 lotte skovaa,8,4,0,0.6667,0.7967,0.6814,132.0000,75.3636,FALSE
ONLY,5 women,20415 lotte skovaa,8,18,0,0.3077,0.4458,0.3334,245.0000,106.5609,FALSE
Moroccanoil,8 cosmetics,21819 mariette buksti gram,7,0,0,1.0000,0.4189,0.3870,118.0000,77.9609,FALSE
M·A·C,8 cosmetics,21819 mariette buksti gram,7,0,0,1.0000,0.4224,0.3356,1362.0000,74.6957,FALSE
Redken,8 cosmetics,21819 mariette buksti gram,7,1,0,0.8750,0.6948,0.6723,85.0000,60.2058,FALSE
Sage Appliances,,,7,1,0,0.8750,,,,,FALSE
Beurer,1 home,21819 mariette buksti gram,7,2,0,0.7778,0.7804,0.7461,288.0000,67.4540,FALSE
Ninja,1 home,21819 mariette buksti gram,7,11,0,0.3889,0.5103,0.3585,17.0000,71.2280,FALSE
Biotherm,8 cosmetics,21819 mariette buksti gram,6,0,0,1.0000,0.5379,0.5064,134.0000,69.1493,FALSE
CHANEL,8 cosmetics,21819 mariette buksti gram,6,0,0,1.0000,0.1668,0.1297,622.0000,92.6582,FALSE
HAY,1 home,21819 mariette buksti gram,6,0,0,1.0000,0.4148,0.3356,1088.0000,77.0722,FALSE
MP Denmark,,,6,0,0,1.0000,,,,,FALSE
NYX Professional Makeup,8 cosmetics,21819 mariette buksti gram,6,0,0,1.0000,0.6602,0.5783,265.0000,65.4642,FALSE
Tradition,1 home,21819 mariette buksti gram,6,0,0,1.0000,0.4928,0.4703,178.0000,70.0910,FALSE
Valentino,8 cosmetics,21819 mariette buksti gram,6,0,0,1.0000,0.6646,0.6155,47.0000,68.6099,FALSE
Beauty of Joseon,8 cosmetics,21819 mariette buksti gram,6,1,0,0.8571,1.2222,1.1488,22.0000,46.3366,FALSE
Dior,8 cosmetics,21819 mariette buksti gram,6,1,0,0.8571,0.2339,0.2159,927.0000,85.4077,FALSE
PUMA,3 mens,20415 lotte skovaa,6,1,0,0.8571,0.6507,0.5381,533.0000,77.7726,FALSE
Saucony,3 mens,20415 lotte skovaa,6,2,0,0.7500,0.7790,0.7018,57.0000,65.0751,FALSE
BIBS,2 kids,20415 lotte skovaa,6,3,0,0.6667,0.5378,0.5144,58.0000,66.2126,FALSE
Mos Mosh,5 women,25070 adam massigeh,6,3,0,0.6667,0.7654,0.5488,126.0000,75.2111,FALSE
Eva Solo,1 home,21819 mariette buksti gram,6,4,0,0.6000,0.6023,0.5001,421.0000,67.0571,FALSE
Joha,2 kids,20415 lotte skovaa,6,9,0,0.4000,0.6823,0.4219,127.0000,68.0696,FALSE
Mikk-Line,2 kids,20415 lotte skovaa,6,23,0,0.2069,0.5070,0.3552,79.0000,78.4378,FALSE
Beauté Pacifique,8 cosmetics,21819 mariette buksti gram,5,0,0,1.0000,0.4375,0.4468,94.0000,70.0599,FALSE
K18,8 cosmetics,21819 mariette buksti gram,5,0,0,1.0000,0.5047,0.4529,13.0000,76.6788,FALSE
LEGO,2 kids,20415 lotte skovaa,5,0,0,1.0000,0.6001,0.5932,270.0000,62.9753,FALSE
Lancôme,8 cosmetics,21819 mariette buksti gram,5,0,0,1.0000,0.6349,0.6234,557.0000,64.6260,FALSE
Ecooking,8 cosmetics,21819 mariette buksti gram,5,1,0,0.8333,0.2564,0.2122,177.0000,81.4450,FALSE
HUGO BOSS,,,5,1,0,0.8333,,,,,FALSE
Kähler,1 home,21819 mariette buksti gram,5,1,0,0.8333,0.6543,0.5743,140.0000,72.4242,FALSE
Woden,7 w access,25070 adam massigeh,5,2,0,0.7143,0.3819,0.3999,77.0000,84.5794,FALSE
Barbour,3 mens,20415 lotte skovaa,5,3,1,0.6250,0.3521,0.1408,120.0000,86.0019,FALSE
KEEN,3 mens,25070 adam massigeh,5,3,0,0.6250,0.4957,0.3333,15.0000,78.5867,FALSE
Maybelline,8 cosmetics,21819 mariette buksti gram,5,3,2,0.6250,0.6823,0.5902,177.0000,62.0942,FALSE
Medicube,8 cosmetics,21819 mariette buksti gram,5,4,0,0.5556,0.7685,0.6230,46.0000,60.2730,FALSE
Stanley,1 home,21819 mariette buksti gram,5,4,0,0.5556,0.2963,0.3043,85.0000,79.4930,FALSE
Olaplex,8 cosmetics,21819 mariette buksti gram,5,5,1,0.5000,1.1438,1.0556,20.0000,49.1845,FALSE
Salomon,3 mens,20415 lotte skovaa,5,23,0,0.1786,0.5452,0.4625,118.0000,71.4292,FALSE
Hunter,7 w access,25070 adam massigeh,4,0,1,1.0000,0.4769,0.3113,27.0000,78.3556,FALSE
Jean Paul Gaultier,8 cosmetics,21819 mariette buksti gram,4,0,0,1.0000,0.8883,0.8222,71.0000,54.2245,FALSE
Nilens Jord,8 cosmetics,21819 mariette buksti gram,4,0,0,1.0000,0.2293,0.2500,296.0000,87.5349,FALSE
CND,8 cosmetics,21819 mariette buksti gram,4,1,0,0.8000,0.3350,0.2626,139.0000,79.3532,FALSE
Calvin Klein,6 lingerie,20415 lotte skovaa,4,1,0,0.8000,0.8878,0.5400,264.0000,83.2874,FALSE
MANGO,5 women,25070 adam massigeh,4,1,0,0.8000,0.3616,0.3212,176.0000,122.5805,FALSE
Object,5 women,25070 adam massigeh,4,1,0,0.8000,0.4444,0.3333,182.0000,127.7282,FALSE
Pavement,7 w access,25070 adam massigeh,4,1,0,0.8000,0.5806,0.4293,52.0000,76.5597,FALSE
Prada,8 cosmetics,21819 mariette buksti gram,4,1,0,0.8000,0.7723,0.6927,76.0000,62.5248,FALSE
Stelton,1 home,21819 mariette buksti gram,4,1,0,0.8000,0.6005,0.5622,173.0000,70.1556,FALSE
Maria Nila,8 cosmetics,21819 mariette buksti gram,4,2,0,0.6667,0.6334,0.5116,127.0000,65.3950,FALSE
BaByliss,8 cosmetics,,4,3,0,0.5714,0.5757,0.5833,27.0000,66.8806,FALSE
Jjxx,5 women,25070 adam massigeh,4,3,0,0.5714,0.3714,0.1863,92.0000,120.2396,FALSE
H2O - Sportswear,,,4,4,0,0.5000,,,,,FALSE
Södahl,1 home,21819 mariette buksti gram,4,4,1,0.5000,0.5062,0.4023,204.0000,77.6285,FALSE
De'Longhi,1 home,21819 mariette buksti gram,4,5,1,0.4444,0.5038,0.4568,27.0000,70.4873,FALSE
Vero Moda,5 women,25070 adam massigeh,4,18,0,0.1818,0.8333,0.8333,2.0000,124.3001,FALSE
Estée Lauder,8 cosmetics,21819 mariette buksti gram,3,0,0,1.0000,0.7342,0.7052,421.0000,63.7869,FALSE
GOSH COPENHAGEN,,,3,0,0,1.0000,,,,,FALSE
Gastrotools,1 home,21819 mariette buksti gram,3,0,0,1.0000,1.0169,1.0169,1.0000,98.7281,FALSE
JBS,3 mens,20415 lotte skovaa,3,0,0,1.0000,0.5423,0.4286,177.0000,74.3746,FALSE
Smeg,1 home,21819 mariette buksti gram,3,0,0,1.0000,0.5032,0.5097,123.0000,68.1517,FALSE
Triumph,6 lingerie,20415 lotte skovaa,3,0,0,1.0000,0.7206,0.5465,121.0000,103.0522,FALSE
Westwing,,,3,0,0,1.0000,,,,,FALSE
phenumb,,,3,0,0,1.0000,,,,,FALSE
AYA,,,3,1,0,0.7500,,,,,FALSE
Billi Bi,7 w access,25070 adam massigeh,3,1,0,0.7500,0.3649,0.3367,27.0000,108.3799,FALSE
Blundstone,7 w access,25070 adam massigeh,3,1,0,0.7500,0.4670,0.4012,19.0000,70.2692,FALSE
COSRX,8 cosmetics,21819 mariette buksti gram,3,1,0,0.7500,1.0698,1.0190,64.0000,50.8152,FALSE
Liewood,2 kids,20415 lotte skovaa,3,1,0,0.7500,0.5250,0.4286,252.0000,71.1700,FALSE
Moonboon,2 kids,20415 lotte skovaa,3,1,0,0.7500,0.1070,0.0033,69.0000,92.0717,FALSE
Sanzi Beauty,8 cosmetics,21819 mariette buksti gram,3,1,0,0.7500,0.3899,0.3333,112.0000,79.8869,FALSE
Huttelihut,2 kids,20415 lotte skovaa,3,2,0,0.6000,0.3330,0.1135,45.0000,87.5586,FALSE
Liiteguard,3 mens,20415 lotte skovaa,3,2,0,0.6000,0.1035,0.0032,135.0000,94.3714,FALSE
Meraki,1 home,21819 mariette buksti gram,3,2,0,0.6000,0.6602,0.5982,100.0000,61.9073,FALSE
Vans,3 mens,20415 lotte skovaa,3,2,0,0.6000,1.0854,0.8405,32.0000,57.7439,FALSE
Viking Footwear,,,3,2,0,0.6000,,,,,FALSE
CeLaVi,2 kids,20415 lotte skovaa,3,3,0,0.5000,0.4411,0.4322,17.0000,83.5238,FALSE
EN FANT,2 kids,20415 lotte skovaa,3,3,0,0.5000,0.4305,0.4286,46.0000,81.7151,FALSE
Timberland,3 mens,25070 adam massigeh,3,3,0,0.5000,30.9870,0.6414,33.0000,75.8782,FALSE
T-fal,,,3,4,0,0.4286,,,,,FALSE
Crocs,7 w access,25070 adam massigeh,3,5,0,0.3750,0.5777,0.4354,79.0000,73.2917,FALSE
Bundgaard,2 kids,25070 adam massigeh,3,8,1,0.2727,0.3359,0.2500,19.0000,87.8247,FALSE
Angulus,7 w access,25070 adam massigeh,2,0,0,1.0000,0.4155,0.3344,58.0000,87.5202,FALSE
Bianco,7 w access,25070 adam massigeh,2,0,0,1.0000,0.3001,0.2539,87.0000,84.8913,FALSE
Brooks,,,2,0,0,1.0000,,,,,FALSE
Bugaboo,2 kids,20415 lotte skovaa,2,0,0,1.0000,0.3169,0.2500,81.0000,84.0432,FALSE
Carolina Herrera,8 cosmetics,21819 mariette buksti gram,2,0,0,1.0000,0.7736,0.7399,41.0000,58.6705,FALSE
Caudalie,8 cosmetics,21819 mariette buksti gram,2,0,0,1.0000,0.3248,0.2514,68.0000,76.6169,FALSE
Depend,8 cosmetics,21819 mariette buksti gram,2,0,0,1.0000,0.5319,0.5159,215.0000,68.2962,FALSE
Embryolisse,8 cosmetics,21819 mariette buksti gram,2,0,0,1.0000,0.8953,0.8750,49.0000,58.5334,FALSE
Erborian,8 cosmetics,21819 mariette buksti gram,2,0,0,1.0000,0.5407,0.4420,83.0000,68.7231,FALSE
GoBabyGo,2 kids,20415 lotte skovaa,2,0,0,1.0000,0.7598,0.4286,87.0000,73.0238,FALSE
HUDA BEAUTY,8 cosmetics,21819 mariette buksti gram,2,0,0,1.0000,0.3929,0.1442,152.0000,101.7185,FALSE
HYPE.,,,2,0,0,1.0000,,,,,FALSE
Innersense Organic Beauty,,,2,0,0,1.0000,,,,,FALSE
KEVIN.MURPHY,8 cosmetics,21819 mariette buksti gram,2,0,0,1.0000,0.4750,0.3333,87.0000,74.3333,FALSE
Kiehl's,8 cosmetics,21819 mariette buksti gram,2,0,0,1.0000,0.3880,0.3406,133.0000,74.4706,FALSE
LAVINDE COPENHAGEN,8 cosmetics,21819 mariette buksti gram,2,0,0,1.0000,0.5482,0.4980,22.0000,65.6637,FALSE
Lyngby Porcelæn,1 home,21819 mariette buksti gram,2,0,0,1.0000,0.8942,0.7050,135.0000,61.1020,FALSE
Marmar Copenhagen,2 kids,20415 lotte skovaa,2,0,0,1.0000,0.4232,0.3344,127.0000,83.0150,FALSE
Melton,2 kids,20415 lotte skovaa,2,0,0,1.0000,0.8177,0.4486,55.0000,81.1209,FALSE
Merit Beauty,8 cosmetics,,2,0,0,1.0000,,,,100.0000,FALSE
Modström,5 women,25070 adam massigeh,2,0,0,1.0000,0.5929,0.4286,131.0000,90.9740,FALSE
NARS,8 cosmetics,21819 mariette buksti gram,2,0,0,1.0000,0.2505,0.2292,314.0000,85.8914,FALSE
Nalgene,,,2,0,0,1.0000,,,,,FALSE
Origins,8 cosmetics,21819 mariette buksti gram,2,0,0,1.0000,0.5128,0.5491,79.0000,69.9550,FALSE
PURITO,,,2,0,0,1.0000,,,,,FALSE
RAINS,5 women,25070 adam massigeh,2,0,0,1.0000,0.7223,0.5392,137.0000,84.2318,FALSE
Rethinkit,,,2,0,0,1.0000,,,,,FALSE
Rudolph Care,8 cosmetics,21819 mariette buksti gram,2,0,0,1.0000,0.3260,0.3333,84.0000,75.8739,FALSE
SELECT,3 mens,20415 lotte skovaa,2,0,0,1.0000,0.6783,0.2818,205.0000,78.5680,FALSE
SILFEN,7 w access,25070 adam massigeh,2,0,0,1.0000,0.9867,0.9867,1.0000,97.7425,FALSE
Selected,5 women,25070 adam massigeh,2,0,0,1.0000,0.6109,0.3362,386.0000,91.1040,FALSE
Tweezerman,8 cosmetics,,2,0,0,1.0000,0.3948,0.3523,35.0000,72.5869,FALSE
WONDERSKIN,8 cosmetics,21819 mariette buksti gram,2,0,0,1.0000,0.6842,0.5882,107.0000,64.0990,FALSE
Wood Wood,3 mens,20415 lotte skovaa,2,0,0,1.0000,0.5485,0.4286,120.0000,90.4805,FALSE
Zebla,3 mens,20415 lotte skovaa,2,0,0,1.0000,0.4884,0.5193,9.0000,67.6127,FALSE
milk_shake,8 cosmetics,,2,0,0,1.0000,1.1275,1.0589,66.0000,49.1937,FALSE
Charlotte Tilbury,8 cosmetics,21819 mariette buksti gram,2,1,0,0.6667,0.2210,0.1909,296.0000,99.1031,FALSE
Cisco,,,2,1,0,0.6667,,,,,FALSE
Dr. Althea,8 cosmetics,21819 mariette buksti gram,2,1,0,0.6667,0.8721,0.7284,10.0000,56.7452,FALSE
Patagonia,3 mens,20415 lotte skovaa,2,1,0,0.6667,0.7481,0.7786,7.0000,70.1978,FALSE
Pilgrim,7 w access,20415 lotte skovaa,2,1,0,0.6667,0.4413,0.3344,400.0000,86.2452,FALSE
Stokke,2 kids,20415 lotte skovaa,2,1,0,0.6667,0.3167,0.2607,50.0000,83.7208,FALSE
ZARKOPERFUME,,,2,1,0,0.6667,,,,,FALSE
ghd,8 cosmetics,21819 mariette buksti gram,2,1,0,0.6667,0.4257,0.3744,64.0000,72.2270,FALSE
BARK™DNA,8 cosmetics,21819 mariette buksti gram,2,2,0,0.5000,0.2437,0.2437,1.0000,93.5581,FALSE
BYIC,5 women,,2,2,0,0.5000,0.3115,0.3327,58.0000,112.7154,FALSE
Merrell,7 w access,,2,2,0,0.5000,0.4211,0.3218,11.0000,78.0096,FALSE
Sofie Schnoor,2 kids,20415 lotte skovaa,2,2,0,0.5000,0.7364,0.4310,267.0000,81.1265,FALSE
Technivorm,,,2,2,0,0.5000,,,,,FALSE
essie,8 cosmetics,21819 mariette buksti gram,2,2,0,0.5000,0.6045,0.5777,153.0000,63.5265,FALSE
Bareen,3 mens,25070 adam massigeh,2,3,0,0.4000,0.6004,0.6650,3.0000,105.5613,FALSE
HairLust,8 cosmetics,21819 mariette buksti gram,2,4,0,0.3333,0.3887,0.4317,5.0000,98.1444,FALSE
OBH Nordica,1 home,21819 mariette buksti gram,2,4,0,0.3333,1.2126,1.2557,16.0000,52.2140,FALSE
Anua,8 cosmetics,21819 mariette buksti gram,2,6,1,0.2500,0.9808,0.7933,26.0000,53.6947,FALSE
The North Face,3 mens,20415 lotte skovaa,2,6,1,0.2500,0.4844,0.4297,160.0000,77.4676,FALSE
Microsoft,,,2,7,0,0.2222,,,,,FALSE
Skechers,3 mens,20415 lotte skovaa,2,10,0,0.1667,0.5087,0.3254,53.0000,74.4283,FALSE
Philips,1 home,21819 mariette buksti gram,2,37,1,0.0513,0.4699,0.4156,54.0000,75.5735,FALSE
Aarke,,,1,0,0,1.0000,,,,,FALSE
All In One,,,1,0,0,1.0000,,,,,FALSE
Ankarsrum,1 home,21819 mariette buksti gram,1,0,0,1.0000,0.2451,0.2211,13.0000,83.1879,FALSE
Avent,,,1,0,0,1.0000,,,,,FALSE
BLS Hafnia,3 mens,20415 lotte skovaa,1,0,0,1.0000,0.8860,0.6699,5.0000,95.4500,FALSE
Ballarini,1 home,21819 mariette buksti gram,1,0,0,1.0000,0.4192,0.4308,13.0000,70.7719,FALSE
Becksöndergaard,7 w access,25070 adam massigeh,1,0,0,1.0000,0.5920,0.5000,149.0000,84.0347,FALSE
Bialetti,1 home,,1,0,0,1.0000,1.0914,1.1671,31.0000,52.5414,FALSE
Bodyologist,8 cosmetics,21819 mariette buksti gram,1,0,0,1.0000,0.3310,0.3354,15.0000,77.2620,FALSE
Bondi Sands,8 cosmetics,21819 mariette buksti gram,1,0,0,1.0000,1.2290,1.1745,46.0000,46.6046,FALSE
Bongusta,1 home,21819 mariette buksti gram,1,0,0,1.0000,0.5534,0.3351,125.0000,78.3727,FALSE
Burberry,8 cosmetics,21819 mariette buksti gram,1,0,0,1.0000,1.3620,1.1086,63.0000,47.7415,FALSE
CLEAN,8 cosmetics,21819 mariette buksti gram,1,0,0,1.0000,0.9457,0.8474,93.0000,54.1803,FALSE
Caramma,2 kids,20415 lotte skovaa,1,0,0,1.0000,,,,100.0000,FALSE
Celimax,8 cosmetics,,1,0,0,1.0000,0.7186,0.6786,10.0000,58.9912,FALSE
Chantelle,6 lingerie,20415 lotte skovaa,1,0,0,1.0000,0.4109,0.2500,191.0000,106.0629,FALSE
Chloé,8 cosmetics,21819 mariette buksti gram,1,0,0,1.0000,1.1608,1.0937,48.0000,49.6923,FALSE
D-Co Copenhagen,,,1,0,0,1.0000,,,,,FALSE
Dickies,3 mens,20415 lotte skovaa,1,0,0,1.0000,0.8765,0.6683,32.0000,111.3357,FALSE
Endeavour,1 home,21819 mariette buksti gram,1,0,0,1.0000,0.3858,0.3355,42.0000,81.0540,FALSE
Envii,5 women,25070 adam massigeh,1,0,0,1.0000,0.6470,0.4801,60.0000,105.7723,FALSE
Fable and Mane,,,1,0,0,1.0000,,,,,FALSE
Fenty Beauty,,,1,0,0,1.0000,,,,,FALSE
Frederik Bagger,1 home,21819 mariette buksti gram,1,0,0,1.0000,0.5222,0.5025,83.0000,80.6681,FALSE
Fruit of the Loom,3 mens,20415 lotte skovaa,1,0,0,1.0000,0.1742,0.1742,1.0000,98.2058,FALSE
Garment Project,3 mens,25070 adam massigeh,1,0,0,1.0000,0.5838,0.4286,13.0000,83.2500,FALSE
Grande Cosmetics,,,1,0,0,1.0000,,,,,FALSE
Gucci,8 cosmetics,21819 mariette buksti gram,1,0,0,1.0000,1.1629,1.1204,65.0000,49.1160,FALSE
Hanne Bang,8 cosmetics,21819 mariette buksti gram,1,0,0,1.0000,0.4402,0.4122,6.0000,69.7681,FALSE
Herôme,8 cosmetics,21819 mariette buksti gram,1,0,0,1.0000,0.6396,0.5714,23.0000,64.2857,FALSE
Hot Wheels,2 kids,20415 lotte skovaa,1,0,0,1.0000,0.7318,0.5934,23.0000,60.2343,FALSE
Hourglass,8 cosmetics,21819 mariette buksti gram,1,0,0,1.0000,0.2201,0.1967,70.0000,96.1697,FALSE
Hunkøn,5 women,,1,0,0,1.0000,0.5677,0.4291,13.0000,100.1117,FALSE
IITTALA,1 home,21819 mariette buksti gram,1,0,0,1.0000,0.4628,0.4290,519.0000,80.5617,FALSE
IT Cosmetics,8 cosmetics,,1,0,0,1.0000,0.3821,0.3686,118.0000,73.4123,FALSE
InWear,5 women,25070 adam massigeh,1,0,0,1.0000,0.5026,0.3369,179.0000,113.0749,FALSE
JURA,1 home,21819 mariette buksti gram,1,0,0,1.0000,0.2025,0.1183,31.0000,88.7654,FALSE
Jane Iredale,8 cosmetics,21819 mariette buksti gram,1,0,0,1.0000,0.7491,0.6478,322.0000,63.5468,FALSE
Juna,1 home,21819 mariette buksti gram,1,0,0,1.0000,0.5769,0.5372,94.0000,74.3065,FALSE
Kaffe,5 women,25070 adam massigeh,1,0,0,1.0000,0.5071,0.3999,302.0000,96.5453,FALSE
Kayali,8 cosmetics,21819 mariette buksti gram,1,0,0,1.0000,0.1570,0.1556,26.0000,93.5819,FALSE
KitchenAid,1 home,21819 mariette buksti gram,1,0,0,1.0000,0.4317,0.3274,121.0000,79.7334,FALSE
Kylie Cosmetics,,,1,0,0,1.0000,,,,,FALSE
L'OCCITANE,8 cosmetics,21819 mariette buksti gram,1,0,0,1.0000,0.5339,0.4318,75.0000,72.5571,FALSE
La Marzocco,1 home,21819 mariette buksti gram,1,0,0,1.0000,0.0084,0.0002,7.0000,99.3861,FALSE
Le Creuset,1 home,21819 mariette buksti gram,1,0,0,1.0000,0.2964,0.2953,437.0000,85.3233,FALSE
Leander,2 kids,20415 lotte skovaa,1,0,0,1.0000,0.5018,0.3600,26.0000,76.9257,FALSE
Lexington Company,,,1,0,0,1.0000,,,,,FALSE
Lollys Laundry,5 women,25070 adam massigeh,1,0,0,1.0000,0.3844,0.3381,117.0000,83.2036,FALSE
MAKEUP BY MARIO,8 cosmetics,21819 mariette buksti gram,1,0,0,1.0000,0.2793,0.2793,2.0000,99.2841,FALSE
Maison Margiela,8 cosmetics,21819 mariette buksti gram,1,0,0,1.0000,0.5870,0.5796,46.0000,64.6570,FALSE
Manucurist Paris,,,1,0,0,1.0000,,,,,FALSE
Marie Jo,6 lingerie,20415 lotte skovaa,1,0,0,1.0000,0.8561,0.6667,54.0000,107.9615,FALSE
Matinique,3 mens,20415 lotte skovaa,1,0,0,1.0000,0.4441,0.3337,253.0000,111.5586,FALSE
Max Factor,8 cosmetics,21819 mariette buksti gram,1,0,0,1.0000,1.1905,1.0714,207.0000,50.5123,FALSE
McKINLEY,3 mens,20415 lotte skovaa,1,0,0,1.0000,0.4963,0.3334,310.0000,93.2210,FALSE
Miild,8 cosmetics,21819 mariette buksti gram,1,0,0,1.0000,0.0131,0.0003,59.0000,99.2343,FALSE
Mini-Pop,2 kids,,1,0,0,1.0000,0.3669,0.3426,46.0000,79.7014,FALSE
Moebe,1 home,21819 mariette buksti gram,1,0,0,1.0000,0.5124,0.4531,76.0000,71.8421,FALSE
Montblanc,8 cosmetics,21819 mariette buksti gram,1,0,0,1.0000,1.3937,1.2816,43.0000,45.3994,FALSE
Nailberry,8 cosmetics,21819 mariette buksti gram,1,0,0,1.0000,0.2915,0.2500,85.0000,79.5350,FALSE
Noisy May,5 women,25070 adam massigeh,1,0,0,1.0000,0.5128,0.1729,77.0000,120.1427,FALSE
Nordal,1 home,21819 mariette buksti gram,1,0,0,1.0000,0.3862,0.3441,105.0000,83.5585,FALSE
OLEHENRIKSEN,8 cosmetics,21819 mariette buksti gram,1,0,0,1.0000,0.4625,0.6667,57.0000,75.2073,FALSE
ONLY & SONS,3 mens,20415 lotte skovaa,1,0,0,1.0000,0.4407,0.2606,138.0000,112.2546,FALSE
OYOY,,,1,0,0,1.0000,,,,,FALSE
One Size,8 cosmetics,,1,0,0,1.0000,,,,107.4693,FALSE
Ouai,8 cosmetics,21819 mariette buksti gram,1,0,0,1.0000,0.1245,0.0496,54.0000,93.1170,FALSE
Paco Rabanne,,,1,0,0,1.0000,,,,,FALSE
Parajumpers,3 mens,25070 adam massigeh,1,0,0,1.0000,0.0803,0.0803,2.0000,106.3468,FALSE
Part Two,5 women,25070 adam massigeh,1,0,0,1.0000,0.5202,0.3362,162.0000,110.9696,FALSE
Perspirex,8 cosmetics,,1,0,1,1.0000,0.3328,0.4493,7.0000,77.2831,FALSE
Peter Thomas Roth,8 cosmetics,21819 mariette buksti gram,1,0,0,1.0000,0.7013,0.7820,31.0000,62.7789,FALSE
Pols Potten,1 home,21819 mariette buksti gram,1,0,0,1.0000,0.2218,0.2404,10.0000,84.9317,FALSE
RIG-TIG,1 home,21819 mariette buksti gram,1,0,0,1.0000,0.8110,0.5676,93.0000,61.3979,FALSE
Ralph Lauren,,,1,0,0,1.0000,,,,,FALSE
Rare Beauty,8 cosmetics,21819 mariette buksti gram,1,0,0,1.0000,0.2776,0.2830,9.0000,108.7171,FALSE
Rarewaves,,,1,0,0,1.0000,,,,,FALSE
Real Purity,8 cosmetics,,1,0,0,1.0000,0.2441,0.2441,1.0000,80.3769,FALSE
Resteröds,3 mens,20415 lotte skovaa,1,0,0,1.0000,0.5506,0.3333,63.0000,85.7608,FALSE
RevitaLash,8 cosmetics,21819 mariette buksti gram,1,0,0,1.0000,0.7411,0.4737,6.0000,62.2902,FALSE
Round Lab,8 cosmetics,21819 mariette buksti gram,1,0,0,1.0000,1.4789,1.3830,15.0000,41.8561,FALSE
STOFF Nage,,,1,0,0,1.0000,,,,,FALSE
SUI AVA,7 w access,25070 adam massigeh,1,0,0,1.0000,0.5893,0.3514,134.0000,97.2566,FALSE
Salt & Stone,,,1,0,0,1.0000,,,,,FALSE
Samsøe & Samsøe,5 women,25070 adam massigeh,1,0,0,1.0000,0.5010,0.2929,120.0000,94.1328,FALSE
Sebra,2 kids,20415 lotte skovaa,1,0,0,1.0000,0.3460,0.2689,74.0000,88.1557,FALSE
Smellwell,3 mens,20415 lotte skovaa,1,0,0,1.0000,0.3461,0.4486,5.0000,75.8379,FALSE
Sol de Janeiro,8 cosmetics,21819 mariette buksti gram,1,0,0,1.0000,0.4616,0.4214,62.0000,70.3886,FALSE
Spiegelau,1 home,21819 mariette buksti gram,1,0,0,1.0000,0.6041,0.4982,45.0000,69.0986,FALSE
Spring Copenhagen,1 home,21819 mariette buksti gram,1,0,0,1.0000,0.4135,0.2560,149.0000,78.8045,FALSE
Stryker,,,1,0,0,1.0000,,,,,FALSE
Studio Feder,1 home,21819 mariette buksti gram,1,0,0,1.0000,0.4734,0.3333,63.0000,88.5848,FALSE
TIRTIR,8 cosmetics,21819 mariette buksti gram,1,0,0,1.0000,1.0084,0.9179,16.0000,51.1479,FALSE
Taiyo Yuden,,,1,0,0,1.0000,,,,,FALSE
Tangle Teezer,8 cosmetics,,1,0,0,1.0000,,,,134.5946,FALSE
Too Faced,8 cosmetics,21819 mariette buksti gram,1,0,0,1.0000,0.0619,0.0576,79.0000,105.4624,FALSE
Tromborg,8 cosmetics,21819 mariette buksti gram,1,0,0,1.0000,0.3198,0.3333,207.0000,77.7051,FALSE
UYUNI,1 home,21819 mariette buksti gram,1,0,0,1.0000,0.4306,0.3333,171.0000,79.6916,FALSE
Urban Decay,8 cosmetics,21819 mariette buksti gram,1,0,0,1.0000,0.3202,0.2500,12.0000,97.2618,FALSE
VAUDE,,,1,0,0,1.0000,,,,,FALSE
Vanilla Copenhagen,2 kids,,1,0,0,1.0000,0.4376,0.4280,53.0000,76.7767,FALSE
Versace,8 cosmetics,21819 mariette buksti gram,1,0,0,1.0000,0.7741,0.6870,115.0000,63.8630,FALSE
Viktor&Rolf,8 cosmetics,21819 mariette buksti gram,1,0,0,1.0000,0.9118,1.0029,23.0000,56.1081,FALSE
Vipp,1 home,21819 mariette buksti gram,1,0,0,1.0000,0.3761,0.3658,100.0000,77.6509,FALSE
Wrangler,5 women,20415 lotte skovaa,1,0,0,1.0000,1.0113,0.8188,12.0000,80.1820,FALSE
Xlash,8 cosmetics,21819 mariette buksti gram,1,0,0,1.0000,0.2153,0.2177,20.0000,90.0580,FALSE
ZENZ Organic,,,1,0,0,1.0000,,,,,FALSE
ZWILLING,1 home,21819 mariette buksti gram,1,0,0,1.0000,0.5067,0.4536,298.0000,75.6714,FALSE
dermalogica,8 cosmetics,21819 mariette buksti gram,1,0,0,1.0000,0.6817,0.4694,111.0000,64.9743,FALSE
ferm LIVING,1 home,21819 mariette buksti gram,1,0,0,1.0000,0.4462,0.3681,251.0000,73.1869,FALSE
lala Berlin,7 w access,25070 adam massigeh,1,0,0,1.0000,0.1060,0.0084,20.0000,100.7106,FALSE
oval square,5 women,25070 adam massigeh,1,0,0,1.0000,150.7164,0.4286,31.0000,75.9850,FALSE
tarte,8 cosmetics,21819 mariette buksti gram,1,0,0,1.0000,,,,100.8857,FALSE
Azzaro,8 cosmetics,21819 mariette buksti gram,1,1,0,0.5000,1.0588,0.9648,15.0000,49.5505,FALSE
Björn Borg,3 mens,20415 lotte skovaa,1,1,0,0.5000,0.3691,0.3334,52.0000,84.4026,FALSE
COLOR KIDS,2 kids,20415 lotte skovaa,1,1,0,0.5000,0.3358,0.3333,37.0000,88.7359,FALSE
DAY ET,7 w access,25070 adam massigeh,1,1,0,0.5000,0.4071,0.3333,36.0000,91.1375,FALSE
Elizabeth Arden,8 cosmetics,,1,1,0,0.5000,1.2827,1.1311,103.0000,51.2784,FALSE
Ichi,5 women,25070 adam massigeh,1,1,0,0.5000,0.6396,0.5318,203.0000,98.3475,FALSE
Lindbergh,3 mens,20415 lotte skovaa,1,1,0,0.5000,0.5523,0.4286,445.0000,86.0644,FALSE
M2 Beauté,8 cosmetics,21819 mariette buksti gram,1,1,1,0.5000,1.0746,1.1845,10.0000,51.0740,FALSE
National Geographic,2 kids,20415 lotte skovaa,1,1,0,0.5000,0.5096,0.5450,21.0000,67.0536,FALSE
Nespresso,1 home,21819 mariette buksti gram,1,1,0,0.5000,0.4159,0.3209,24.0000,81.8520,FALSE
NutriBullet,1 home,21819 mariette buksti gram,1,1,0,0.5000,0.8718,0.8029,14.0000,56.8195,FALSE
Oakley,7 w access,25070 adam massigeh,1,1,0,0.5000,0.8533,0.8269,16.0000,54.4482,FALSE
Paula's Choice,8 cosmetics,21819 mariette buksti gram,1,1,0,0.5000,0.1811,0.2276,28.0000,89.7281,FALSE
Playboy,3 mens,25070 adam massigeh,1,1,0,0.5000,0.4420,0.0738,42.0000,83.3461,FALSE
Revlon,1 home,21819 mariette buksti gram,1,1,0,0.5000,0.9828,0.8857,14.0000,52.5661,FALSE
Skin1004,8 cosmetics,21819 mariette buksti gram,1,1,0,0.5000,1.3447,1.2487,50.0000,44.8987,FALSE
The Original Big Wheel,,,1,1,0,0.5000,,,,,FALSE
Weleda,8 cosmetics,21819 mariette buksti gram,1,1,0,0.5000,0.8300,0.7478,41.0000,56.9093,FALSE
glowie,,,1,1,0,0.5000,,,,,FALSE
organicup-allmatters,,,1,1,0,0.5000,,,,,FALSE
SEPHORA,,,1,2,0,0.3333,,,,,FALSE
Wella,8 cosmetics,21819 mariette buksti gram,1,2,0,0.3333,1.1449,1.0974,57.0000,48.4891,FALSE
Fransa,5 women,25070 adam massigeh,1,3,0,0.2500,0.3836,0.3334,111.0000,125.6657,FALSE
Havaianas,7 w access,25070 adam massigeh,1,3,0,0.2500,0.7635,0.5315,9.0000,62.8164,FALSE
Shark,,,1,3,0,0.2500,,,,,FALSE
Under Armour,3 mens,20415 lotte skovaa,1,4,0,0.2000,0.5515,0.4450,131.0000,70.6632,FALSE
Converse,3 mens,20415 lotte skovaa,1,5,1,0.1667,0.8820,0.8511,6.0000,61.0432,FALSE
Helly Hansen,3 mens,,1,5,0,0.1667,0.7405,0.6817,96.0000,68.1944,FALSE
Weather Report,3 mens,,1,5,0,0.1667,0.8699,0.8699,2.0000,56.3907,FALSE
Didriksons,3 mens,,1,7,0,0.1250,0.5165,0.4418,55.0000,70.9221,FALSE
Fjällräven,2 kids,20415 lotte skovaa,1,10,0,0.0909,0.5964,0.5029,7.0000,65.3477,FALSE
Braun,1 home,21819 mariette buksti gram,1,16,0,0.0588,0.4766,0.4833,33.0000,71.3203,FALSE
GARMIN,,,1,33,0,0.0294,,,,,FALSE
& Other Stories,,,0,5,0,0.0000,,,,,FALSE
3M,,,0,2,0,0.0000,,,,,FALSE
4her,,,0,1,0,0.0000,,,,,FALSE
5days,,,0,1,0,0.0000,,,,,FALSE
5five,,,0,1,0,0.0000,,,,,FALSE
66°North,,,0,2,0,0.0000,,,,,FALSE
A-DERMA,,,0,5,0,0.0000,,,,,FALSE
A.Vogel,,,0,5,0,0.0000,,,,,FALSE
ABUS,,,0,1,0,0.0000,,,,,FALSE
AEG,,,0,8,0,0.0000,,,,,FALSE
AIRTOX,,,0,2,0,0.0000,,,,,FALSE
AISO,8 cosmetics,75404 jonas linding berg,0,1,0,0.0000,0.3333,0.3333,2.0000,95.3859,FALSE
AIVIQ,,,0,1,0,0.0000,,,,,FALSE
ALCAZAR,,,0,1,0,0.0000,,,,,FALSE
ALLTEST,,,0,1,0,0.0000,,,,,FALSE
ALOHAS,,,0,2,0,0.0000,,,,,FALSE
APOVIT,,,0,8,0,0.0000,,,,,FALSE
ASG,,,0,1,0,0.0000,,,,,FALSE
Aankl,,,0,4,0,0.0000,,,,,FALSE
Aankl Footwear,,,0,2,0,0.0000,,,,,FALSE
Abena,,,0,7,0,0.0000,,,,,FALSE
Absodry,,,0,1,0,0.0000,,,,,FALSE
Accu-Chek,,,0,1,0,0.0000,,,,,FALSE
Acrilex,,,0,1,0,0.0000,,,,,FALSE
Adano,,,0,1,0,0.0000,,,,,FALSE
Adax,7 w access,25070 adam massigeh,0,1,0,0.0000,0.4149,0.2867,156.0000,89.2805,FALSE
Aduro,,,0,2,0,0.0000,,,,,FALSE
Afnan,,,0,2,0,0.0000,,,,,FALSE
Ahh Bra,,,0,1,0,0.0000,,,,,FALSE
Airpure,,,0,1,0,0.0000,,,,,FALSE
Alba Botanica,,,0,2,0,0.0000,,,,,FALSE
Albany,,,0,1,0,0.0000,,,,,FALSE
Alcon,,,0,3,0,0.0000,,,,,FALSE
Alliance,,,0,1,0,0.0000,,,,,FALSE
Alma,,,0,1,0,0.0000,,,,,FALSE
Alpecin,,,0,1,0,0.0000,,,,,FALSE
Alpine,,,0,4,0,0.0000,,,,,FALSE
Altra,,,0,2,0,0.0000,,,,,FALSE
American Crew,,,0,1,0,0.0000,,,,,FALSE
Anabox,,,0,1,0,0.0000,,,,,FALSE
Anna Field,,,0,2,0,0.0000,,,,,FALSE
Apple,,,0,7,0,0.0000,,,,,FALSE
Arc'teryx,,,0,8,0,0.0000,,,,,FALSE
Arencia official,,,0,1,0,0.0000,,,,,FALSE
Arla,,,0,1,0,0.0000,,,,,FALSE
Artipoppe,,,0,1,0,0.0000,,,,,FALSE
Artlink,,,0,2,0,0.0000,,,,,FALSE
Athlecia,,,0,1,0,0.0000,,,,,FALSE
Australian Body Care,,,0,11,0,0.0000,,,,,FALSE
Avabeauty.Se,,,0,1,0,0.0000,,,,,FALSE
Avène,,,0,3,0,0.0000,,,,,FALSE
Axel Arigato,,,0,1,0,0.0000,,,,,FALSE
Ayyildiz,,,0,1,0,0.0000,,,,,FALSE
BAMBUSA,,,0,1,0,0.0000,,,,,FALSE
BEBIRD,,,0,1,0,0.0000,,,,,FALSE
BGA,,,0,2,0,0.0000,,,,,FALSE
BIELENDA,,,0,1,0,0.0000,,,,,FALSE
BIODERMA,,,0,1,0,0.0000,,,,,FALSE
BISSELL,,,0,1,0,0.0000,,,,,FALSE
BODUM,1 home,21819 mariette buksti gram,0,3,0,0.0000,0.4708,0.3645,58.0000,74.2360,FALSE
BORA,,,0,1,0,0.0000,,,,,FALSE
BY NIGHT,,,0,1,0,0.0000,,,,,FALSE
Baby Brezza,,,0,2,0,0.0000,,,,,FALSE
Baby Foot,,,0,1,0,0.0000,,,,,FALSE
BabyDan,,,0,3,0,0.0000,,,,,FALSE
Babymoov,,,0,1,0,0.0000,,,,,FALSE
Bach,,,0,1,0,0.0000,,,,,FALSE
Bamboo,,,0,1,0,0.0000,,,,,FALSE
Barebells,,,0,2,0,0.0000,,,,,FALSE
Baseus,,,0,1,0,0.0000,,,,,FALSE
Bauhaus,,,0,1,0,0.0000,,,,,FALSE
Bayer,,,0,4,0,0.0000,,,,,FALSE
Becel,,,0,1,0,0.0000,,,,,FALSE
Beemoo,,,0,1,0,0.0000,,,,,FALSE
Benton,,,0,1,0,0.0000,,,,,FALSE
Bershka,,,0,10,0,0.0000,,,,,FALSE
Beslag Design,,,0,1,0,0.0000,,,,,FALSE
Bigso,,,0,2,0,0.0000,,,,,FALSE
Bilbuster,,,0,1,0,0.0000,,,,,FALSE
Biltema,,,0,20,0,0.0000,,,,,FALSE
Bio-Oil,,,0,1,0,0.0000,,,,,FALSE
Bio-Strath,,,0,2,0,0.0000,,,,,FALSE
BioTechUSA,,,0,3,0,0.0000,,,,,FALSE
Bioforce,,,0,3,0,0.0000,,,,,FALSE
Biorepair,,,0,1,0,0.0000,,,,,FALSE
Biosym,,,0,11,0,0.0000,,,,,FALSE
Biovita,,,0,1,0,0.0000,,,,,FALSE
Bison,3 mens,20415 lotte skovaa,0,1,0,0.0000,0.3975,0.3345,11.0000,94.9384,FALSE
Bitz,1 home,21819 mariette buksti gram,0,1,0,0.0000,0.1830,0.1422,30.0000,86.5151,FALSE
Black Colour,,,0,5,0,0.0000,,,,,FALSE
Black Unicorn,,,0,2,0,0.0000,,,,,FALSE
Blomsterbergs,,,0,1,0,0.0000,,,,,FALSE
Bloomingville,,,0,1,0,0.0000,,,,,FALSE
Blue Rebel,,,0,1,0,0.0000,,,,,FALSE
Bodylab,,,0,12,0,0.0000,,,,,FALSE
Bodymod,,,0,1,0,0.0000,,,,,FALSE
Boland,,,0,1,0,0.0000,,,,,FALSE
Boom Butik,,,0,2,0,0.0000,,,,,FALSE
Borg Living,,,0,10,0,0.0000,,,,,FALSE
Borås Cotton,,,0,1,0,0.0000,,,,,FALSE
Bosch,,,0,31,0,0.0000,,,,,FALSE
Bows By Stær,,,0,1,0,0.0000,,,,,FALSE
Breathe Right,,,0,1,0,0.0000,,,,,FALSE
Breathox,,,0,1,0,0.0000,,,,,FALSE
Brilliant,,,0,1,0,0.0000,,,,,FALSE
Bruder,,,0,1,0,0.0000,,,,,FALSE
Budget Car Rental,,,0,1,0,0.0000,,,,,FALSE
Bulk,,,0,8,0,0.0000,,,,,FALSE
C.P. Company,,,0,2,0,0.0000,,,,,FALSE
CAIA,,,0,2,0,0.0000,,,,,FALSE
CAT,,,0,1,0,0.0000,,,,,FALSE
CERVA,,,0,1,0,0.0000,,,,,FALSE
CEWE Photoworld,,,0,4,0,0.0000,,,,,FALSE
CNC Flow Control,,,0,1,0,0.0000,,,,,FALSE
CONTOUR,,,0,1,0,0.0000,,,,,FALSE
COROS,,,0,1,0,0.0000,,,,,FALSE
COSORI,,,0,1,0,0.0000,,,,,FALSE
CPH,,,0,1,0,0.0000,,,,,FALSE
CURAPROX,,,0,1,0,0.0000,,,,,FALSE
CYBEX,,,0,5,0,0.0000,,,,,FALSE
Cam Cam,,,0,2,0,0.0000,,,,,FALSE
CamelBak,,,0,1,0,0.0000,,,,,FALSE
Cana Care,,,0,1,0,0.0000,,,,,FALSE
Candy,,,0,2,0,0.0000,,,,,FALSE
Carhartt,,,0,6,0,0.0000,,,,,FALSE
Carriwell,,,0,2,0,0.0000,,,,,FALSE
Casper Sobczyk,,,0,4,0,0.0000,,,,,FALSE
Cavius,,,0,1,0,0.0000,,,,,FALSE
Centellian24,,,0,2,0,0.0000,,,,,FALSE
CeraVe,,,0,19,0,0.0000,,,,,FALSE
Chanti,,,0,3,0,0.0000,,,,,FALSE
Chic Antique,,,0,1,0,0.0000,,,,,FALSE
Cillit BANG,,,0,1,0,0.0000,,,,,FALSE
Clarks,,,0,1,0,0.0000,,,,,FALSE
Clatronic,,,0,1,0,0.0000,,,,,FALSE
Claudio,3 mens,20415 lotte skovaa,0,1,0,0.0000,0.3300,0.2893,20.0000,79.5692,FALSE
Cleanfriend,,,0,2,0,0.0000,,,,,FALSE
Clear Eyes,,,0,1,0,0.0000,,,,,FALSE
Clearblue,,,0,1,0,0.0000,,,,,FALSE
Clique,,,0,2,0,0.0000,,,,,FALSE
Co`Couture,,,0,2,0,0.0000,,,,,FALSE
Color Wow,8 cosmetics,21819 mariette buksti gram,0,2,1,0.0000,0.7216,0.6742,16.0000,59.8629,FALSE
Common Clouds,,,0,1,0,0.0000,,,,,FALSE
Compeed,,,0,1,0,0.0000,,,,,FALSE
Cook & Baker,,,0,6,0,0.0000,,,,,FALSE
Cooper,,,0,1,0,0.0000,,,,,FALSE
Copenhagen Shoes,7 w access,,0,1,0,0.0000,0.3843,0.2500,16.0000,89.7397,FALSE
Cordell,,,0,1,0,0.0000,,,,,FALSE
Corwin Elcykel,,,0,1,0,0.0000,,,,,FALSE
Cosilana,,,0,1,0,0.0000,,,,,FALSE
Crazy Color,,,0,1,0,0.0000,,,,,FALSE
Creative-Cables,,,0,1,0,0.0000,,,,,FALSE
Croll and Denecke,,,0,2,0,0.0000,,,,,FALSE
Cruz,,,0,1,0,0.0000,,,,,FALSE
Culture,5 women,25070 adam massigeh,0,1,0,0.0000,0.5576,0.4271,186.0000,93.5080,FALSE
Curver,,,0,1,0,0.0000,,,,,FALSE
DANISH ENDURANCE,,,0,5,0,0.0000,,,,,FALSE
DAP,,,0,1,0,0.0000,,,,,FALSE
DAY,,,0,9,0,0.0000,,,,,FALSE
DEBEL,,,0,8,0,0.0000,,,,,FALSE
DEWALT,,,0,1,0,0.0000,,,,,FALSE
DFI,,,0,5,0,0.0000,,,,,FALSE
DOZ,,,0,2,0,0.0000,,,,,FALSE
DROPS Design,,,0,1,0,0.0000,,,,,FALSE
DUOLAC,,,0,3,0,0.0000,,,,,FALSE
DUSY,,,0,1,0,0.0000,,,,,FALSE
Dafi,,,0,1,0,0.0000,,,,,FALSE
Dak,,,0,1,0,0.0000,,,,,FALSE
Danco,,,0,1,0,0.0000,,,,,FALSE
Dancover,,,0,4,0,0.0000,,,,,FALSE
Danfoss,,,0,1,0,0.0000,,,,,FALSE
Danmarks-Posen.Dk,,,0,1,0,0.0000,,,,,FALSE
Dansand,,,0,1,0,0.0000,,,,,FALSE
Decubal,,,0,8,0,0.0000,,,,,FALSE
Deerhunter,,,0,2,0,0.0000,,,,,FALSE
Denver Electronics,,,0,4,0,0.0000,,,,,FALSE
Derma,,,0,2,0,0.0000,,,,,FALSE
Dermaknowlogy,,,0,1,0,0.0000,,,,,FALSE
Design & Handelshuset,,,0,1,0,0.0000,,,,,FALSE
Diamondart,,,0,1,0,0.0000,,,,,FALSE
Diasocks,,,0,1,0,0.0000,,,,,FALSE
Dickie Toys,,,0,1,0,0.0000,,,,,FALSE
Digital Energy,,,0,1,0,0.0000,,,,,FALSE
Direct Signs,,,0,1,0,0.0000,,,,,FALSE
Diverse,2 kids,20415 lotte skovaa,0,4,0,0.0000,0.6601,0.6635,13.0000,65.6935,FALSE
Dlf,,,0,2,0,0.0000,,,,,FALSE
Dlg,,,0,1,0,0.0000,,,,,FALSE
Doff,,,0,1,0,0.0000,,,,,FALSE
Domestos,,,0,1,0,0.0000,,,,,FALSE
Done by Deer,2 kids,20415 lotte skovaa,0,2,0,0.0000,0.4487,0.4387,168.0000,70.3231,FALSE
Dr. Beckmann,,,0,1,0,0.0000,,,,,FALSE
Dr. Martens,7 w access,25070 adam massigeh,0,2,0,0.0000,0.4840,0.4286,62.0000,73.2266,FALSE
Dreame,,,0,11,0,0.0000,,,,,FALSE
DripDrop,,,0,1,0,0.0000,,,,,FALSE
Ducray,,,0,4,0,0.0000,,,,,FALSE
Duffy,,,0,1,0,0.0000,,,,,FALSE
Duka,,,0,1,0,0.0000,,,,,FALSE
Dulcolax,,,0,1,0,0.0000,,,,,FALSE
Dunlop,,,0,1,0,0.0000,,,,,FALSE
Duralex,,,0,1,0,0.0000,,,,,FALSE
Dyberg Larsen,,,0,1,0,0.0000,,,,,FALSE
E-line,,,0,2,0,0.0000,,,,,FALSE
EAN,,,0,1,0,0.0000,,,,,FALSE
ECCO,,,0,2,0,0.0000,,,,,FALSE
EGLO,,,0,1,0,0.0000,,,,,FALSE
ENJOY,,,0,1,0,0.0000,,,,,FALSE
ERNE,,,0,1,0,0.0000,,,,,FALSE
ESPA,,,0,2,0,0.0000,,,,,FALSE
ESYLUX,,,0,1,0,0.0000,,,,,FALSE
EXCELLENT HOUSEWARE,,,0,2,0,0.0000,,,,,FALSE
EYDA,,,0,1,0,0.0000,,,,,FALSE
Easygrow,,,0,1,0,0.0000,,,,,FALSE
Ecostyle,,,0,7,0,0.0000,,,,,FALSE
Ecotronic,,,0,1,0,0.0000,,,,,FALSE
Ekulf,,,0,2,0,0.0000,,,,,FALSE
Electrolux,,,0,15,0,0.0000,,,,,FALSE
Elefanten,,,0,1,0,0.0000,,,,,FALSE
Elite,,,0,1,0,0.0000,,,,,FALSE
Ellos,,,0,7,0,0.0000,,,,,FALSE
Ellos Home,,,0,4,0,0.0000,,,,,FALSE
Engel,,,0,1,0,0.0000,,,,,FALSE
Equip,,,0,1,0,0.0000,,,,,FALSE
Eucalan,,,0,1,0,0.0000,,,,,FALSE
Even&Odd,,,0,1,0,0.0000,,,,,FALSE
Everlands,,,0,1,0,0.0000,,,,,FALSE
Everlast,,,0,1,0,0.0000,,,,,FALSE
F&F,,,0,1,0,0.0000,,,,,FALSE
F-engel,,,0,1,0,0.0000,,,,,FALSE
FOLIGAIN,,,0,4,0,0.0000,,,,,FALSE
FUTURO,,,0,1,0,0.0000,,,,,FALSE
Faaborg Pharma,,,0,4,0,0.0000,,,,,FALSE
Feather & Hare,,,0,1,0,0.0000,,,,,FALSE
Femarelle,,,0,1,0,0.0000,,,,,FALSE
Fibertex,,,0,1,0,0.0000,,,,,FALSE
Fiestas Guirca,,,0,1,0,0.0000,,,,,FALSE
Finish,,,0,1,0,0.0000,,,,,FALSE
First Grade,,,0,2,0,0.0000,,,,,FALSE
Fischer Möbel,,,0,1,0,0.0000,,,,,FALSE
Fitbit,,,0,1,0,0.0000,,,,,FALSE
Fitness Pharma,,,0,8,0,0.0000,,,,,FALSE
Fixoni,,,0,1,0,0.0000,,,,,FALSE
Fladen,,,0,1,0,0.0000,,,,,FALSE
Flexfit,,,0,1,0,0.0000,,,,,FALSE
FlexiComfort,,,0,1,0,0.0000,,,,,FALSE
Flo,,,0,1,0,0.0000,,,,,FALSE
Flowlife,,,0,1,0,0.0000,,,,,FALSE
Flügger,,,0,2,0,0.0000,,,,,FALSE
Forever,,,0,2,0,0.0000,,,,,FALSE
Forte S.A.,,,0,1,0,0.0000,,,,,FALSE
Foster,,,0,1,0,0.0000,,,,,FALSE
Fred,,,0,1,0,0.0000,,,,,FALSE
Fresenius Kabi,,,0,1,0,0.0000,,,,,FALSE
GARDANA,,,0,3,0,0.0000,,,,,FALSE
GARDENA,,,0,5,0,0.0000,,,,,FALSE
GASP,,,0,1,0,0.0000,,,,,FALSE
GB by Gun-Britt,8 cosmetics,21819 mariette buksti gram,0,1,0,0.0000,0.0532,0.0533,10.0000,98.8126,FALSE
GM,,,0,1,0,0.0000,,,,,FALSE
GORI,,,0,1,0,0.0000,,,,,FALSE
GSK,,,0,4,0,0.0000,,,,,FALSE
GUM,,,0,10,0,0.0000,,,,,FALSE
GW Bicycles,,,0,1,0,0.0000,,,,,FALSE
Gaggenau,,,0,1,0,0.0000,,,,,FALSE
Garden,,,0,16,0,0.0000,,,,,FALSE
Garden Life,,,0,1,0,0.0000,,,,,FALSE
Garnier,,,0,6,0,0.0000,,,,,FALSE
Gateway,,,0,3,0,0.0000,,,,,FALSE
Gem Wear,,,0,1,0,0.0000,,,,,FALSE
Gillette,,,0,2,0,0.0000,,,,,FALSE
Gina Tricot,,,0,9,0,0.0000,,,,,FALSE
Glerups,3 mens,20415 lotte skovaa,0,1,0,0.0000,0.1464,0.1666,3.0000,87.3389,FALSE
Globe Studios,,,0,1,0,0.0000,,,,,FALSE
GlowUp,,,0,1,0,0.0000,,,,,FALSE
Google,,,0,2,0,0.0000,,,,,FALSE
Gorenje,,,0,7,0,0.0000,,,,,FALSE
Gossia,,,0,2,0,0.0000,,,,,FALSE
Gram,,,0,2,0,0.0000,,,,,FALSE
Great Pretenders,,,0,1,0,0.0000,,,,,FALSE
Green Comfort,,,0,2,0,0.0000,,,,,FALSE
Greenchef,,,0,1,0,0.0000,,,,,FALSE
Greenish,,,0,1,0,0.0000,,,,,FALSE
Grenade,,,0,1,0,0.0000,,,,,FALSE
Grunt,2 kids,20415 lotte skovaa,0,1,0,0.0000,0.0056,0.0056,1.0000,376.4815,FALSE
H&G,,,0,1,0,0.0000,,,,,FALSE
H&M,,,0,81,0,0.0000,,,,,FALSE
HH Simonsen,8 cosmetics,21819 mariette buksti gram,0,1,1,0.0000,0.5726,0.5736,10.0000,65.3717,FALSE
HKSDK,,,0,2,0,0.0000,,,,,FALSE
HOME,,,0,1,0,0.0000,,,,,FALSE
HUMA,,,0,1,0,0.0000,,,,,FALSE
Haakaa,2 kids,20415 lotte skovaa,0,2,0,0.0000,0.3431,0.3431,2.0000,77.9826,FALSE
Hachette,,,0,1,0,0.0000,,,,,FALSE
Haglöfs,3 mens,20415 lotte skovaa,0,1,0,0.0000,0.4974,0.4640,74.0000,73.1622,FALSE
Halls Greenhouses,,,0,1,0,0.0000,,,,,FALSE
Hama,,,0,1,0,0.0000,,,,,FALSE
Hansaplast,,,0,2,0,0.0000,,,,,FALSE
Hanse Home,,,0,1,0,0.0000,,,,,FALSE
Haps Nordic,,,0,3,0,0.0000,,,,,FALSE
Haus Huberts,,,0,1,0,0.0000,,,,,FALSE
Havehandel,,,0,1,0,0.0000,,,,,FALSE
Haws,,,0,2,0,0.0000,,,,,FALSE
Head & Shoulders,,,0,1,0,0.0000,,,,,FALSE
Healthwell,,,0,2,0,0.0000,,,,,FALSE
Heel,,,0,2,0,0.0000,,,,,FALSE
Heles,,,0,1,0,0.0000,,,,,FALSE
Helios,,,0,1,0,0.0000,,,,,FALSE
Helosan,,,0,2,0,0.0000,,,,,FALSE
Hemmingsen Kids,,,0,1,0,0.0000,,,,,FALSE
Henbrandt,,,0,1,0,0.0000,,,,,FALSE
Herbatint,,,0,1,0,0.0000,,,,,FALSE
Herboxa,,,0,1,0,0.0000,,,,,FALSE
Herrens Mark,,,0,2,0,0.0000,,,,,FALSE
High 5,,,0,3,0,0.0000,,,,,FALSE
Hisense,,,0,3,0,0.0000,,,,,FALSE
HoMedics,,,0,1,0,0.0000,,,,,FALSE
Home-it,,,0,2,0,0.0000,,,,,FALSE
Hortus,,,0,1,0,0.0000,,,,,FALSE
HotHands,,,0,1,0,0.0000,,,,,FALSE
House Doctor,1 home,21819 mariette buksti gram,0,1,0,0.0000,0.4429,0.3887,117.0000,76.7998,FALSE
Housegard,,,0,1,0,0.0000,,,,,FALSE
Huawei,,,0,1,0,0.0000,,,,,FALSE
Huggies,,,0,1,0,0.0000,,,,,FALSE
Hume Health,,,0,1,0,0.0000,,,,,FALSE
Husk,,,0,4,0,0.0000,,,,,FALSE
Husqvarna,,,0,3,0,0.0000,,,,,FALSE
Hübsch,1 home,21819 mariette buksti gram,0,1,0,0.0000,0.5395,0.5210,111.0000,67.9056,FALSE
ICEpower,,,0,1,0,0.0000,,,,,FALSE
ID,,,0,2,0,0.0000,,,,,FALSE
IK Multimedia,,,0,1,0,0.0000,,,,,FALSE
IMAK,,,0,2,0,0.0000,,,,,FALSE
Id Hair,,,0,1,0,0.0000,,,,,FALSE
Iherowebshop,,,0,1,0,0.0000,,,,,FALSE
Il Mio Negozio,,,0,1,0,0.0000,,,,,FALSE
Illux,,,0,1,0,0.0000,,,,,FALSE
Ilva,,,0,9,0,0.0000,,,,,FALSE
Inatura,,,0,1,0,0.0000,,,,,FALSE
InnocareDenmark,,,0,1,0,0.0000,,,,,FALSE
InnovaGoods,,,0,1,0,0.0000,,,,,FALSE
Innovative Percussion,,,0,1,0,0.0000,,,,,FALSE
Interflora,,,0,1,0,0.0000,,,,,FALSE
Intimissimi,,,0,1,0,0.0000,,,,,FALSE
Isbjörn of Sweden,,,0,1,0,0.0000,,,,,FALSE
JACK & JONES,3 mens,20415 lotte skovaa,0,12,0,0.0000,0.5876,0.4352,314.0000,89.2199,FALSE
JACQUELINE de YONG,,,0,19,0,0.0000,,,,,FALSE
JAPCELL,,,0,1,0,0.0000,,,,,FALSE
JUL,,,0,1,0,0.0000,,,,,FALSE
JUMI,,,0,1,0,0.0000,,,,,FALSE
JYSK,,,0,157,0,0.0000,,,,,FALSE
Jbm,,,0,1,0,0.0000,,,,,FALSE
Joie,,,0,2,0,0.0000,,,,,FALSE
Joseph Joseph,,,0,2,0,0.0000,,,,,FALSE
Jotex,,,0,19,0,0.0000,,,,,FALSE
JourneyLife,,,0,1,0,0.0000,,,,,FALSE
Jumbo,,,0,1,0,0.0000,,,,,FALSE
Junckers,,,0,1,0,0.0000,,,,,FALSE
Just For Men,,,0,1,0,0.0000,,,,,FALSE
KAD,,,0,1,0,0.0000,,,,,FALSE
KARE Design,,,0,1,0,0.0000,,,,,FALSE
KAY Jewelers,,,0,1,0,0.0000,,,,,FALSE
KONTUR,,,0,1,0,0.0000,,,,,FALSE
Karamel Kompagniet,11 food,61164 jacob bøgeholdt nielsen,0,2,0,0.0000,0.2020,0.1333,18.0000,91.0314,FALSE
Kenwood,1 home,,0,10,0,0.0000,0.5988,0.5886,20.0000,69.3599,FALSE
Kersen,,,0,1,0,0.0000,,,,,FALSE
Kiko Milano,,,0,4,0,0.0000,,,,,FALSE
Kjell & Company,,,0,1,0,0.0000,,,,,FALSE
Klar,,,0,2,0,0.0000,,,,,FALSE
Klarborg,1 home,,0,1,0,0.0000,0.4639,0.3512,28.0000,69.5603,FALSE
Klean Kanteen,,,0,2,0,0.0000,,,,,FALSE
Km Home,,,0,3,0,0.0000,,,,,FALSE
KÄLLA,,,0,1,0,0.0000,,,,,FALSE
Kärcher,,,0,6,0,0.0000,,,,,FALSE
L'amitié,,,0,1,0,0.0000,,,,,FALSE
LEDlife,,,0,5,0,0.0000,,,,,FALSE
LG,,,0,4,0,0.0000,,,,,FALSE
LMTD,,,0,2,0,0.0000,,,,,FALSE
La Roche-Posay,,,0,27,0,0.0000,,,,,FALSE
La Sportiva,,,0,1,0,0.0000,,,,,FALSE
Lactocare,,,0,3,0,0.0000,,,,,FALSE
Lactulose,,,0,1,0,0.0000,,,,,FALSE
Lakrids by Bülow,11 food,61164 jacob bøgeholdt nielsen,0,2,0,0.0000,0.2697,0.1923,25.0000,92.1054,FALSE
Lansinoh,,,0,1,0,0.0000,,,,,FALSE
Lantz Copenhagen,,,0,1,0,0.0000,,,,,FALSE
Lasita Maja,,,0,1,0,0.0000,,,,,FALSE
Lattafa,,,0,1,0,0.0000,,,,,FALSE
Laura Mercier,,,0,2,0,0.0000,,,,,FALSE
Lavazza,,,0,1,0,0.0000,,,,,FALSE
Le Mini Macaron,,,0,1,0,0.0000,,,,,FALSE
Lea,,,0,1,0,0.0000,,,,,FALSE
Leifheit,1 home,21819 mariette buksti gram,0,4,0,0.0000,0.7975,0.5533,10.0000,62.0695,FALSE
Leonisa,,,0,2,0,0.0000,,,,,FALSE
Leopold Bros.,,,0,1,0,0.0000,,,,,FALSE
Libero,,,0,5,0,0.0000,,,,,FALSE
Lille Kanin,,,0,1,0,0.0000,,,,,FALSE
Lindby,,,0,4,0,0.0000,,,,,FALSE
Linuspro,,,0,1,0,0.0000,,,,,FALSE
Lipati,,,0,1,0,0.0000,,,,,FALSE
Lippa,,,0,2,0,0.0000,,,,,FALSE
Livol,,,0,3,0,0.0000,,,,,FALSE
Locobase,,,0,3,0,0.0000,,,,,FALSE
Logik,,,0,12,0,0.0000,,,,,FALSE
Longo Vital,,,0,4,0,0.0000,,,,,FALSE
Loop,,,0,5,0,0.0000,,,,,FALSE
Loop Earplugs,,,0,1,0,0.0000,,,,,FALSE
Louis Poulsen,,,0,19,0,0.0000,,,,,FALSE
Louis Vuitton,,,0,1,0,0.0000,,,,,FALSE
Louise Roe,,,0,3,0,0.0000,,,,,FALSE
LuK,,,0,1,0,0.0000,,,,,FALSE
Lucleon,,,0,1,0,0.0000,,,,,FALSE
Lumene,,,0,1,0,0.0000,,,,,FALSE
Luna Denmark,,,0,9,0,0.0000,,,,,FALSE
Luxorparts,,,0,1,0,0.0000,,,,,FALSE
Ly Sweden,,,0,1,0,0.0000,,,,,FALSE
Lyngeshop,,,0,2,0,0.0000,,,,,FALSE
Lyngsoe,,,0,1,0,0.0000,,,,,FALSE
M&S,,,0,1,0,0.0000,,,,,FALSE
MAM,,,0,2,0,0.0000,,,,,FALSE
MAMMOTION,,,0,1,0,0.0000,,,,,FALSE
MARELD,,,0,1,0,0.0000,,,,,FALSE
MARTA,,,0,3,0,0.0000,,,,,FALSE
ME-FA,,,0,1,0,0.0000,,,,,FALSE
MINI A TURE,,,0,3,0,0.0000,,,,,FALSE
MINISO,,,0,1,0,0.0000,,,,,FALSE
MOXOM,,,0,3,0,0.0000,,,,,FALSE
MULTI,,,0,1,0,0.0000,,,,,FALSE
Maanesten,7 w access,20415 lotte skovaa,0,1,0,0.0000,0.3141,0.2500,301.0000,83.5322,FALSE
Magic Chef,,,0,1,0,0.0000,,,,,FALSE
Magna-Tiles,,,0,1,0,0.0000,,,,,FALSE
Magnetbuen,,,0,1,0,0.0000,,,,,FALSE
Makita,,,0,9,0,0.0000,,,,,FALSE
Manic Panic,,,0,1,0,0.0000,,,,,FALSE
Mank GmbH,,,0,2,0,0.0000,,,,,FALSE
Mark,,,0,1,0,0.0000,,,,,FALSE
Marni,,,0,1,0,0.0000,,,,,FALSE
Marvis,,,0,1,0,0.0000,,,,,FALSE
Matas Striber,,,0,20,0,0.0000,,,,,FALSE
Maxi-Cosi,,,0,1,0,0.0000,,,,,FALSE
Mbym,5 women,25070 adam massigeh,0,1,0,0.0000,0.6213,0.3333,90.0000,96.5899,FALSE
Medela,,,0,5,0,0.0000,,,,,FALSE
Medidos,,,0,2,0,0.0000,,,,,FALSE
Medimax,,,0,1,0,0.0000,,,,,FALSE
Medisana,,,0,4,0,0.0000,,,,,FALSE
Melissa,,,0,1,0,0.0000,,,,,FALSE
Melitta,,,0,1,0,0.0000,,,,,FALSE
Mentholatum,,,0,1,0,0.0000,,,,,FALSE
Meroda,,,0,1,0,0.0000,,,,,FALSE
Merry Christmas,,,0,1,0,0.0000,,,,,FALSE
Metamucil,,,0,1,0,0.0000,,,,,FALSE
Mezina,,,0,2,0,0.0000,,,,,FALSE
Miele,,,0,13,0,0.0000,,,,,FALSE
Mielle Organics,,,0,1,0,0.0000,,,,,FALSE
Min Lille Mus,,,0,1,0,0.0000,,,,,FALSE
Mininor,,,0,3,0,0.0000,,,,,FALSE
Minymo,,,0,2,0,0.0000,,,,,FALSE
Miss Mary of Sweden,,,0,1,0,0.0000,,,,,FALSE
Mobilex,,,0,1,0,0.0000,,,,,FALSE
Molnlycke,,,0,2,0,0.0000,,,,,FALSE
Mols,,,0,1,0,0.0000,,,,,FALSE
Momkind,,,0,1,0,0.0000,,,,,FALSE
Moogco,,,0,1,0,0.0000,,,,,FALSE
Moon Boot,,,0,1,0,0.0000,,,,,FALSE
Morsø,1 home,,0,3,0,0.0000,,,,108.4883,FALSE
Motorola,,,0,1,0,0.0000,,,,,FALSE
Moud Home,,,0,1,0,0.0000,,,,,FALSE
Mova,,,0,2,0,0.0000,,,,,FALSE
Mulberry,,,0,1,0,0.0000,,,,,FALSE
Multi-Mam,,,0,1,0,0.0000,,,,,FALSE
Multi-tabs,,,0,1,0,0.0000,,,,,FALSE
Mutant,,,0,1,0,0.0000,,,,,FALSE
My Store,,,0,1,0,0.0000,,,,,FALSE
MyHeritage DNA,,,0,1,0,0.0000,,,,,FALSE
Mylan,,,0,4,0,0.0000,,,,,FALSE
Myprotein,,,0,2,0,0.0000,,,,,FALSE
Möller's,,,0,1,0,0.0000,,,,,FALSE
N'goodso,,,0,1,0,0.0000,,,,,FALSE
NA-KD,5 women,25070 adam massigeh,0,31,0,0.0000,1.0000,1.0000,1.0000,50.0000,FALSE
NAGA,,,0,1,0,0.0000,,,,,FALSE
NDP,,,0,1,0,0.0000,,,,,FALSE
NDS,,,0,1,0,0.0000,,,,,FALSE
NOW,,,0,5,0,0.0000,,,,,FALSE
NUA,,,0,1,0,0.0000,,,,,FALSE
Nail4you,,,0,1,0,0.0000,,,,,FALSE
Nailster,,,0,4,0,0.0000,,,,,FALSE
Najell,,,0,4,0,0.0000,,,,,FALSE
Namly Design,,,0,4,0,0.0000,,,,,FALSE
Nani Loading Technology,,,0,1,0,0.0000,,,,,FALSE
Nanolash,,,0,1,0,0.0000,,,,,FALSE
Nardos,,,0,1,0,0.0000,,,,,FALSE
Nattelyst,,,0,6,0,0.0000,,,,,FALSE
Natur-Drogeriet,,,0,13,0,0.0000,,,,,FALSE
Nature,,,0,3,0,0.0000,,,,,FALSE
Nature's Own,,,0,2,0,0.0000,,,,,FALSE
Naturigin,,,0,1,0,0.0000,,,,,FALSE
Naturligolie,,,0,1,0,0.0000,,,,,FALSE
Nedis,,,0,2,0,0.0000,,,,,FALSE
Nelly,,,0,7,0,0.0000,,,,,FALSE
Neonate,,,0,3,0,0.0000,,,,,FALSE
Nestlé,,,0,1,0,0.0000,,,,,FALSE
Neutral,,,0,1,0,0.0000,,,,,FALSE
Neutrogena,,,0,1,0,0.0000,,,,,FALSE
New Era,3 mens,,0,1,0,0.0000,0.4939,0.6126,41.0000,75.6236,FALSE
New Look,,,0,1,0,0.0000,,,,,FALSE
New Nordic,8 cosmetics,21819 mariette buksti gram,0,8,0,0.0000,0.5096,0.5108,10.0000,66.4881,FALSE
Newbeing,,,0,1,0,0.0000,,,,,FALSE
Newline HALO,3 mens,20415 lotte skovaa,0,1,0,0.0000,0.6825,0.4286,24.0000,82.4751,FALSE
Nicorette,,,0,3,0,0.0000,,,,,FALSE
Nielsen Light,,,0,2,0,0.0000,,,,,FALSE
Nikwax,,,0,1,0,0.0000,,,,,FALSE
Nilfisk,,,0,10,0,0.0000,,,,,FALSE
Nimara.Dk,,,0,7,0,0.0000,,,,,FALSE
Ninepine,,,0,1,0,0.0000,,,,,FALSE
Nizoral,,,0,1,0,0.0000,,,,,FALSE
Noella,,,0,6,0,0.0000,,,,,FALSE
Nordahl Andersen,,,0,1,0,0.0000,,,,,FALSE
Nordic Glow,,,0,1,0,0.0000,,,,,FALSE
Nordic Lights,,,0,1,0,0.0000,,,,,FALSE
Nordic Tests ApS,,,0,1,0,0.0000,,,,,FALSE
Nordic Wellness,,,0,2,0,0.0000,,,,,FALSE
Nordisk Family,,,0,1,0,0.0000,,,,,FALSE
Nordlux,1 home,21819 mariette buksti gram,0,8,0,0.0000,0.6939,0.6138,20.0000,62.8693,FALSE
Nordtronic,,,0,4,0,0.0000,,,,,FALSE
Norr,5 women,,0,1,0,0.0000,,,,100.0000,FALSE
Norwegian Lab,,,0,1,0,0.0000,,,,,FALSE
Nupo,,,0,2,0,0.0000,,,,,FALSE
Nutridrink,,,0,1,0,0.0000,,,,,FALSE
OGX,,,0,1,0,0.0000,,,,,FALSE
OKIDS,,,0,1,0,0.0000,,,,,FALSE
OMRON,,,0,1,0,0.0000,,,,,FALSE
ONYX COOKWARE,,,0,7,0,0.0000,,,,,FALSE
OPI,8 cosmetics,21819 mariette buksti gram,0,1,0,0.0000,0.6452,0.6452,1.0000,181.1337,FALSE
OUTTREK,,,0,1,0,0.0000,,,,,FALSE
Ocean Sports,,,0,1,0,0.0000,,,,,FALSE
Oh Naturel,,,0,1,0,0.0000,,,,,FALSE
Oi Soi Oi,,,0,1,0,0.0000,,,,,FALSE
Oksbøl-Savværk,,,0,1,0,0.0000,,,,,FALSE
Olivy,,,0,2,0,0.0000,,,,,FALSE
Onitsuka Tiger,,,0,1,0,0.0000,,,,,FALSE
Ooni,,,0,1,0,0.0000,,,,,FALSE
Optimalprint,,,0,2,0,0.0000,,,,,FALSE
Optimize,,,0,1,0,0.0000,,,,,FALSE
Optimum Nutrition,,,0,3,0,0.0000,,,,,FALSE
OraCoat,,,0,1,0,0.0000,,,,,FALSE
Oral-B,,,0,30,0,0.0000,,,,,FALSE
Oslo Skin Lab,,,0,1,0,0.0000,,,,,FALSE
OstroVit,,,0,2,0,0.0000,,,,,FALSE
Otinova,,,0,1,0,0.0000,,,,,FALSE
Otribebe,,,0,1,0,0.0000,,,,,FALSE
Oura,,,0,2,0,0.0000,,,,,FALSE
Outcast,,,0,1,0,0.0000,,,,,FALSE
Owala,,,0,1,0,0.0000,,,,,FALSE
Oysho,,,0,1,0,0.0000,,,,,FALSE
P L A N E T // N U S A,,,0,1,0,0.0000,,,,,FALSE
P. Lindberg,,,0,1,0,0.0000,,,,,FALSE
PH Import,,,0,4,0,0.0000,,,,,FALSE
PORSANO,,,0,1,0,0.0000,,,,,FALSE
Palmako,,,0,1,0,0.0000,,,,,FALSE
Panasonic,1 home,,0,2,0,0.0000,1.3488,1.3488,1.0000,42.5751,FALSE
Parkone,,,0,1,0,0.0000,,,,,FALSE
Parodontax,,,0,1,0,0.0000,,,,,FALSE
Party Success,,,0,1,0,0.0000,,,,,FALSE
Pelly,,,0,3,0,0.0000,,,,,FALSE
Pepsi,,,0,1,0,0.0000,,,,,FALSE
Perrigo,,,0,1,0,0.0000,,,,,FALSE
Pest-Stop,,,0,3,0,0.0000,,,,,FALSE
Pharma Nord,,,0,10,0,0.0000,,,,,FALSE
PharmaDrops,,,0,1,0,0.0000,,,,,FALSE
Pharmovital,,,0,1,0,0.0000,,,,,FALSE
Philips Hue,,,0,9,0,0.0000,,,,,FALSE
Pico,,,0,2,0,0.0000,,,,,FALSE
Pigalle,,,0,1,0,0.0000,,,,,FALSE
Pitaya,,,0,10,0,0.0000,,,,,FALSE
Pixum,,,0,2,0,0.0000,,,,,FALSE
Plantforce,,,0,1,0,0.0000,,,,,FALSE
Plum,,,0,2,0,0.0000,,,,,FALSE
Point,,,0,5,0,0.0000,,,,,FALSE
Polar,,,0,1,0,0.0000,,,,,FALSE
Polax,,,0,1,0,0.0000,,,,,FALSE
Portwest,,,0,1,0,0.0000,,,,,FALSE
Postera,,,0,1,0,0.0000,,,,,FALSE
Pressalit,,,0,1,0,0.0000,,,,,FALSE
Prima,,,0,1,0,0.0000,,,,,FALSE
Princess,,,0,1,0,0.0000,,,,,FALSE
Pro-Ject,,,0,1,0,0.0000,,,,,FALSE
Probuilder,,,0,1,0,0.0000,,,,,FALSE
Prosonic,,,0,1,0,0.0000,,,,,FALSE
Pulito,,,0,1,0,0.0000,,,,,FALSE
Pull&Bear,,,0,3,0,0.0000,,,,,FALSE
Puori,,,0,5,0,0.0000,,,,,FALSE
Purely Professional,,,0,1,0,0.0000,,,,,FALSE
Puzzleyou,,,0,1,0,0.0000,,,,,FALSE
QAZQA,,,0,3,0,0.0000,,,,,FALSE
Qlima,,,0,2,0,0.0000,,,,,FALSE
Qmed,,,0,1,0,0.0000,,,,,FALSE
Queen Fashion,,,0,1,0,0.0000,,,,,FALSE
Queisser Pharma,,,0,1,0,0.0000,,,,,FALSE
RAZE,,,0,1,0,0.0000,,,,,FALSE
RFSU,,,0,2,0,0.0000,,,,,FALSE
RICE,1 home,21819 mariette buksti gram,0,1,1,0.0000,0.3840,0.2586,56.0000,81.8996,FALSE
RSVP International,,,0,6,0,0.0000,,,,,FALSE
RUSSELL HOBBS,,,0,2,0,0.0000,,,,,FALSE
Ragnarok,,,0,1,0,0.0000,,,,,FALSE
Ralon Medical,,,0,1,0,0.0000,,,,,FALSE
Ray-Ban,7 w access,25070 adam massigeh,0,2,0,0.0000,0.8184,0.8023,30.0000,55.2968,FALSE
Rebuilt,,,0,2,0,0.0000,,,,,FALSE
Refectocil,,,0,4,0,0.0000,,,,,FALSE
Regatta,,,0,1,0,0.0000,,,,,FALSE
Reima,,,0,1,0,0.0000,,,,,FALSE
Remington,,,0,11,0,0.0000,,,,,FALSE
Remo,,,0,1,0,0.0000,,,,,FALSE
Revolution Beauty,,,0,1,0,0.0000,,,,,FALSE
RevolutionRace,,,0,6,0,0.0000,,,,,FALSE
Re—inc,,,0,1,0,0.0000,,,,,FALSE
Rhino Horn,,,0,1,0,0.0000,,,,,FALSE
Ringsted Dun,,,0,1,0,0.0000,,,,,FALSE
Rituals,8 cosmetics,21819 mariette buksti gram,0,1,0,0.0000,0.2472,0.1994,93.0000,91.8443,FALSE
Roborock,,,0,5,0,0.0000,,,,,FALSE
Rocket Espresso,,,0,1,0,0.0000,,,,,FALSE
Rockit,,,0,1,0,0.0000,,,,,FALSE
Roundup,,,0,1,0,0.0000,,,,,FALSE
Rubie's,,,0,1,0,0.0000,,,,,FALSE
Rulopak,,,0,1,0,0.0000,,,,,FALSE
Røde Kors,,,0,1,0,0.0000,,,,,FALSE
Rømer,,,0,3,0,0.0000,,,,,FALSE
SALTO KS,,,0,1,0,0.0000,,,,,FALSE
SB12,,,0,1,0,0.0000,,,,,FALSE
SCARPA,,,0,1,0,0.0000,,,,,FALSE
SENZ,,,0,7,0,0.0000,,,,,FALSE
SIPO,,,0,1,0,0.0000,,,,,FALSE
SKOLYX,,,0,1,0,0.0000,,,,,FALSE
SOLS,,,0,1,0,0.0000,,,,,FALSE
SONGMICS,,,0,3,0,0.0000,,,,,FALSE
STADA,,,0,1,0,0.0000,,,,,FALSE
STAR NUTRITION,,,0,1,0,0.0000,,,,,FALSE
STARDROPS,,,0,1,0,0.0000,,,,,FALSE
Sabre Paris,1 home,21819 mariette buksti gram,0,1,0,0.0000,0.1360,0.1170,63.0000,89.3578,FALSE
Salus,,,0,3,0,0.0000,,,,,FALSE
Samsung,,,0,14,0,0.0000,,,,,FALSE
Sandoz,,,0,2,0,0.0000,,,,,FALSE
Sandstrøm,,,0,1,0,0.0000,,,,,FALSE
Sauna4home,,,0,1,0,0.0000,,,,,FALSE
Say,,,0,1,0,0.0000,,,,,FALSE
Scandic Greenhouse,,,0,1,0,0.0000,,,,,FALSE
Scanfit,,,0,1,0,0.0000,,,,,FALSE
Scholl,,,0,10,0,0.0000,,,,,FALSE
Schwarzkopf,,,0,9,0,0.0000,,,,,FALSE
Schylling,,,0,3,0,0.0000,,,,,FALSE
Scitec Nutrition,,,0,1,0,0.0000,,,,,FALSE
Second Female,5 women,25070 adam massigeh,0,1,0,0.0000,0.5771,0.3333,37.0000,107.9647,FALSE
Segway-Ninebot,,,0,7,0,0.0000,,,,,FALSE
Sembol,,,0,1,0,0.0000,,,,,FALSE
Seniorlife,,,0,1,0,0.0000,,,,,FALSE
Sensilab,,,0,2,0,0.0000,,,,,FALSE
Senze,,,0,4,0,0.0000,,,,,FALSE
Shimano,,,0,3,0,0.0000,,,,,FALSE
Shock Absorber,,,0,1,0,0.0000,,,,,FALSE
Shus,,,0,1,0,0.0000,,,,,FALSE
Sideral,,,0,1,0,0.0000,,,,,FALSE
Siemens,,,0,24,0,0.0000,,,,,FALSE
Sika,,,0,1,0,0.0000,,,,,FALSE
Sika Footwear,,,0,1,0,0.0000,,,,,FALSE
Sistema,,,0,3,0,0.0000,,,,,FALSE
Sisters Point,5 women,25070 adam massigeh,0,1,0,0.0000,0.4810,0.0034,111.0000,119.4316,FALSE
Siv,,,0,1,0,0.0000,,,,,FALSE
Sjö & Hav,,,0,1,0,0.0000,,,,,FALSE
Skagen Clothing,,,0,1,0,0.0000,,,,,FALSE
Skall Studio,,,0,3,0,0.0000,,,,,FALSE
Skinocare,,,0,2,0,0.0000,,,,,FALSE
Skulpturfigur.Dk,,,0,1,0,0.0000,,,,,FALSE
Sky,,,0,1,0,0.0000,,,,,FALSE
Slate Jewelry,,,0,1,0,0.0000,,,,,FALSE
Sleep Better,,,0,1,0,0.0000,,,,,FALSE
Smart Stickers,,,0,1,0,0.0000,,,,,FALSE
SmartStore,,,0,1,0,0.0000,,,,,FALSE
Smartphoto,,,0,1,0,0.0000,,,,,FALSE
Snickers,,,0,1,0,0.0000,,,,,FALSE
Snoreeze,,,0,1,0,0.0000,,,,,FALSE
SodaStream,,,0,4,0,0.0000,,,,,FALSE
Solar,,,0,2,0,0.0000,,,,,FALSE
Solar Plus,,,0,1,0,0.0000,,,,,FALSE
Solaray,,,0,19,0,0.0000,,,,,FALSE
Sonett,,,0,3,0,0.0000,,,,,FALSE
Souper Cubes,,,0,1,0,0.0000,,,,,FALSE
Spand,,,0,1,0,0.0000,,,,,FALSE
Specialized,,,0,1,0,0.0000,,,,,FALSE
Spegelshoppen,,,0,1,0,0.0000,,,,,FALSE
Splash About,,,0,1,0,0.0000,,,,,FALSE
Sportsbuddy,,,0,1,0,0.0000,,,,,FALSE
Steba,,,0,1,0,0.0000,,,,,FALSE
Steel Function,,,0,1,0,0.0000,,,,,FALSE
Steelmate,,,0,3,0,0.0000,,,,,FALSE
Stelrad,,,0,1,0,0.0000,,,,,FALSE
Steradent,,,0,1,0,0.0000,,,,,FALSE
Sterling Power,,,0,1,0,0.0000,,,,,FALSE
Steve Madden,,,0,1,0,0.0000,,,,,FALSE
Story,,,0,3,0,0.0000,,,,,FALSE
Stradivarius,,,0,8,0,0.0000,,,,,FALSE
Summerbird,11 food,61164 jacob bøgeholdt nielsen,0,1,0,0.0000,0.1636,0.1500,17.0000,86.5368,FALSE
Sungboon Editor,,,0,2,0,0.0000,,,,,FALSE
SupCare,,,0,2,0,0.0000,,,,,FALSE
SuperSox,,,0,1,0,0.0000,,,,,FALSE
Superolie,,,0,1,0,0.0000,,,,,FALSE
Swiffer,,,0,2,0,0.0000,,,,,FALSE
Søstrene Grene,,,0,4,0,0.0000,,,,,FALSE
TE Connectivity,,,0,1,0,0.0000,,,,,FALSE
TECH-PROTECT,,,0,3,0,0.0000,,,,,FALSE
TENA,,,0,4,0,0.0000,,,,,FALSE
TePe,,,0,1,0,0.0000,,,,,FALSE
TecTake,,,0,1,0,0.0000,,,,,FALSE
Tekla,,,0,1,0,0.0000,,,,,FALSE
Temashop,,,0,1,0,0.0000,,,,,FALSE
Tempur,,,0,1,0,0.0000,,,,,FALSE
Termo,,,0,1,0,0.0000,,,,,FALSE
Teva,,,0,1,0,0.0000,,,,,FALSE
Texas,,,0,4,0,0.0000,,,,,FALSE
Thames & Kosmos,,,0,2,0,0.0000,,,,,FALSE
The Birth Poster,,,0,1,0,0.0000,,,,,FALSE
The Gel Collection,,,0,1,0,0.0000,,,,,FALSE
The Unbranded Brand,,,0,4,0,0.0000,,,,,FALSE
TheNap,,,0,20,0,0.0000,,,,,FALSE
Thea,,,0,1,0,0.0000,,,,,FALSE
Thealoz,,,0,2,0,0.0000,,,,,FALSE
Thermex,,,0,1,0,0.0000,,,,,FALSE
Thermos,1 home,21819 mariette buksti gram,0,1,0,0.0000,0.4570,0.3467,18.0000,72.8542,FALSE
Thibaut,,,0,1,0,0.0000,,,,,FALSE
Tiger Balm,,,0,1,0,0.0000,,,,,FALSE
Tommee Tippee,,,0,2,0,0.0000,,,,,FALSE
Toppik,,,0,1,0,0.0000,,,,,FALSE
Torriden,,,0,1,0,0.0000,,,,,FALSE
Trendcarpet,,,0,4,0,0.0000,,,,,FALSE
Tretorn,3 mens,,0,6,0,0.0000,0.4276,0.4276,1.0000,70.0500,FALSE
Triol,,,0,1,0,0.0000,,,,,FALSE
Trip Trap,,,0,1,0,0.0000,,,,,FALSE
Tristar,,,0,1,0,0.0000,,,,,FALSE
True North,,,0,5,0,0.0000,,,,,FALSE
Trump,,,0,1,0,0.0000,,,,,FALSE
Tunturi,,,0,1,0,0.0000,,,,,FALSE
Twistshake,,,0,3,0,0.0000,,,,,FALSE
U-Care,,,0,1,0,0.0000,,,,,FALSE
UNIPRODO,,,0,1,0,0.0000,,,,,FALSE
UNIQ,,,0,1,0,0.0000,,,,,FALSE
UNIQLO,,,0,5,0,0.0000,,,,,FALSE
Ultra Clean,,,0,1,0,0.0000,,,,,FALSE
Umberto Giannini,,,0,1,0,0.0000,,,,,FALSE
Unikalk,,,0,6,0,0.0000,,,,,FALSE
United Scientific,,,0,1,0,0.0000,,,,,FALSE
Urban Outfitters,,,0,1,0,0.0000,,,,,FALSE
Urberg,,,0,4,0,0.0000,,,,,FALSE
Urtegaarden,,,0,7,0,0.0000,,,,,FALSE
Urtekram,,,0,1,0,0.0000,,,,,FALSE
V-TAC,,,0,1,0,0.0000,,,,,FALSE
VILA,5 women,,0,4,0,0.0000,0.4152,0.3377,41.0000,86.0221,FALSE
Vagabond Shoemakers,,,0,3,0,0.0000,,,,,FALSE
Val Med,,,0,9,0,0.0000,,,,,FALSE
Veet,,,0,4,0,0.0000,,,,,FALSE
Venderby's,,,0,1,0,0.0000,,,,,FALSE
Veneta,,,0,1,0,0.0000,,,,,FALSE
Venilia,,,0,1,0,0.0000,,,,,FALSE
ViSSEVASSE,1 home,,0,1,0,0.0000,,,,100.0000,FALSE
Viamaja,,,0,34,0,0.0000,,,,,FALSE
Vichy,,,0,5,0,0.0000,,,,,FALSE
Vicks,,,0,1,0,0.0000,,,,,FALSE
Vileda,,,0,3,0,0.0000,,,,,FALSE
Vincent Longo,,,0,1,0,0.0000,,,,,FALSE
Vit,,,0,1,0,0.0000,,,,,FALSE
Vita Yummy,,,0,1,0,0.0000,,,,,FALSE
VitaCare,,,0,1,0,0.0000,,,,,FALSE
Vitabalans,,,0,1,0,0.0000,,,,,FALSE
Vitacreme B12,,,0,1,0,0.0000,,,,,FALSE
VitaePro,,,0,1,0,0.0000,,,,,FALSE
Vitavia,,,0,1,0,0.0000,,,,,FALSE
Vitility,,,0,1,0,0.0000,,,,,FALSE
Vivita™,,,0,1,0,0.0000,,,,,FALSE
Voksi,,,0,6,0,0.0000,,,,,FALSE
Vortex Racing,,,0,1,0,0.0000,,,,,FALSE
WORX,,,0,6,0,0.0000,,,,,FALSE
Wahl,1 home,21819 mariette buksti gram,0,1,0,0.0000,0.7211,0.6472,23.0000,62.0492,FALSE
Wasco,,,0,14,0,0.0000,,,,,FALSE
Watery,,,0,1,0,0.0000,,,,,FALSE
Wattson,,,0,2,0,0.0000,,,,,FALSE
Weber,,,0,2,0,0.0000,,,,,FALSE
Weekday,,,0,9,0,0.0000,,,,,FALSE
Weiber,,,0,1,0,0.0000,,,,,FALSE
WeightWorld,,,0,17,0,0.0000,,,,,FALSE
Wellvita,,,0,1,0,0.0000,,,,,FALSE
Wera,,,0,1,0,0.0000,,,,,FALSE
Whirlpool,,,0,1,0,0.0000,,,,,FALSE
Whistler,3 mens,,0,3,0,0.0000,0.6171,0.5695,6.0000,69.6671,FALSE
Widmann,,,0,2,0,0.0000,,,,,FALSE
Wilbers,,,0,1,0,0.0000,,,,,FALSE
Wild,,,0,1,0,0.0000,,,,,FALSE
Winther Studio,,,0,1,0,0.0000,,,,,FALSE
Wispy,,,0,2,0,0.0000,,,,,FALSE
Withings,,,0,1,0,0.0000,,,,,FALSE
Xiaomi,,,0,1,0,0.0000,,,,,FALSE
Xocolatl,11 food,61164 jacob bøgeholdt nielsen,0,1,0,0.0000,0.1414,0.1291,8.0000,93.2155,FALSE
Y.A.S,5 women,25070 adam massigeh,0,1,0,0.0000,0.5291,0.3365,56.0000,92.1660,FALSE
YETI,,,0,1,0,0.0000,,,,,FALSE
Yeelight,,,0,1,0,0.0000,,,,,FALSE
Yes,,,0,2,0,0.0000,,,,,FALSE
Youngblood,,,0,1,0,0.0000,,,,,FALSE
Yuaia Haircare,,,0,15,0,0.0000,,,,,FALSE
Yummii Yummii,,,0,1,0,0.0000,,,,,FALSE
ZTE,,,0,1,0,0.0000,,,,,FALSE
Zeller Present,,,0,1,0,0.0000,,,,,FALSE
Zig Zag,,,0,7,0,0.0000,,,,,FALSE
Zone Perfect,,,0,1,0,0.0000,,,,,FALSE
Zwitscherbox,,,0,1,0,0.0000,,,,,FALSE
aida,,,0,6,0,0.0000,,,,,FALSE
arena,3 mens,20415 lotte skovaa,0,2,0,0.0000,0.8656,0.7496,17.0000,85.9786,FALSE
benuta,,,0,3,0,0.0000,,,,,FALSE
buchan,,,0,2,0,0.0000,,,,,FALSE
d-c-fix,,,0,2,0,0.0000,,,,,FALSE
e-skilte,,,0,1,0,0.0000,,,,,FALSE
e.l.f.,,,0,3,0,0.0000,,,,,FALSE
edding,,,0,1,0,0.0000,,,,,FALSE
essence,,,0,3,0,0.0000,,,,,FALSE
fati,,,0,1,0,0.0000,,,,,FALSE
formoline,,,0,4,0,0.0000,,,,,FALSE
haruharu Wonder USA Official,,,0,1,0,0.0000,,,,,FALSE
hylo,,,0,5,0,0.0000,,,,,FALSE
iRobot,1 home,21819 mariette buksti gram,0,1,0,0.0000,0.5752,0.5752,1.0000,63.4853,FALSE
iets frans...,,,0,1,0,0.0000,,,,,FALSE
invisibobble,,,0,1,0,0.0000,,,,,FALSE
kraes,,,0,2,0,0.0000,,,,,FALSE
love & divine,5 women,25070 adam massigeh,0,1,0,0.0000,0.2004,0.0040,139.0000,125.5883,FALSE
mama;licious,6 lingerie,,0,2,0,0.0000,0.5527,0.4941,19.0000,71.7380,FALSE
next,,,0,5,0,0.0000,,,,,FALSE
noname,,,0,1,0,0.0000,,,,,FALSE
numoco,,,0,1,0,0.0000,,,,,FALSE
prev,,,0,1,0,0.0000,,,,,FALSE
proSan,,,0,1,0,0.0000,,,,,FALSE
reer,,,0,1,0,0.0000,,,,,FALSE
satana,,,0,3,0,0.0000,,,,,FALSE
stylpro,,,0,1,0,0.0000,,,,,FALSE
tesa,,,0,1,0,0.0000,,,,,FALSE
vidaXL,,,0,3,0,0.0000,,,,,FALSE
wasco clean,,,0,2,0,0.0000,,,,,FALSE
!solid,3 mens,20415 lotte skovaa,0,0,0,,0.5413,0.3889,131.0000,96.1669,FALSE
&klevering,1 home,,0,0,0,,0.0392,0.0216,3.0000,103.5874,FALSE
111 skin,8 cosmetics,21819 mariette buksti gram,0,0,0,,0.4354,0.5818,3.0000,109.3365,FALSE
24bottles,1 home,21819 mariette buksti gram,0,0,0,,0.3902,0.4245,52.0000,77.3140,FALSE
2ndday,5 women,25070 adam massigeh,0,0,0,,0.6000,0.5414,3.0000,204.8931,FALSE
2xu,3 mens,,0,0,0,,0.8431,0.8431,2.0000,54.2883,FALSE
3-2-6,2 kids,20415 lotte skovaa,0,0,0,,0.2868,0.2501,25.0000,84.3017,FALSE
4-girlz,2 kids,20415 lotte skovaa,0,0,0,,0.4016,0.3848,51.0000,77.9957,FALSE
4-kids,2 kids,20415 lotte skovaa,0,0,0,,0.3907,0.3270,5.0000,73.0424,FALSE
47 brand,3 mens,,0,0,0,,0.3902,0.4403,27.0000,75.4931,FALSE
5 surprices,2 kids,,0,0,0,,0.0699,0.0699,2.0000,93.4900,FALSE
7 days active,5 women,25070 adam massigeh,0,0,0,,0.4958,0.4294,24.0000,94.3347,FALSE
7am,2 kids,,0,0,0,,,,,115.8410,FALSE
A beautiful story,7 w access,20415 lotte skovaa,0,0,0,,,,,138.0775,FALSE
A-view,5 women,25070 adam massigeh,0,0,0,,0.3532,0.3333,119.0000,90.3870,FALSE
Aarke kitchenware,1 home,21819 mariette buksti gram,0,0,0,,0.1444,0.0577,32.0000,89.6311,FALSE
Abercrombie & fitch,8 cosmetics,,0,0,0,,1.3055,1.2447,60.0000,51.3859,FALSE
Abib,8 cosmetics,,0,0,0,,0.7959,0.8631,4.0000,56.4574,FALSE
Acqua di parma,8 cosmetics,21819 mariette buksti gram,0,0,0,,0.6716,0.7309,45.0000,64.9785,FALSE
Actiivate,3 mens,20415 lotte skovaa,0,0,0,,0.5587,0.5587,1.0000,129.3907,FALSE
Adidas originals,7 w access,25070 adam massigeh,0,0,0,,0.5004,0.4286,53.0000,75.8069,FALSE
Adopt me,2 kids,20415 lotte skovaa,0,0,0,,0.1707,0.1707,1.0000,129.7377,FALSE
Aerin,8 cosmetics,21819 mariette buksti gram,0,0,0,,0.2847,0.0002,15.0000,93.7476,FALSE
Aerolatte,1 home,,0,0,0,,0.7420,0.7420,1.0000,57.4038,FALSE
Aeropress,1 home,,0,0,0,,0.2449,0.2119,12.0000,86.6547,FALSE
Aesop,8 cosmetics,21819 mariette buksti gram,0,0,0,,0.2720,0.1938,143.0000,83.6252,FALSE
Aestura,8 cosmetics,,0,0,1,,0.5316,0.1583,3.0000,85.4775,FALSE
Aima sense,8 cosmetics,75404 jonas linding berg,0,0,0,,0.1695,0.1695,1.0000,95.1691,FALSE
Airbox,3 mens,,0,0,0,,0.2932,0.2755,12.0000,85.4557,FALSE
Airbrush plush,2 kids,,0,0,0,,0.5948,0.4932,3.0000,64.5511,FALSE
Airshoot,2 kids,20415 lotte skovaa,0,0,0,,0.3842,0.3842,2.0000,72.2455,FALSE
Alaïa vintage,7 w access,,0,0,0,,,,,,FALSE
Albaline,1 home,,0,0,0,,0.4945,0.4945,2.0000,73.1504,FALSE
Aldo,7 w access,,0,0,0,,0.5453,0.4748,18.0000,67.9898,FALSE
Alexander mcqueen vintage,7 w access,,0,0,0,,,,,,FALSE
Alfi,1 home,21819 mariette buksti gram,0,0,0,,0.5257,0.2560,15.0000,71.3337,FALSE
Alga spil,2 kids,,0,0,0,,0.8176,0.8176,1.0000,55.0172,FALSE
Alis,3 mens,,0,0,0,,0.2577,0.0025,9.0000,100.4276,FALSE
Allmatters,8 cosmetics,75404 jonas linding berg,0,0,0,,0.8377,0.6433,28.0000,57.9898,FALSE
Almuegaarden,11 food,61164 jacob bøgeholdt nielsen,0,0,0,,0.2275,0.2564,25.0000,91.3443,FALSE
Alpha-h,8 cosmetics,,0,0,0,,0.5000,0.5000,1.0000,66.6667,FALSE
Alziari,11 food,,0,0,0,,0.4350,0.4350,2.0000,74.3668,FALSE
Alûstre,8 cosmetics,21819 mariette buksti gram,0,0,0,,1.5816,1.0100,4.0000,54.5824,FALSE
Amanda christensen,3 mens,20415 lotte skovaa,0,0,0,,0.3818,0.2913,34.0000,89.2326,FALSE
Amazing space,8 cosmetics,,0,0,0,,,,,100.0000,FALSE
American tourister,3 mens,20415 lotte skovaa,0,0,0,,0.7486,0.7329,12.0000,57.4425,FALSE
American vintage,5 women,25070 adam massigeh,0,0,0,,0.3787,0.2140,55.0000,96.4070,FALSE
Amika,8 cosmetics,21819 mariette buksti gram,0,0,0,,0.6640,0.7400,32.0000,61.9326,FALSE
Amouage,8 cosmetics,21819 mariette buksti gram,0,0,0,,0.2409,0.1540,28.0000,84.3165,FALSE
Amust,7 w access,,0,0,0,,,,,333.6366,FALSE
Anastasia beverly hills,8 cosmetics,21819 mariette buksti gram,0,0,0,,0.4345,0.3602,207.0000,74.4628,FALSE
Anine bing,5 women,,0,0,0,,0.2428,0.0715,23.0000,97.9658,FALSE
Anna von lipa,1 home,21819 mariette buksti gram,0,0,0,,,,,,FALSE
Anna+nina,1 home,,0,0,0,,,,,,FALSE
Annarr,3 mens,20415 lotte skovaa,0,0,0,,0.7917,0.6667,4.0000,102.0000,FALSE
Anonymous copenhagen,7 w access,25070 adam massigeh,0,0,0,,0.5751,0.4835,4.0000,95.5542,FALSE
Anysharp,1 home,21819 mariette buksti gram,0,0,0,,0.8653,0.8653,1.0000,53.6107,FALSE
Aplb,8 cosmetics,,0,0,0,,0.7576,0.7534,4.0000,57.0640,FALSE
Aqua sphere,3 mens,,0,0,0,,,,,139.9853,FALSE
Aramis,8 cosmetics,,0,0,0,,1.0917,0.5074,10.0000,68.4648,FALSE
Architectmade,1 home,21819 mariette buksti gram,0,0,0,,0.3391,0.2609,20.0000,83.3056,FALSE
Arctic,1 home,,0,0,0,,0.2506,0.2506,1.0000,79.9599,FALSE
Arkk copenhagen,3 mens,,0,0,0,,0.3484,0.1987,29.0000,88.3529,FALSE
Armani exchange,7 w access,,0,0,0,,0.8672,0.8672,2.0000,53.5954,FALSE
Arne jacobsen clocks,1 home,21819 mariette buksti gram,0,0,0,,0.7353,0.7035,19.0000,57.9296,FALSE
Aros danmark,7 w access,20415 lotte skovaa,0,0,0,,1.7980,1.7980,1.0000,81.1460,FALSE
Artkids,2 kids,20415 lotte skovaa,0,0,0,,0.3140,0.2772,16.0000,89.8003,FALSE
Asivik,3 mens,20415 lotte skovaa,0,0,0,,0.9162,0.9999,17.0000,95.3094,FALSE
Atelier des ors,8 cosmetics,21819 mariette buksti gram,0,0,0,,0.5284,0.3998,26.0000,70.0122,FALSE
Atelier materi,8 cosmetics,21819 mariette buksti gram,0,0,0,,0.0179,0.0095,10.0000,100.0776,FALSE
Atelier rêve,5 women,25070 adam massigeh,0,0,0,,0.4574,0.4924,25.0000,93.7622,FALSE
Atkinsons,8 cosmetics,21819 mariette buksti gram,0,0,0,,0.6587,0.7216,15.0000,64.2961,FALSE
Atp atelier,7 w access,,0,0,0,,0.1088,0.0577,17.0000,93.5528,FALSE
Au maison,1 home,21819 mariette buksti gram,0,0,0,,0.2127,0.2127,2.0000,123.0255,FALSE
Aubade,6 lingerie,20415 lotte skovaa,0,0,0,,0.4269,0.3333,25.0000,99.7488,FALSE
Audo copenhagen,1 home,21819 mariette buksti gram,0,0,0,,0.5381,0.3495,16.0000,70.4844,FALSE
Augustinus bader,8 cosmetics,21819 mariette buksti gram,0,0,0,,0.2054,0.2438,66.0000,84.7552,FALSE
Australian gold,8 cosmetics,,0,0,0,,0.8218,0.8571,57.0000,57.7786,FALSE
Authentic beauty concept,8 cosmetics,,0,0,0,,0.0772,0.0772,1.0000,98.2092,FALSE
Autry,3 mens,,0,0,0,,0.0381,0.0350,3.0000,97.2647,FALSE
Auzou,2 kids,20415 lotte skovaa,0,0,0,,0.2266,0.2504,27.0000,82.5539,FALSE
Aveda,8 cosmetics,,0,0,0,,0.5963,0.5912,132.0000,64.9455,FALSE
Avengers,2 kids,20415 lotte skovaa,0,0,0,,0.9018,0.9799,3.0000,54.2903,FALSE
Avolt,1 home,,0,0,0,,0.2651,0.2681,34.0000,82.8425,FALSE
Aware,5 women,25070 adam massigeh,0,0,0,,0.7005,0.6670,26.0000,123.5879,FALSE
Axis-y,8 cosmetics,21819 mariette buksti gram,0,0,0,,1.9089,1.7334,16.0000,36.5500,FALSE
Ay studios,3 mens,20415 lotte skovaa,0,0,0,,0.4233,0.2500,29.0000,82.4572,FALSE
Aya & ida,1 home,,0,0,0,,0.5825,0.6077,38.0000,65.0238,FALSE
Aytm,1 home,,0,0,0,,0.5211,0.5211,1.0000,86.3950,FALSE
Ayu,8 cosmetics,21819 mariette buksti gram,0,0,0,,0.4280,0.2500,16.0000,74.5127,FALSE
Ayunche,8 cosmetics,,0,0,0,,1.0355,0.8378,8.0000,54.1078,FALSE
B beez,2 kids,20415 lotte skovaa,0,0,0,,0.3333,0.3419,25.0000,86.6614,FALSE
BY TERRY,8 cosmetics,21819 mariette buksti gram,0,0,1,,0.5769,0.4821,136.0000,69.3047,FALSE
Ba&sh,5 women,25070 adam massigeh,0,0,0,,0.2978,0.3458,12.0000,79.6562,FALSE
Babolat,3 mens,20415 lotte skovaa,0,0,0,,0.6942,0.6617,6.0000,60.9725,FALSE
Babor,8 cosmetics,21819 mariette buksti gram,0,0,0,,0.6404,0.6912,103.0000,64.0660,FALSE
Baby born,2 kids,20415 lotte skovaa,0,0,0,,0.7256,0.6272,19.0000,59.2981,FALSE
Baby buddy,2 kids,20415 lotte skovaa,0,0,0,,0.3699,0.3111,23.0000,75.3006,FALSE
Badeanstalten,8 cosmetics,21819 mariette buksti gram,0,0,0,,0.5333,0.5042,49.0000,66.4499,FALSE
Bagsværd lakrids,11 food,61164 jacob bøgeholdt nielsen,0,0,0,,0.2004,0.1842,22.0000,86.1440,FALSE
Baldessarini,3 mens,20415 lotte skovaa,0,0,0,,,,,148.8083,FALSE
Balenciaga vintage,7 w access,,0,0,0,,0.2469,0.2469,1.0000,167.3201,FALSE
Bali body,8 cosmetics,21819 mariette buksti gram,0,0,0,,0.9664,0.5975,6.0000,86.0582,FALSE
Balmain,8 cosmetics,,0,0,0,,0.0303,0.0002,28.0000,98.1694,FALSE
Bamix,1 home,21819 mariette buksti gram,0,0,0,,0.3173,0.2707,5.0000,79.0765,FALSE
Banana moon,6 lingerie,20415 lotte skovaa,0,0,0,,1.2279,1.2347,3.0000,44.8865,FALSE
Bang & olufsen,1 home,21819 mariette buksti gram,0,0,0,,0.3646,0.2169,19.0000,85.0212,FALSE
Baratza,1 home,21819 mariette buksti gram,0,0,0,,0.1830,0.1867,4.0000,84.7606,FALSE
Barbie,2 kids,20415 lotte skovaa,0,0,0,,0.8611,0.7749,65.0000,56.1511,FALSE
Bareminerals,8 cosmetics,21819 mariette buksti gram,0,0,0,,0.6884,0.4644,351.0000,66.7660,FALSE
Barfod,3 mens,20415 lotte skovaa,0,0,0,,,,,,FALSE
Barista,1 home,21819 mariette buksti gram,0,0,0,,0.5702,0.5702,1.0000,63.6856,FALSE
Barons,3 mens,20415 lotte skovaa,0,0,0,,,,,,FALSE
Barú,11 food,61164 jacob bøgeholdt nielsen,0,0,0,,0.0801,0.0677,8.0000,92.6968,FALSE
Baserange,5 women,25070 adam massigeh,0,0,0,,,,,,FALSE
Bastian,1 home,21819 mariette buksti gram,0,0,0,,0.7206,0.6469,45.0000,63.5219,FALSE
Batiste,8 cosmetics,21819 mariette buksti gram,0,0,0,,0.3516,0.3980,13.0000,74.4140,FALSE
Batman,2 kids,20415 lotte skovaa,0,0,0,,0.7884,0.7553,6.0000,56.7690,FALSE
Baum und pferdgarten,5 women,25070 adam massigeh,0,0,0,,0.3763,0.2500,62.0000,96.8466,FALSE
Bdk,8 cosmetics,21819 mariette buksti gram,0,0,0,,0.3477,0.2771,43.0000,82.5024,FALSE
Beast,1 home,,0,0,0,,0.0784,0.0619,13.0000,93.0572,FALSE
Beauty blender,8 cosmetics,21819 mariette buksti gram,0,0,0,,0.6897,0.5949,4.0000,69.8118,FALSE
Bechristensen,7 w access,20415 lotte skovaa,0,0,0,,0.3112,0.2626,3.0000,95.5165,FALSE
Beckmann of norway,2 kids,20415 lotte skovaa,0,0,0,,0.4193,0.3363,40.0000,90.8324,FALSE
Beesafe,3 mens,,0,0,0,,0.1900,0.1900,2.0000,84.1807,FALSE
Belif,8 cosmetics,21819 mariette buksti gram,0,0,0,,0.4323,0.4472,5.0000,111.3199,FALSE
Bella ballou,7 w access,25070 adam massigeh,0,0,0,,0.8758,0.6667,9.0000,87.9607,FALSE
Benefit cosmetics,8 cosmetics,21819 mariette buksti gram,0,0,0,,0.5851,0.4030,252.0000,74.0792,FALSE
Benriner,1 home,21819 mariette buksti gram,0,0,0,,0.5412,0.5730,4.0000,72.1276,FALSE
Bergs potter,1 home,,0,0,0,,0.3760,0.2598,19.0000,83.0498,FALSE
Betty & co,5 women,25070 adam massigeh,0,0,0,,0.1765,0.1765,1.0000,96.2500,FALSE
Betty barclay,5 women,25070 adam massigeh,0,0,0,,0.2798,0.1765,12.0000,105.2210,FALSE
Bezzer wizzer,2 kids,,0,0,0,,4.7990,4.7990,1.0000,17.2444,FALSE
Bibilou,7 w access,25070 adam massigeh,0,0,0,,,,,,FALSE
Biird,8 cosmetics,75404 jonas linding berg,0,0,0,,,,,116.7318,FALSE
Bijoux indiscrets,8 cosmetics,,0,0,0,,0.3400,0.3339,3.0000,94.8448,FALSE
Billie eilish,8 cosmetics,21819 mariette buksti gram,0,0,0,,0.7092,0.5688,14.0000,66.0018,FALSE
Bio plastic,2 kids,,0,0,0,,0.4634,0.5324,4.0000,68.8744,FALSE
Biodance,8 cosmetics,21819 mariette buksti gram,0,0,0,,1.2201,0.8005,14.0000,51.4556,FALSE
Bioeffect,8 cosmetics,21819 mariette buksti gram,0,0,0,,0.4363,0.3657,21.0000,71.2788,FALSE
Birdie,1 home,,0,0,0,,0.1690,0.2500,3.0000,89.8275,FALSE
Bisou,3 mens,20415 lotte skovaa,0,0,0,,0.0024,0.0029,12.0000,108.0464,FALSE
Bitte kai rand,5 women,25070 adam massigeh,0,0,0,,1.7778,2.3333,9.0000,98.7144,FALSE
Björn axén,8 cosmetics,21819 mariette buksti gram,0,0,0,,0.4640,0.2500,3.0000,70.9524,FALSE
Bjørn wiinblad,1 home,21819 mariette buksti gram,0,0,0,,0.5291,0.4416,28.0000,75.9698,FALSE
Blanche,5 women,25070 adam massigeh,0,0,0,,,,,,FALSE
Blend,3 mens,20415 lotte skovaa,0,0,0,,0.5828,0.5343,134.0000,79.8247,FALSE
Blendtec,1 home,21819 mariette buksti gram,0,0,0,,0.3223,0.2882,3.0000,75.9318,FALSE
Blid,8 cosmetics,21819 mariette buksti gram,0,0,0,,,,,100.0000,FALSE
Blomsterberg,1 home,21819 mariette buksti gram,0,0,0,,0.5020,0.4277,96.0000,70.3560,FALSE
Blomus,1 home,21819 mariette buksti gram,0,0,0,,0.3849,0.3441,313.0000,78.7267,FALSE
Bluey,2 kids,20415 lotte skovaa,0,0,0,,0.5146,0.4352,25.0000,67.1909,FALSE
Bobbi brown,8 cosmetics,21819 mariette buksti gram,0,0,0,,0.4888,0.3688,427.0000,71.9911,FALSE
Bon dep,7 w access,25070 adam massigeh,0,0,0,,0.2625,0.2211,13.0000,91.3496,FALSE
Bon parfumeur,8 cosmetics,21819 mariette buksti gram,0,0,0,,0.6932,0.2250,21.0000,80.0640,FALSE
Boners,8 cosmetics,75404 jonas linding berg,0,0,0,,0.7154,0.4040,7.0000,73.3947,FALSE
Born to stand out,8 cosmetics,21819 mariette buksti gram,0,0,0,,0.2574,0.1031,29.0000,86.0273,FALSE
Boss,3 mens,20415 lotte skovaa,0,0,0,,0.6540,0.5393,368.0000,87.2435,FALSE
Bosswik,7 w access,25070 adam massigeh,0,0,0,,0.1433,0.1433,1.0000,139.1646,FALSE
Botané,1 home,21819 mariette buksti gram,0,0,0,,0.0791,0.0228,11.0000,102.0516,FALSE
Bottega veneta vintage,7 w access,,0,0,0,,1151.0472,1335.7140,5.0000,40.6343,FALSE
Bouche bée,8 cosmetics,75404 jonas linding berg,0,0,0,,,,,,FALSE
Box the original,11 food,61164 jacob bøgeholdt nielsen,0,0,0,,0.1290,0.1217,18.0000,88.7253,FALSE
Brabantia,1 home,21819 mariette buksti gram,0,0,0,,0.4147,0.3335,69.0000,79.1687,FALSE
Braun oral-b,1 home,21819 mariette buksti gram,0,0,0,,0.6004,0.6004,2.0000,82.3846,FALSE
Brax,3 mens,25070 adam massigeh,0,0,0,,0.2865,0.2500,11.0000,131.2641,FALSE
Bread & boxers,3 mens,20415 lotte skovaa,0,0,0,,0.6349,0.6349,2.0000,89.0977,FALSE
Bredemeijer,1 home,21819 mariette buksti gram,0,0,0,,0.7828,0.7475,10.0000,57.1014,FALSE
Brio,2 kids,20415 lotte skovaa,0,0,0,,0.8487,0.8126,33.0000,55.0890,FALSE
Briogeo,8 cosmetics,21819 mariette buksti gram,0,0,0,,0.2861,0.2134,17.0000,82.8877,FALSE
Brita,1 home,21819 mariette buksti gram,0,0,0,,0.4994,0.5010,12.0000,68.6388,FALSE
Brooks sports,3 mens,,0,0,0,,0.3644,0.3276,28.0000,78.0798,FALSE
Broste copenhagen,1 home,21819 mariette buksti gram,0,0,0,,0.2486,0.1312,10.0000,142.2370,FALSE
Brunello cucinelli,8 cosmetics,,0,0,0,,,,,100.0000,FALSE
Brunobruno nation,2 kids,,0,0,0,,0.1946,0.2501,3.0000,84.9913,FALSE
Bruun & stengade,3 mens,20415 lotte skovaa,0,0,0,,0.4883,0.3333,70.0000,95.8055,FALSE
Bruuns bazaar,5 women,25070 adam massigeh,0,0,0,,0.5774,0.4302,75.0000,78.9756,FALSE
Buddy,2 kids,20415 lotte skovaa,0,0,0,,0.5854,0.4999,516.0000,70.8899,FALSE
Buddy wood,2 kids,20415 lotte skovaa,0,0,0,,0.3170,0.2501,3.0000,84.2992,FALSE
Buff,3 mens,20415 lotte skovaa,0,0,0,,0.8065,0.8326,48.0000,61.2100,FALSE
Bugatti,3 mens,25070 adam massigeh,0,0,0,,0.4005,0.2727,9.0000,103.8484,FALSE
Bull,2 kids,20415 lotte skovaa,0,0,0,,0.3837,0.3419,7.0000,78.7457,FALSE
Bulldog,8 cosmetics,21819 mariette buksti gram,0,0,0,,1.0435,0.8832,18.0000,51.5320,FALSE
Bullpadel,3 mens,,0,0,0,,,,,100.0000,FALSE
Bumble and bumble,8 cosmetics,21819 mariette buksti gram,0,0,0,,0.7992,0.8109,73.0000,56.5257,FALSE
Bungalow,1 home,21819 mariette buksti gram,0,0,0,,0.0143,0.0112,6.0000,109.4296,FALSE
Bunmei,1 home,,0,0,0,,1.5228,1.2921,7.0000,41.1052,FALSE
Burberry vintage,7 w access,,0,0,0,,0.5659,0.4948,4.0000,101.1555,FALSE
Bvlgari vintage,7 w access,,0,0,0,,,,,,FALSE
By astrup,2 kids,20415 lotte skovaa,0,0,0,,0.6773,0.5269,16.0000,65.6772,FALSE
By garment makers,3 mens,20415 lotte skovaa,0,0,0,,2.3464,2.3464,1.0000,29.8831,FALSE
By malene birger,5 women,25070 adam massigeh,0,0,0,,0.4016,0.2500,151.0000,84.7057,FALSE
By mogensen,1 home,21819 mariette buksti gram,0,0,0,,0.7436,0.4153,9.0000,63.1335,FALSE
Bybiehl,7 w access,20415 lotte skovaa,0,0,0,,0.7646,0.6962,108.0000,65.9427,FALSE
Byoma,8 cosmetics,21819 mariette buksti gram,0,0,0,,,,,105.2617,FALSE
Byon,1 home,21819 mariette buksti gram,0,0,0,,0.5012,0.4309,143.0000,69.5898,FALSE
Byredo,8 cosmetics,21819 mariette buksti gram,0,0,0,,0.3020,0.2456,87.0000,87.3069,FALSE
Bøger,1 home,21819 mariette buksti gram,0,0,0,,0.5544,0.3686,44.0000,86.1186,FALSE
Cafetto,1 home,21819 mariette buksti gram,0,0,0,,1.6594,1.6594,2.0000,49.1888,FALSE
Calida,6 lingerie,20415 lotte skovaa,0,0,0,,0.3182,0.2500,11.0000,95.1249,FALSE
California,2 kids,20415 lotte skovaa,0,0,0,,0.4224,0.4434,30.0000,76.8240,FALSE
Cam cam copenhagen,2 kids,20415 lotte skovaa,0,0,0,,,,,,FALSE
Camel active,5 women,20415 lotte skovaa,0,0,0,,0.3848,0.3288,26.0000,97.8541,FALSE
Camille brinch jewellery,7 w access,20415 lotte skovaa,0,0,0,,0.2516,0.2500,34.0000,90.5775,FALSE
Camper,2 kids,,0,0,0,,0.2642,0.2773,20.0000,94.2175,FALSE
Cannari concept,5 women,25070 adam massigeh,0,0,0,,2.3333,2.3333,1.0000,30.0000,FALSE
Capionium,11 food,61164 jacob bøgeholdt nielsen,0,0,0,,0.1067,0.1067,1.0000,90.3614,FALSE
Captena,7 w access,20415 lotte skovaa,0,0,0,,1.3742,1.5152,3.0000,42.4364,FALSE
Cardume conservas,11 food,,0,0,0,,1.1178,1.1178,1.0000,47.2182,FALSE
Carioca,2 kids,20415 lotte skovaa,0,0,0,,0.3162,0.3335,5.0000,80.5815,FALSE
Carite,3 mens,20415 lotte skovaa,0,0,0,,0.3659,0.2633,6.0000,166.7324,FALSE
Carl pique,7 w access,20415 lotte skovaa,0,0,0,,0.7059,0.5013,15.0000,62.0308,FALSE
Carroten,8 cosmetics,21819 mariette buksti gram,0,0,0,,1.0341,1.0101,35.0000,50.0680,FALSE
Cars,2 kids,,0,0,0,,0.5862,0.5242,3.0000,64.4821,FALSE
Cartel copenhagen,6 lingerie,20415 lotte skovaa,0,0,0,,0.5614,0.4286,49.0000,97.0194,FALSE
Cartier vintage,7 w access,,0,0,0,,,,,,FALSE
Casafina,1 home,21819 mariette buksti gram,0,0,0,,0.2468,0.2001,27.0000,88.1423,FALSE
Casall,3 mens,20415 lotte skovaa,0,0,0,,0.7355,0.6500,121.0000,69.1155,FALSE
Casamorati,8 cosmetics,,0,0,0,,0.5708,0.4956,16.0000,67.3492,FALSE
Cashott,7 w access,25070 adam massigeh,0,0,0,,0.1472,0.1111,22.0000,96.7518,FALSE
Casio,7 w access,,0,0,0,,0.5882,0.5882,1.0000,62.9630,FALSE
Casual friday,3 mens,20415 lotte skovaa,0,0,0,,0.4442,0.3332,65.0000,125.0674,FALSE
Cavetto,7 w access,20415 lotte skovaa,0,0,0,,1.4270,1.4937,6.0000,69.2270,FALSE
Ccdk,6 lingerie,20415 lotte skovaa,0,0,0,,0.5170,0.3344,18.0000,121.1327,FALSE
Ce la vie,2 kids,,0,0,0,,0.3471,0.3362,12.0000,87.4644,FALSE
Celine vintage,7 w access,,0,0,0,,0.3190,0.1601,3.0000,77.9510,FALSE
Cep,3 mens,20415 lotte skovaa,0,0,0,,0.3725,0.3822,12.0000,73.3466,FALSE
Cervera,11 food,,0,0,0,,,,,,FALSE
Cesar coast culture,3 mens,,0,0,0,,0.1406,0.1406,1.0000,104.6009,FALSE
Champion,3 mens,20415 lotte skovaa,0,0,0,,0.4633,0.3098,5.0000,98.4804,FALSE
Champo limited,8 cosmetics,21819 mariette buksti gram,0,0,0,,,,,,FALSE
Chanel vintage,7 w access,,0,0,0,,0.9245,0.6128,12.0000,75.1179,FALSE
Chantelle pulp,6 lingerie,20415 lotte skovaa,0,0,0,,0.4948,0.5040,10.0000,103.9404,FALSE
Chaplon,11 food,61164 jacob bøgeholdt nielsen,0,0,0,,0.1815,0.1204,6.0000,85.9838,FALSE
Chili klaus,11 food,,0,0,0,,0.0652,0.0652,1.0000,93.8824,FALSE
Chloé vintage,7 w access,,0,0,0,,0.7413,0.7413,1.0000,57.4287,FALSE
Christian berg,3 mens,20415 lotte skovaa,0,0,0,,,,,,FALSE
Christian louboutin vintage,7 w access,,0,0,0,,,,,,FALSE
Christophe robin,8 cosmetics,21819 mariette buksti gram,0,0,0,,0.5023,0.3743,19.0000,69.7902,FALSE
Cilio,1 home,21819 mariette buksti gram,0,0,0,,0.4378,0.3438,21.0000,71.3509,FALSE
Clarins,8 cosmetics,21819 mariette buksti gram,0,0,0,,0.4848,0.4840,348.0000,72.1253,FALSE
Clarks originals,7 w access,25070 adam massigeh,0,0,0,,0.6471,0.6529,38.0000,70.3677,FALSE
Clean cut copenhagen,3 mens,20415 lotte skovaa,0,0,0,,0.5950,0.5405,13.0000,106.6505,FALSE
Clive christian,8 cosmetics,21819 mariette buksti gram,0,0,0,,0.3045,0.3045,1.0000,76.6560,FALSE
Club petz,2 kids,20415 lotte skovaa,0,0,0,,1.6842,1.6842,1.0000,37.2547,FALSE
Cluizel,11 food,,0,0,0,,,,,,FALSE
Cmp,3 mens,,0,0,0,,0.8499,0.6667,3.0000,55.0403,FALSE
Coach,8 cosmetics,21819 mariette buksti gram,0,0,0,,1.2702,1.2712,56.0000,47.6183,FALSE
Coast,1 home,,0,0,0,,0.1179,0.1184,6.0000,101.8642,FALSE
Coccinelle,7 w access,25070 adam massigeh,0,0,0,,0.3213,0.1405,66.0000,81.5095,FALSE
Cocktail club,1 home,21819 mariette buksti gram,0,0,0,,1.1623,1.1473,11.0000,47.9455,FALSE
Coco & eve,8 cosmetics,21819 mariette buksti gram,0,0,0,,0.3609,0.5232,3.0000,109.5746,FALSE
Cocomelon,2 kids,20415 lotte skovaa,0,0,0,,0.1392,0.1392,2.0000,88.8695,FALSE
Cocoon company,2 kids,20415 lotte skovaa,0,0,0,,0.3261,0.3160,65.0000,77.6018,FALSE
Cocoture,11 food,,0,0,0,,0.1374,0.0256,3.0000,89.7619,FALSE
Collonil,7 w access,25070 adam massigeh,0,0,0,,0.1042,0.1111,28.0000,94.4212,FALSE
Colmar,3 mens,,0,0,0,,,,,,FALSE
Colorful standard,3 mens,20415 lotte skovaa,0,0,0,,0.7041,0.6620,43.0000,79.7109,FALSE
Columbia,3 mens,20415 lotte skovaa,0,0,0,,0.9146,0.9825,45.0000,70.4487,FALSE
Comandante,1 home,21819 mariette buksti gram,0,0,0,,0.0713,0.0598,8.0000,93.4446,FALSE
Comfort zone,8 cosmetics,21819 mariette buksti gram,0,0,0,,0.5185,0.5148,50.0000,69.4975,FALSE
Compagnie de provence,8 cosmetics,21819 mariette buksti gram,0,0,0,,0.5735,0.5000,51.0000,65.7175,FALSE
Cool maker,2 kids,,0,0,0,,0.2313,0.2313,1.0000,81.2162,FALSE
Coola,8 cosmetics,,0,0,0,,0.7707,0.6477,33.0000,59.0554,FALSE
Copenhagen colors,2 kids,20415 lotte skovaa,0,0,0,,0.4639,0.2500,82.0000,84.8758,FALSE
Copenhagen grooming,8 cosmetics,21819 mariette buksti gram,0,0,0,,0.4531,0.3343,24.0000,72.0306,FALSE
Copenhagen kids,2 kids,,0,0,0,,0.1842,0.1806,3.0000,88.4520,FALSE
Costa nova,1 home,21819 mariette buksti gram,0,0,0,,0.2848,0.3335,55.0000,83.8031,FALSE
Costbart,2 kids,20415 lotte skovaa,0,0,0,,1.8494,1.8494,1.0000,35.0946,FALSE
Cotopaxi,3 mens,,0,0,0,,2.0649,2.0649,1.0000,77.5423,FALSE
Cozy by julie zangenberg,7 w access,,0,0,0,,,,,,FALSE
Cr7,3 mens,20415 lotte skovaa,0,0,0,,0.6642,0.4663,13.0000,80.9385,FALSE
Craft,3 mens,20415 lotte skovaa,0,0,0,,0.6262,0.6185,491.0000,71.1156,FALSE
Cream,5 women,25070 adam massigeh,0,0,0,,0.3449,0.2500,93.0000,106.8982,FALSE
Creativ company,2 kids,20415 lotte skovaa,0,0,0,,0.4285,0.2660,460.0000,82.1544,FALSE
Creed,8 cosmetics,21819 mariette buksti gram,0,0,0,,0.2655,0.2326,99.0000,82.9505,FALSE
Crep protect,3 mens,25070 adam massigeh,0,0,0,,0.7964,0.6667,3.0000,56.8108,FALSE
Cruizr,8 cosmetics,,0,0,0,,0.0193,0.0193,1.0000,98.1096,FALSE
Crushgrind,1 home,21819 mariette buksti gram,0,0,0,,0.4876,0.3533,30.0000,70.6894,FALSE
Crème atelier,1 home,21819 mariette buksti gram,0,0,0,,0.2500,0.2500,2.0000,101.5564,FALSE
Currentbody skin,8 cosmetics,21819 mariette buksti gram,0,0,0,,0.6020,0.0847,18.0000,86.7499,FALSE
Curve lab,2 kids,,0,0,0,,0.2889,0.2500,17.0000,81.3248,FALSE
Custommade,5 women,,0,0,0,,,,,,FALSE
Cuties,8 cosmetics,,0,0,0,,0.1171,0.1171,4.0000,89.5197,FALSE
Daeng gi meo ri,8 cosmetics,,0,0,0,,0.5505,0.5505,1.0000,64.4970,FALSE
Daily7,2 kids,,0,0,0,,,,,,FALSE
Dalba,8 cosmetics,,0,0,0,,0.7360,0.6981,20.0000,59.4750,FALSE
Dame products,8 cosmetics,75404 jonas linding berg,0,0,0,,,,,102.5839,FALSE
Damson madder,5 women,,0,0,0,,0.3766,0.3889,5.0000,125.9725,FALSE
Danefæ,5 women,,0,0,0,,,,,,FALSE
Daniel wellington,7 w access,,0,0,0,,0.3098,0.3098,2.0000,76.3799,FALSE
Danspil,2 kids,20415 lotte skovaa,0,0,0,,0.6122,0.5388,17.0000,63.9362,FALSE
Dantoy,2 kids,,0,0,0,,0.6976,0.6573,4.0000,59.6127,FALSE
Darling,8 cosmetics,21819 mariette buksti gram,0,0,0,,0.1295,0.1124,21.0000,88.9749,FALSE
Darphin,8 cosmetics,21819 mariette buksti gram,0,0,0,,0.7403,0.8123,14.0000,63.8506,FALSE
David mallett,8 cosmetics,21819 mariette buksti gram,0,0,0,,0.5212,0.3514,19.0000,71.4849,FALSE
David rio,11 food,61164 jacob bøgeholdt nielsen,0,0,0,,0.4513,0.4626,5.0000,69.4651,FALSE
Day birger et mikkelsen,5 women,25070 adam massigeh,0,0,0,,0.6825,0.5385,24.0000,100.4376,FALSE
Dc super heroes,2 kids,20415 lotte skovaa,0,0,0,,0.5966,0.6151,4.0000,70.9778,FALSE
Debenhams,3 mens,,0,0,0,,0.2000,0.2000,2.0000,83.3333,FALSE
Decleor,8 cosmetics,,0,0,0,,0.1547,0.1575,10.0000,100.0660,FALSE
Decoy,6 lingerie,25070 adam massigeh,0,0,0,,0.6188,0.3559,81.0000,79.7781,FALSE
Decure,8 cosmetics,,0,0,0,,,,,100.0000,FALSE
Demeyere,1 home,21819 mariette buksti gram,0,0,0,,0.3657,0.3603,28.0000,73.6107,FALSE
Denham,3 mens,,0,0,0,,,,,,FALSE
Denim project,5 women,25070 adam massigeh,0,0,0,,,,,,FALSE
Design letters,1 home,,0,0,0,,2.3333,2.3333,1.0000,30.0000,FALSE
Designers remix,5 women,25070 adam massigeh,0,0,0,,0.4276,0.3580,4.0000,79.4807,FALSE
Desigual,5 women,,0,0,0,,,,,,FALSE
Devold,3 mens,20415 lotte skovaa,0,0,0,,0.5345,0.4244,30.0000,72.6696,FALSE
Dftp,1 home,21819 mariette buksti gram,0,0,0,,0.4100,0.3648,99.0000,75.0039,FALSE
Dico copenhagen,7 w access,,0,0,0,,0.0501,0.0010,7.0000,97.4767,FALSE
Diesel,5 women,25070 adam massigeh,0,0,0,,0.4815,0.4815,1.0000,289.3496,FALSE
Dino world,2 kids,20415 lotte skovaa,0,0,0,,0.4113,0.3782,4.0000,73.2193,FALSE
Dior vintage,7 w access,,0,0,0,,0.2037,0.2037,1.0000,104.0116,FALSE
Diptyque,8 cosmetics,21819 mariette buksti gram,0,0,0,,0.1687,0.1442,79.0000,97.2393,FALSE
Disney,2 kids,20415 lotte skovaa,0,0,0,,0.7243,0.6660,20.0000,60.5333,FALSE
Disney princess,2 kids,20415 lotte skovaa,0,0,0,,0.6180,0.5899,16.0000,62.5652,FALSE
Dissing,7 w access,20415 lotte skovaa,0,0,0,,1.0875,0.9970,41.0000,53.4522,FALSE
Ditur,7 w access,20415 lotte skovaa,0,0,0,,0.5192,0.5360,4.0000,83.2843,FALSE
Diverse spil,2 kids,20415 lotte skovaa,0,0,0,,0.7050,0.6190,40.0000,64.6280,FALSE
Dj band,2 kids,20415 lotte skovaa,0,0,0,,0.2876,0.1765,3.0000,84.6604,FALSE
Dockers,3 mens,20415 lotte skovaa,0,0,0,,0.5045,0.5045,1.0000,66.4665,FALSE
Doctor squish,2 kids,20415 lotte skovaa,0,0,0,,0.6985,0.6715,4.0000,60.0248,FALSE
Doiy,1 home,21819 mariette buksti gram,0,0,0,,0.3688,0.1133,8.0000,91.9323,FALSE
Dolce & Gabbana,8 cosmetics,21819 mariette buksti gram,0,0,1,,1.2362,1.2260,89.0000,48.4002,FALSE
Dolce & gabbana vintage,7 w access,,0,0,0,,,,,,FALSE
Donkey,1 home,21819 mariette buksti gram,0,0,0,,0.8473,0.5556,7.0000,79.1277,FALSE
Donna karan,8 cosmetics,21819 mariette buksti gram,0,0,0,,1.2079,1.3388,28.0000,53.1039,FALSE
Doré doré,3 mens,,0,0,0,,,,,,FALSE
Dr,2 kids,20415 lotte skovaa,0,0,0,,0.7066,0.5848,25.0000,61.1241,FALSE
Dr jart+,8 cosmetics,,0,0,0,,0.5143,0.4591,56.0000,70.5330,FALSE
Dr. barbara sturm,8 cosmetics,21819 mariette buksti gram,0,0,0,,0.1998,0.0672,3.0000,89.0972,FALSE
Dr. stine ankerstjerne,8 cosmetics,,0,0,0,,,,,100.0000,FALSE
Dr.melaxin,8 cosmetics,,0,0,0,,0.9555,0.9555,2.0000,51.1375,FALSE
Dragons,2 kids,20415 lotte skovaa,0,0,0,,1.7044,1.4125,10.0000,41.4410,FALSE
Drunk elephant,8 cosmetics,21819 mariette buksti gram,0,0,0,,0.0990,0.0533,26.0000,96.4151,FALSE
Dsquared2,8 cosmetics,21819 mariette buksti gram,0,0,0,,1.1437,0.9608,15.0000,48.3460,FALSE
Due signori,3 mens,20415 lotte skovaa,0,0,0,,0.7475,0.7475,1.0000,92.9497,FALSE
Duff beauty,8 cosmetics,21819 mariette buksti gram,0,0,0,,0.0614,0.0003,30.0000,97.1743,FALSE
Dungon wepons,2 kids,20415 lotte skovaa,0,0,0,,,,,100.0000,FALSE
Durex,8 cosmetics,75404 jonas linding berg,0,0,0,,0.4905,0.2209,3.0000,90.7077,FALSE
Dusita,8 cosmetics,,0,0,0,,0.0732,0.0542,8.0000,100.1212,FALSE
Dutchdeluxes,1 home,21819 mariette buksti gram,0,0,0,,0.3969,0.2500,53.0000,80.6691,FALSE
Dyrberg/kern,7 w access,20415 lotte skovaa,0,0,0,,0.6200,0.5248,3.0000,96.3818,FALSE
Eastpak,3 mens,,0,0,0,,0.4844,0.4310,91.0000,75.0576,FALSE
Easytoys,8 cosmetics,75404 jonas linding berg,0,0,0,,1.9407,1.7971,4.0000,35.6043,FALSE
Eat my socks,1 home,21819 mariette buksti gram,0,0,0,,0.4854,0.1996,15.0000,87.5207,FALSE
Edwin,3 mens,20415 lotte skovaa,0,0,0,,0.3495,0.4404,8.0000,112.8795,FALSE
Eeboo,2 kids,20415 lotte skovaa,0,0,0,,0.5291,0.2501,21.0000,72.9562,FALSE
Egtved,3 mens,20415 lotte skovaa,0,0,0,,0.1650,0.1429,62.0000,89.3504,FALSE
Ekta living,1 home,21819 mariette buksti gram,0,0,0,,0.5327,0.3344,52.0000,70.9297,FALSE
El-works,1 home,21819 mariette buksti gram,0,0,0,,0.0948,0.0972,8.0000,92.3603,FALSE
Electimuss london,8 cosmetics,21819 mariette buksti gram,0,0,0,,0.5941,0.4951,13.0000,70.9287,FALSE
Elegant touch,8 cosmetics,,0,0,0,,0.1937,0.1805,12.0000,93.4753,FALSE
Elemis,8 cosmetics,21819 mariette buksti gram,0,0,0,,1.0421,1.0472,70.0000,54.1861,FALSE
Ellesse,3 mens,,0,0,0,,,,,,FALSE
Elomi,6 lingerie,20415 lotte skovaa,0,0,0,,0.3284,0.2577,10.0000,100.0137,FALSE
Elsk,3 mens,20415 lotte skovaa,0,0,0,,0.8945,1.0000,6.0000,94.6825,FALSE
Elvie,2 kids,20415 lotte skovaa,0,0,0,,,,,354.6133,FALSE
Emil élise,8 cosmetics,,0,0,0,,0.2848,0.0046,7.0000,93.1101,FALSE
Empelvic,8 cosmetics,75404 jonas linding berg,0,0,0,,0.1253,0.1253,1.0000,94.4321,FALSE
Emporio armani,5 women,25070 adam massigeh,0,0,0,,,,,,FALSE
Enamel copenhagen,7 w access,20415 lotte skovaa,0,0,0,,0.5121,0.3546,352.0000,78.7677,FALSE
Energetics,3 mens,20415 lotte skovaa,0,0,0,,0.6683,0.6001,187.0000,91.1325,FALSE
Enkel studio,5 women,,0,0,0,,4.3754,2.3333,3.0000,42.6429,FALSE
Epic,3 mens,20415 lotte skovaa,0,0,0,,0.3877,0.3390,35.0000,79.3652,FALSE
Eqqualberry,8 cosmetics,,0,0,0,,0.5913,0.6202,4.0000,63.2921,FALSE
Ergobaby,2 kids,20415 lotte skovaa,0,0,0,,0.3658,0.3057,12.0000,110.1687,FALSE
Escentric molecules,8 cosmetics,21819 mariette buksti gram,0,0,0,,0.6293,0.4286,55.0000,67.1593,FALSE
Esmé studios,5 women,,0,0,0,,,,,,FALSE
Esprit,5 women,25070 adam massigeh,0,0,0,,,,,,FALSE
Essential parfums,8 cosmetics,21819 mariette buksti gram,0,0,0,,0.1065,0.0725,58.0000,90.9429,FALSE
Etat libre d’orange,8 cosmetics,21819 mariette buksti gram,0,0,0,,0.7666,0.6593,35.0000,60.0895,FALSE
Etirel,3 mens,20415 lotte skovaa,0,0,0,,,,,160.0350,FALSE
Eton,3 mens,20415 lotte skovaa,0,0,0,,0.3357,0.3333,66.0000,82.0295,FALSE
Etude,8 cosmetics,,0,0,0,,1.0490,1.0490,1.0000,48.8038,FALSE
Eureka,1 home,21819 mariette buksti gram,0,0,0,,0.0653,0.0546,3.0000,98.5192,FALSE
Eva trio,1 home,21819 mariette buksti gram,0,0,0,,0.7893,0.5335,297.0000,68.1798,FALSE
Evoked vila,5 women,25070 adam massigeh,0,0,0,,0.4329,0.4329,1.0000,69.7902,FALSE
Exuviance,8 cosmetics,21819 mariette buksti gram,0,0,0,,0.4960,0.4384,34.0000,68.1864,FALSE
Eylure,8 cosmetics,21819 mariette buksti gram,0,0,0,,0.4974,0.3425,14.0000,71.0155,FALSE
Fable & mane,8 cosmetics,21819 mariette buksti gram,0,0,0,,0.3132,0.3177,16.0000,77.7945,FALSE
Falcotto,2 kids,,0,0,0,,,,,,FALSE
Falke,6 lingerie,25070 adam massigeh,0,0,0,,0.3517,0.2509,139.0000,99.3633,FALSE
Falke sport,3 mens,20415 lotte skovaa,0,0,0,,0.2523,0.2523,1.0000,115.9744,FALSE
Fan palm,1 home,21819 mariette buksti gram,0,0,0,,0.4024,0.3333,17.0000,82.6116,FALSE
Fanga fontana,2 kids,20415 lotte skovaa,0,0,0,,0.3323,0.3757,31.0000,88.6000,FALSE
Fantasie,6 lingerie,20415 lotte skovaa,0,0,0,,0.5481,0.6667,20.0000,90.0942,FALSE
Fantorangen,2 kids,20415 lotte skovaa,0,0,0,,0.7619,0.7008,11.0000,60.4418,FALSE
Fat moose,3 mens,20415 lotte skovaa,0,0,0,,0.6703,0.7172,13.0000,91.7996,FALSE
Faucon,7 w access,20415 lotte skovaa,0,0,0,,1.2531,1.0943,6.0000,53.3166,FALSE
Fdb møbler,1 home,21819 mariette buksti gram,0,0,0,,0.3604,0.2016,96.0000,86.5316,FALSE
Fellow,1 home,21819 mariette buksti gram,0,0,0,,0.2065,0.2069,37.0000,93.3406,FALSE
Femilet,6 lingerie,20415 lotte skovaa,0,0,0,,0.7158,0.2503,77.0000,83.8431,FALSE
Fendi vintage,7 w access,,0,0,0,,2.1847,2.7039,5.0000,40.3654,FALSE
Fenty beauty by rihanna,8 cosmetics,21819 mariette buksti gram,0,0,0,,0.1965,0.1706,133.0000,103.9271,FALSE
Fenty skin,8 cosmetics,21819 mariette buksti gram,0,0,0,,0.3276,0.2455,8.0000,107.0691,FALSE
Ferragamo,8 cosmetics,21819 mariette buksti gram,0,0,0,,1.4617,1.5764,37.0000,46.4711,FALSE
Fila,5 women,,0,0,0,,,,,,FALSE
Filibabba,2 kids,,0,0,0,,1.0001,1.0001,1.0000,49.9969,FALSE
Filippa k,5 women,25070 adam massigeh,0,0,0,,0.5691,0.3035,30.0000,103.2649,FALSE
Filorga,8 cosmetics,21819 mariette buksti gram,0,0,0,,0.7593,0.6587,50.0000,61.6466,FALSE
Firefly,3 mens,20415 lotte skovaa,0,0,0,,0.7573,0.7338,72.0000,95.1814,FALSE
Fisher price,2 kids,20415 lotte skovaa,0,0,0,,0.7556,0.6848,28.0000,58.6619,FALSE
Fiskars,1 home,21819 mariette buksti gram,0,0,0,,0.6540,0.6051,232.0000,66.6421,FALSE
Five units,5 women,25070 adam massigeh,0,0,0,,1.6698,1.6375,10.0000,56.6179,FALSE
Flattered,7 w access,,0,0,0,,0.0327,0.0409,3.0000,100.0631,FALSE
Fleshlight,8 cosmetics,75404 jonas linding berg,0,0,0,,0.3830,0.3290,10.0000,72.9770,FALSE
Fliink,2 kids,20415 lotte skovaa,0,0,0,,0.4458,0.2500,39.0000,88.7974,FALSE
Flora danica,8 cosmetics,21819 mariette buksti gram,0,0,0,,1.2501,1.2501,1.0000,44.4424,FALSE
Florence by mills,8 cosmetics,,0,0,0,,0.6252,0.5395,13.0000,67.8394,FALSE
Fluffy sand,2 kids,,0,0,0,,0.8636,0.8636,1.0000,53.6589,FALSE
Fly me to the moon,2 kids,20415 lotte skovaa,0,0,0,,,,,2651.0204,FALSE
Foam clay,2 kids,20415 lotte skovaa,0,0,0,,0.6234,0.6234,2.0000,61.6463,FALSE
Fodboldkort,2 kids,,0,0,0,,0.4788,0.4788,2.0000,68.4879,FALSE
Folk kombucha,11 food,,0,0,0,,,,,,FALSE
Footbalance,3 mens,20415 lotte skovaa,0,0,0,,0.3574,0.3426,8.0000,87.1908,FALSE
Forlaget room2play,2 kids,20415 lotte skovaa,0,0,0,,0.3739,0.3669,14.0000,75.4040,FALSE
Formthotics,3 mens,,0,0,0,,0.0016,0.0016,1.0000,99.8417,FALSE
Forét,3 mens,20415 lotte skovaa,0,0,0,,0.4946,0.6013,14.0000,94.5409,FALSE
Fossflakes,1 home,21819 mariette buksti gram,0,0,0,,0.7632,0.5436,25.0000,85.5478,FALSE
Fradi,3 mens,20415 lotte skovaa,0,0,0,,,,,,FALSE
Fragrance du bois,8 cosmetics,21819 mariette buksti gram,0,0,0,,0.0431,0.0208,5.0000,99.2207,FALSE
Frama,1 home,21819 mariette buksti gram,0,0,0,,0.1081,0.0385,46.0000,137.9294,FALSE
Fran&co,11 food,,0,0,0,,,,,,FALSE
Frandsen,1 home,,0,0,0,,,,,123.3667,FALSE
Frank body,8 cosmetics,21819 mariette buksti gram,0,0,0,,0.3243,0.2943,3.0000,87.1407,FALSE
Fred perry,3 mens,20415 lotte skovaa,0,0,0,,0.6075,0.5307,46.0000,72.8548,FALSE
Frederic malle,8 cosmetics,,0,0,0,,0.0687,0.0467,26.0000,94.4842,FALSE
Fresh,8 cosmetics,21819 mariette buksti gram,0,0,0,,0.3341,0.2252,8.0000,84.4000,FALSE
Freya,6 lingerie,20415 lotte skovaa,0,0,0,,0.3314,0.3965,13.0000,107.6645,FALSE
Friis-holm,11 food,61164 jacob bøgeholdt nielsen,0,0,0,,0.1616,0.1616,1.0000,99.1304,FALSE
Fritz hansen,1 home,21819 mariette buksti gram,0,0,0,,0.4120,0.3342,86.0000,76.2750,FALSE
Frozen,2 kids,20415 lotte skovaa,0,0,0,,0.7592,0.7166,12.0000,62.6484,FALSE
Fuchs schmitt,5 women,,0,0,0,,,,,,FALSE
Fugazzi,8 cosmetics,21819 mariette buksti gram,0,0,0,,0.0885,0.0475,48.0000,93.1911,FALSE
Fuji film (instax),1 home,21819 mariette buksti gram,0,0,0,,0.5337,0.5486,17.0000,66.6501,FALSE
Funko pop,2 kids,,0,0,0,,0.3052,0.3052,2.0000,76.6986,FALSE
Funktion,1 home,21819 mariette buksti gram,0,0,0,,0.4528,0.4668,7.0000,69.1620,FALSE
Funzone,3 mens,,0,0,0,,0.2495,0.2495,1.0000,80.0320,FALSE
Furla,7 w access,,0,0,0,,0.2137,0.2500,4.0000,82.6389,FALSE
Fz forza,3 mens,20415 lotte skovaa,0,0,0,,0.8722,0.7666,6.0000,56.6064,FALSE
G-form,3 mens,20415 lotte skovaa,0,0,0,,0.4922,0.4922,2.0000,67.1975,FALSE
Gabbys dollhouse,2 kids,20415 lotte skovaa,0,0,0,,0.5435,0.5569,17.0000,66.0870,FALSE
Gabor,7 w access,,0,0,0,,0.2270,0.1622,7.0000,94.3722,FALSE
Ganni,5 women,25070 adam massigeh,0,0,0,,0.6496,0.5468,185.0000,81.9281,FALSE
Gant,3 mens,20415 lotte skovaa,0,0,0,,0.4478,0.3374,151.0000,91.8505,FALSE
Gavekasser,11 food,,0,0,0,,,,,,FALSE
Gefu,1 home,21819 mariette buksti gram,0,0,0,,0.7574,0.7548,49.0000,62.6520,FALSE
Gejst,1 home,21819 mariette buksti gram,0,0,0,,0.4410,0.4121,32.0000,70.4146,FALSE
Gense,1 home,21819 mariette buksti gram,0,0,0,,0.5522,0.4055,105.0000,68.4869,FALSE
Gense living,1 home,21819 mariette buksti gram,0,0,0,,0.4008,0.4008,1.0000,71.3877,FALSE
Girlfriend collective,5 women,25070 adam massigeh,0,0,0,,0.4033,0.4033,1.0000,89.1725,FALSE
Gisada,8 cosmetics,21819 mariette buksti gram,0,0,0,,0.5267,0.5238,32.0000,65.7945,FALSE
Gisou,8 cosmetics,21819 mariette buksti gram,0,0,0,,0.1364,0.1364,2.0000,98.2944,FALSE
Givenchy,8 cosmetics,21819 mariette buksti gram,0,0,0,,0.8883,0.9418,84.0000,67.9005,FALSE
Givenchy vintage,7 w access,,0,0,0,,,,,,FALSE
Global,1 home,21819 mariette buksti gram,0,0,0,,0.7105,0.6632,99.0000,66.1874,FALSE
Global funk,5 women,25070 adam massigeh,0,0,0,,1.5434,1.9254,6.0000,56.9524,FALSE
Global sai,1 home,21819 mariette buksti gram,0,0,0,,0.5612,0.4303,7.0000,64.9391,FALSE
Glossier,8 cosmetics,,0,0,0,,,,,,FALSE
Glow recipe,8 cosmetics,21819 mariette buksti gram,0,0,0,,,,,100.0000,FALSE
Glowery,8 cosmetics,,0,0,0,,,,,109.5902,FALSE
Glowie copenhagen,8 cosmetics,21819 mariette buksti gram,0,0,0,,0.4245,0.5051,8.0000,71.1985,FALSE
Gläs,8 cosmetics,75404 jonas linding berg,0,0,0,,,,,,FALSE
Go travel,3 mens,20415 lotte skovaa,0,0,0,,0.5999,0.4040,78.0000,71.7242,FALSE
Goa organics,8 cosmetics,,0,0,0,,,,,100.0000,FALSE
Gold essentials by p,7 w access,20415 lotte skovaa,0,0,0,,0.4151,0.4063,7.0000,79.2822,FALSE
Goldfield & banks,8 cosmetics,21819 mariette buksti gram,0,0,0,,0.2687,0.1746,40.0000,82.1886,FALSE
Gonher,2 kids,20415 lotte skovaa,0,0,0,,0.3401,0.3098,7.0000,75.0543,FALSE
Goo jit zu,2 kids,,0,0,0,,0.3216,0.3216,1.0000,75.6686,FALSE
Goodies sportive,3 mens,20415 lotte skovaa,0,0,0,,0.3518,0.2904,3.0000,118.8707,FALSE
Goorin bros,3 mens,,0,0,0,,0.2662,0.2564,15.0000,93.9053,FALSE
Gosh,8 cosmetics,21819 mariette buksti gram,0,0,0,,0.7962,0.6189,278.0000,61.7392,FALSE
Goyard vintage,7 w access,,0,0,0,,,,,,FALSE
Grande cosmetic,8 cosmetics,21819 mariette buksti gram,0,0,0,,0.5154,0.4647,10.0000,71.5330,FALSE
Gravitrax,2 kids,,0,0,0,,0.5808,0.5808,1.0000,63.2579,FALSE
Green rubber toys,2 kids,20415 lotte skovaa,0,0,0,,0.5560,0.5560,1.0000,64.2679,FALSE
Greenpan,1 home,,0,0,0,,0.4302,0.4293,43.0000,75.5006,FALSE
Gregory,3 mens,,0,0,0,,0.3497,0.3497,1.0000,74.0890,FALSE
Gritti,8 cosmetics,,0,0,0,,0.4055,0.2837,21.0000,77.5882,FALSE
Grown alchemist,8 cosmetics,21819 mariette buksti gram,0,0,0,,0.4076,0.3027,24.0000,73.3329,FALSE
Gsi,3 mens,,0,0,0,,0.3677,0.3677,2.0000,73.2990,FALSE
Gubi,1 home,21819 mariette buksti gram,0,0,0,,0.5656,0.5780,52.0000,66.7489,FALSE
Gucci vintage,7 w access,,0,0,0,,1.0192,0.7162,22.0000,72.9661,FALSE
Guerlain,8 cosmetics,21819 mariette buksti gram,0,0,0,,0.7228,0.7506,414.0000,60.0999,FALSE
Guess,7 w access,25070 adam massigeh,0,0,0,,0.5589,0.5176,61.0000,74.3179,FALSE
Gun ana,8 cosmetics,21819 mariette buksti gram,0,0,0,,0.1083,0.1061,8.0000,90.3053,FALSE
Gunman police,2 kids,20415 lotte skovaa,0,0,0,,0.2403,0.2524,4.0000,89.1380,FALSE
Gurli gris,2 kids,20415 lotte skovaa,0,0,0,,0.6428,0.6661,11.0000,62.3419,FALSE
Guéri,8 cosmetics,,0,0,0,,0.7809,0.7765,8.0000,76.9584,FALSE
H.j. hansen,11 food,61164 jacob bøgeholdt nielsen,0,0,0,,0.4714,0.3833,5.0000,81.5759,FALSE
H2o,3 mens,20415 lotte skovaa,0,0,0,,0.4489,0.3332,67.0000,89.7016,FALSE
Hachiman,1 home,21819 mariette buksti gram,0,0,0,,,,,,FALSE
Han kjøbenhavn,5 women,25070 adam massigeh,0,0,0,,2.3333,2.3333,1.0000,157.5000,FALSE
Hanz de fuko,8 cosmetics,,0,0,0,,0.2991,0.1214,10.0000,82.7109,FALSE
Hape,2 kids,20415 lotte skovaa,0,0,0,,0.5518,0.4738,17.0000,66.0564,FALSE
Happy baby,2 kids,20415 lotte skovaa,0,0,0,,0.5352,0.5352,1.0000,65.1379,FALSE
Happy pets,2 kids,,0,0,0,,0.2133,0.2133,1.0000,82.4165,FALSE
Happy socks,3 mens,20415 lotte skovaa,0,0,0,,0.2673,0.3372,17.0000,81.1630,FALSE
Hario,11 food,61164 jacob bøgeholdt nielsen,0,0,0,,0.3401,0.3434,22.0000,78.0914,FALSE
Harrows,3 mens,,0,0,0,,0.3421,0.3983,3.0000,74.7858,FALSE
Harry potter,2 kids,,0,0,0,,2.2661,2.2661,1.0000,30.6177,FALSE
Haruharu wonder,8 cosmetics,,0,0,0,,1.1920,1.3259,4.0000,46.7888,FALSE
Haus labs,8 cosmetics,21819 mariette buksti gram,0,0,0,,0.5103,0.5103,1.0000,98.3910,FALSE
Head,3 mens,,0,0,0,,0.6792,0.6275,40.0000,63.1344,FALSE
Headspace,8 cosmetics,21819 mariette buksti gram,0,0,0,,0.1348,0.1036,16.0000,90.6272,FALSE
Heartmade,5 women,25070 adam massigeh,0,0,0,,0.3406,0.4286,17.0000,105.0928,FALSE
Helena rubinstein,8 cosmetics,21819 mariette buksti gram,0,0,0,,0.5979,0.5474,22.0000,64.0643,FALSE
Helmstedt,5 women,25070 adam massigeh,0,0,0,,0.8270,0.8270,2.0000,126.9599,FALSE
Hermès,8 cosmetics,21819 mariette buksti gram,0,0,0,,0.8402,0.7784,131.0000,80.0288,FALSE
Hermès vintage,7 w access,,0,0,0,,0.3818,0.3818,1.0000,72.3701,FALSE
Hero,8 cosmetics,21819 mariette buksti gram,0,0,0,,0.3413,0.3413,2.0000,74.5560,FALSE
Herskind,5 women,,0,0,0,,,,,,FALSE
Hestra,3 mens,20415 lotte skovaa,0,0,0,,0.4766,0.4436,23.0000,73.9589,FALSE
Himla,1 home,21819 mariette buksti gram,0,0,0,,0.1347,0.0193,3.0000,96.0002,FALSE
Hk living,1 home,21819 mariette buksti gram,0,0,0,,0.2460,0.2540,20.0000,84.7301,FALSE
Hoff,7 w access,,0,0,0,,0.2485,0.2100,4.0000,90.7870,FALSE
Hoka,3 mens,25070 adam massigeh,0,0,0,,17.0578,0.6355,87.0000,64.1343,FALSE
Holdit,7 w access,25070 adam massigeh,0,0,0,,0.6035,0.4317,178.0000,90.3335,FALSE
Hollister,8 cosmetics,,0,0,0,,0.8873,0.9027,37.0000,58.2659,FALSE
Holm,1 home,21819 mariette buksti gram,0,0,0,,0.7109,0.6941,25.0000,60.6330,FALSE
Holmegaard,1 home,21819 mariette buksti gram,0,0,0,,0.7117,0.6694,104.0000,68.5735,FALSE
Holzweiler,5 women,25070 adam massigeh,0,0,0,,,,,433.1429,FALSE
Honey,8 cosmetics,21819 mariette buksti gram,0,0,0,,0.0900,0.0702,9.0000,92.9511,FALSE
Hoptimist,1 home,21819 mariette buksti gram,0,0,0,,0.4383,0.3419,92.0000,72.4568,FALSE
Houbigant paris,8 cosmetics,,0,0,0,,0.8451,0.8451,1.0000,103.5982,FALSE
House of sander,1 home,21819 mariette buksti gram,0,0,0,,0.1681,0.1745,4.0000,167.6448,FALSE
House of vincent,7 w access,20415 lotte skovaa,0,0,0,,0.4969,0.5481,22.0000,90.2383,FALSE
Hudson,6 lingerie,25070 adam massigeh,0,0,0,,0.7489,0.7606,7.0000,109.5431,FALSE
Hueman,8 cosmetics,75404 jonas linding berg,0,0,0,,0.3381,0.3650,3.0000,87.9937,FALSE
Hugo,3 mens,20415 lotte skovaa,0,0,0,,0.6073,0.6479,24.0000,92.5059,FALSE
Hultquist,7 w access,20415 lotte skovaa,0,0,0,,0.4900,0.2983,163.0000,80.8657,FALSE
Humdakin,1 home,21819 mariette buksti gram,0,0,0,,0.4029,0.3704,97.0000,83.3755,FALSE
Hunkemöller,6 lingerie,20415 lotte skovaa,0,0,0,,0.4653,0.1436,118.0000,96.3658,FALSE
Hust & claire,2 kids,20415 lotte skovaa,0,0,0,,0.8077,0.6667,72.0000,81.0656,FALSE
Hvisk,7 w access,,0,0,0,,,,,,FALSE
Hype the detail,6 lingerie,25070 adam massigeh,0,0,0,,0.7948,0.3333,25.0000,77.6541,FALSE
Høie,1 home,21819 mariette buksti gram,0,0,0,,0.5196,0.4293,107.0000,81.3062,FALSE
Ib laursen,1 home,21819 mariette buksti gram,0,0,0,,0.4284,0.2620,129.0000,81.2708,FALSE
Icaniwill,3 mens,,0,0,0,,0.2818,0.3357,25.0000,93.8206,FALSE
Iconic london,8 cosmetics,21819 mariette buksti gram,0,0,0,,0.6539,0.5297,84.0000,69.3807,FALSE
Ida sjöstedt,5 women,25070 adam massigeh,0,0,0,,0.5199,0.5384,22.0000,80.6778,FALSE
Ida warg beauty,8 cosmetics,21819 mariette buksti gram,0,0,0,,0.1430,0.1704,3.0000,103.5008,FALSE
Il kuoio,3 mens,20415 lotte skovaa,0,0,0,,1.2506,1.2506,1.0000,44.4321,FALSE
Iles formula,8 cosmetics,21819 mariette buksti gram,0,0,0,,0.2122,0.1556,12.0000,96.1347,FALSE
Ilia,8 cosmetics,21819 mariette buksti gram,0,0,0,,0.1988,0.1471,111.0000,85.3823,FALSE
Ilse jacobsen,5 women,25070 adam massigeh,0,0,0,,174.4812,0.6675,51.0000,78.3998,FALSE
Ilse jacobsen home,1 home,21819 mariette buksti gram,0,0,0,,0.2531,0.1965,10.0000,87.3823,FALSE
Ilso,8 cosmetics,,0,0,0,,0.1012,0.1012,2.0000,100.9237,FALSE
Impetus,3 mens,20415 lotte skovaa,0,0,0,,0.3364,0.2008,25.0000,91.6326,FALSE
Initio parfums privés,8 cosmetics,21819 mariette buksti gram,0,0,0,,0.2463,0.2432,32.0000,84.5406,FALSE
Innersense,8 cosmetics,,0,0,0,,0.7409,0.3387,66.0000,73.6752,FALSE
Innisfree,8 cosmetics,21819 mariette buksti gram,0,0,0,,0.1038,0.1038,1.0000,90.5987,FALSE
Intersport,3 mens,20415 lotte skovaa,0,0,0,,0.6851,0.5381,13.0000,84.3528,FALSE
Intimina,8 cosmetics,75404 jonas linding berg,0,0,0,,0.4445,0.3828,15.0000,76.6700,FALSE
Invisiboble,8 cosmetics,21819 mariette buksti gram,0,0,0,,0.1518,0.1558,12.0000,95.3239,FALSE
Iro,5 women,25070 adam massigeh,0,0,0,,0.3724,0.2441,8.0000,75.9891,FALSE
Iroha,8 cosmetics,75404 jonas linding berg,0,0,0,,0.1783,0.1909,8.0000,89.5194,FALSE
Isle of paradis,8 cosmetics,21819 mariette buksti gram,0,0,0,,0.3917,0.3862,11.0000,81.1834,FALSE
Isntree,8 cosmetics,21819 mariette buksti gram,0,0,0,,1.1075,0.9895,21.0000,48.7994,FALSE
Issey miyake,8 cosmetics,21819 mariette buksti gram,0,0,0,,1.6428,1.3389,39.0000,43.8167,FALSE
Iunik,8 cosmetics,21819 mariette buksti gram,0,0,0,,0.4835,0.4324,13.0000,70.2744,FALSE
Ivy oak,5 women,,0,0,0,,0.1799,0.0658,3.0000,95.9216,FALSE
Izipizi,1 home,21819 mariette buksti gram,0,0,0,,0.1734,0.1000,141.0000,86.3293,FALSE
Jacob jensen,1 home,21819 mariette buksti gram,0,0,0,,0.3641,0.5001,11.0000,84.7675,FALSE
Jacquemus vintage,7 w access,,0,0,0,,,,,,FALSE
Jan van haasteren puslespil,2 kids,20415 lotte skovaa,0,0,0,,0.3046,0.2393,13.0000,77.1026,FALSE
Jane kønig,7 w access,20415 lotte skovaa,0,0,0,,0.8889,0.8072,157.0000,65.8380,FALSE
Javida,8 cosmetics,,0,0,0,,0.2744,0.2625,3.0000,78.9302,FALSE
Jbs of denmark,6 lingerie,20415 lotte skovaa,0,0,0,,0.6309,0.4286,85.0000,72.6819,FALSE
Jean dubost,1 home,21819 mariette buksti gram,0,0,0,,0.5125,0.3362,21.0000,81.4932,FALSE
Jil sander vintage,7 w access,,0,0,0,,,,,,FALSE
Jimmy choo,8 cosmetics,21819 mariette buksti gram,0,0,0,,1.3696,1.3750,52.0000,43.9727,FALSE
Jimmy choo vintage,7 w access,,0,0,0,,,,,,FALSE
Jj-rebel,3 mens,,0,0,0,,0.1877,0.1555,8.0000,86.7359,FALSE
Jo malone london,8 cosmetics,21819 mariette buksti gram,0,0,0,,0.2134,0.1792,64.0000,87.2330,FALSE
Jonathan adler,1 home,21819 mariette buksti gram,0,0,0,,,,,129.9201,FALSE
Jorgobé,8 cosmetics,21819 mariette buksti gram,0,0,0,,0.2851,0.3333,6.0000,78.0540,FALSE
Jost,3 mens,20415 lotte skovaa,0,0,0,,0.2828,0.2500,23.0000,90.3382,FALSE
Judith,2 kids,20415 lotte skovaa,0,0,0,,0.3787,0.2946,7.0000,87.7573,FALSE
Juicy couture,5 women,25070 adam massigeh,0,0,0,,1.7433,1.2490,14.0000,75.9245,FALSE
Julie sandlau,7 w access,20415 lotte skovaa,0,0,0,,0.4797,0.3636,28.0000,94.4979,FALSE
Jurlique,8 cosmetics,21819 mariette buksti gram,0,0,0,,1.0965,1.1495,39.0000,50.3898,FALSE
Jurrasic world,2 kids,,0,0,0,,0.6708,0.6241,4.0000,60.7967,FALSE
K2,3 mens,,0,0,0,,0.5765,0.4977,12.0000,72.9029,FALSE
Kaffe curve,5 women,25070 adam massigeh,0,0,0,,0.3960,0.3362,105.0000,105.9405,FALSE
Kampmanns,1 home,,0,0,0,,0.0323,0.0227,3.0000,98.6680,FALSE
Kaos,2 kids,,0,0,0,,0.2564,0.2586,17.0000,86.4559,FALSE
Karamelleriet,11 food,,0,0,0,,0.3825,0.2500,4.0000,85.3056,FALSE
Karen by simonsen,5 women,25070 adam massigeh,0,0,0,,0.2632,0.3089,12.0000,133.3739,FALSE
Kari traa,3 mens,,0,0,0,,0.8877,0.9184,13.0000,53.9235,FALSE
Karl lagerfeld,8 cosmetics,21819 mariette buksti gram,0,0,0,,1.7131,1.5572,56.0000,45.0696,FALSE
Karmameju skincare,8 cosmetics,21819 mariette buksti gram,0,0,0,,0.3468,0.3333,129.0000,75.9807,FALSE
Kasia lilja,1 home,21819 mariette buksti gram,0,0,0,,0.8617,0.5003,9.0000,58.9508,FALSE
Kay bojesen aps,1 home,21819 mariette buksti gram,0,0,0,,0.3244,0.3333,78.0000,80.9007,FALSE
Kay bojesen jewelry,7 w access,20415 lotte skovaa,0,0,0,,0.2384,0.2503,7.0000,92.5048,FALSE
Kempa,3 mens,,0,0,0,,0.3477,0.3982,8.0000,82.5896,FALSE
Kenzo,8 cosmetics,21819 mariette buksti gram,0,0,0,,1.1242,1.1826,37.0000,48.4372,FALSE
Kenzoki,8 cosmetics,21819 mariette buksti gram,0,0,0,,,,,,FALSE
Kessler,3 mens,20415 lotte skovaa,0,0,0,,0.1216,0.1216,1.0000,116.2839,FALSE
Kiddy,2 kids,20415 lotte skovaa,0,0,0,,0.2748,0.2748,2.0000,85.7731,FALSE
Kilian paris,8 cosmetics,21819 mariette buksti gram,0,0,0,,0.2521,0.2151,60.0000,83.6412,FALSE
Kinetic sand,2 kids,20415 lotte skovaa,0,0,0,,1.0589,0.7817,21.0000,52.2879,FALSE
Kintobe,7 w access,,0,0,0,,1.0025,1.0025,1.0000,90.0129,FALSE
Klippan,1 home,21819 mariette buksti gram,0,0,0,,,,,,FALSE
Klitmøller collectiv,3 mens,,0,0,0,,0.4000,0.4000,1.0000,113.1598,FALSE
Klub venus,8 cosmetics,75404 jonas linding berg,0,0,0,,,,,100.2779,FALSE
Knabstrup keramik,1 home,21819 mariette buksti gram,0,0,0,,0.6080,0.4289,51.0000,72.6666,FALSE
Knirps,3 mens,20415 lotte skovaa,0,0,0,,0.1993,0.1670,4.0000,89.7391,FALSE
Knowledge cotton apparel,3 mens,20415 lotte skovaa,0,0,0,,0.6872,0.6667,47.0000,89.2229,FALSE
Kochblume,1 home,21819 mariette buksti gram,0,0,0,,0.6310,0.3175,8.0000,70.4280,FALSE
Kodanska,1 home,21819 mariette buksti gram,0,0,0,,0.7300,0.9530,7.0000,102.2885,FALSE
Kora organics,8 cosmetics,21819 mariette buksti gram,0,0,0,,0.4543,0.3977,13.0000,73.2032,FALSE
Korres,8 cosmetics,21819 mariette buksti gram,0,0,0,,0.5092,0.4462,30.0000,67.7946,FALSE
Kosas,8 cosmetics,21819 mariette buksti gram,0,0,0,,0.0617,0.0617,1.0000,99.9270,FALSE
Krea,2 kids,20415 lotte skovaa,0,0,0,,0.5497,0.4994,11.0000,64.9335,FALSE
Kreafunk,1 home,21819 mariette buksti gram,0,0,0,,0.3865,0.3351,96.0000,79.1635,FALSE
Kronstadt kids,2 kids,,0,0,0,,,,,,FALSE
Ksecret,8 cosmetics,,0,0,0,,1.1536,1.0346,4.0000,47.2080,FALSE
Kunert,6 lingerie,25070 adam massigeh,0,0,0,,0.8905,0.7262,9.0000,84.3540,FALSE
Kusmi tea,11 food,61164 jacob bøgeholdt nielsen,0,0,0,,0.0865,0.0723,15.0000,92.9818,FALSE
Kvd beauty,8 cosmetics,21819 mariette buksti gram,0,0,0,,,,,296.0594,FALSE
Kylie jenner,8 cosmetics,21819 mariette buksti gram,0,0,0,,0.3093,0.3276,21.0000,80.2294,FALSE
Küchenprofi,1 home,,0,0,0,,0.5513,0.5513,2.0000,64.8371,FALSE
L'oréal professionnel,8 cosmetics,21819 mariette buksti gram,0,0,0,,0.9957,0.8787,90.0000,52.9253,FALSE
L:a bruket,1 home,21819 mariette buksti gram,0,0,0,,0.2858,0.3265,72.0000,82.5368,FALSE
La belle-iloise,11 food,,0,0,0,,,,,,FALSE
La closerie des parf,8 cosmetics,,0,0,0,,,,,102.0423,FALSE
La femme rousse,5 women,,0,0,0,,,,,,FALSE
La mer,8 cosmetics,21819 mariette buksti gram,0,0,0,,0.4860,0.4567,68.0000,73.9954,FALSE
La pavoni,1 home,,0,0,0,,0.2869,0.2513,5.0000,77.9880,FALSE
La prairie,8 cosmetics,21819 mariette buksti gram,0,0,0,,0.4920,0.5118,72.0000,69.0214,FALSE
La rochére,1 home,,0,0,0,,4.6137,4.6137,1.0000,17.8135,FALSE
Lacoste,3 mens,20415 lotte skovaa,0,0,0,,0.6716,0.6669,112.0000,75.2057,FALSE
Lady avenue,6 lingerie,20415 lotte skovaa,0,0,0,,,,,100.0645,FALSE
Laguiole tradition,1 home,21819 mariette buksti gram,0,0,0,,0.1503,0.0911,24.0000,92.7596,FALSE
Lakridseriet,11 food,,0,0,0,,,,,,FALSE
Lamaze,2 kids,20415 lotte skovaa,0,0,0,,0.8054,0.6941,15.0000,59.1651,FALSE
Lamper og disco lys,2 kids,20415 lotte skovaa,0,0,0,,0.2746,0.2575,9.0000,92.1523,FALSE
Lancaster,8 cosmetics,21819 mariette buksti gram,0,0,0,,1.1938,1.1081,39.0000,46.9871,FALSE
Laneige,8 cosmetics,21819 mariette buksti gram,0,0,0,,0.3950,0.2317,26.0000,87.6033,FALSE
Langkilde & søn,1 home,21819 mariette buksti gram,0,0,0,,0.3243,0.2879,16.0000,88.3047,FALSE
Lanolips,8 cosmetics,21819 mariette buksti gram,0,0,0,,0.1319,0.0862,4.0000,92.9936,FALSE
Lauren ralph lauren,5 women,25070 adam massigeh,0,0,0,,0.3500,0.2146,70.0000,115.1442,FALSE
Le galion,8 cosmetics,21819 mariette buksti gram,0,0,0,,0.4585,0.4585,1.0000,97.3244,FALSE
Le labo,8 cosmetics,21819 mariette buksti gram,0,0,0,,0.1174,0.1019,44.0000,99.4070,FALSE
Le monde gourmand,8 cosmetics,,0,0,0,,0.3444,0.3444,2.0000,89.7775,FALSE
Lee,5 women,25070 adam massigeh,0,0,0,,0.9497,0.8200,48.0000,95.0421,FALSE
Legetøj,2 kids,20415 lotte skovaa,0,0,0,,0.5973,0.5473,19.0000,65.5191,FALSE
Lego kidswear/lego børnetøj,2 kids,20415 lotte skovaa,0,0,0,,0.2302,0.1490,18.0000,126.9942,FALSE
Lelit,1 home,21819 mariette buksti gram,0,0,0,,0.3134,0.1904,14.0000,86.0107,FALSE
Lelo,8 cosmetics,75404 jonas linding berg,0,0,0,,0.2934,0.1560,14.0000,80.1871,FALSE
Leonhard heyden,3 mens,,0,0,0,,,,,142.8571,FALSE
Leopold vienna,1 home,21819 mariette buksti gram,0,0,0,,1.2561,1.1370,5.0000,46.9373,FALSE
Lernberger stafsing,8 cosmetics,21819 mariette buksti gram,0,0,0,,0.4121,0.4150,56.0000,71.4007,FALSE
Les deux,3 mens,20415 lotte skovaa,0,0,0,,0.3737,0.2500,118.0000,93.8589,FALSE
Les eaux primordiales,8 cosmetics,21819 mariette buksti gram,0,0,0,,0.0638,0.0102,31.0000,95.8423,FALSE
Levete room,5 women,25070 adam massigeh,0,0,0,,0.4253,0.0032,53.0000,122.6928,FALSE
Lexington,1 home,21819 mariette buksti gram,0,0,0,,0.5662,0.3336,151.0000,78.9149,FALSE
Libertine-libertine,3 mens,,0,0,0,,,,,,FALSE
Lie gourmet,11 food,61164 jacob bøgeholdt nielsen,0,0,0,,0.2062,0.0873,5.0000,91.3691,FALSE
Liga,1 home,21819 mariette buksti gram,0,0,0,,,,,153.1661,FALSE
Lightinderm,8 cosmetics,,0,0,0,,,,,121.7594,FALSE
Lil' atelier,2 kids,20415 lotte skovaa,0,0,0,,0.4954,0.3441,195.0000,83.9506,FALSE
Lilisxmas,1 home,21819 mariette buksti gram,0,0,0,,,,,,FALSE
Lind dna,1 home,21819 mariette buksti gram,0,0,0,,0.3754,0.3448,51.0000,77.5447,FALSE
Lindex,6 lingerie,20415 lotte skovaa,0,0,0,,0.6981,0.3361,254.0000,92.3559,FALSE
Lion sabatier,1 home,21819 mariette buksti gram,0,0,0,,0.7255,0.5161,34.0000,62.5493,FALSE
Lisva,5 women,25070 adam massigeh,0,0,0,,0.2841,0.0660,57.0000,93.3054,FALSE
Little live pets,2 kids,20415 lotte skovaa,0,0,0,,0.4915,0.4996,4.0000,67.1753,FALSE
Little tikes,2 kids,,0,0,0,,0.6956,0.6374,6.0000,60.4061,FALSE
Living proof,8 cosmetics,21819 mariette buksti gram,0,0,0,,0.5236,0.4286,52.0000,69.3312,FALSE
Lixirskin,8 cosmetics,,0,0,0,,0.1039,0.0514,10.0000,91.6677,FALSE
Lloyd,3 mens,25070 adam massigeh,0,0,0,,0.3180,0.2500,30.0000,96.8610,FALSE
Loake,3 mens,25070 adam massigeh,0,0,0,,,,,108.5090,FALSE
Loeffler randall,7 w access,,0,0,0,,0.0618,0.0038,6.0000,94.8400,FALSE
Loewe perfumes,8 cosmetics,21819 mariette buksti gram,0,0,0,,0.6800,0.6087,40.0000,65.5288,FALSE
Loewe vintage,7 w access,,0,0,0,,,,,126.9358,FALSE
Lolin,11 food,,0,0,0,,0.5571,0.6857,3.0000,65.1890,FALSE
Louis vuitton vintage,7 w access,,0,0,0,,18.9644,1.0101,150.0000,65.4875,FALSE
Lovechild 1979,5 women,,0,0,0,,0.4456,0.3290,15.0000,85.2782,FALSE
Lovelies,7 w access,25070 adam massigeh,0,0,0,,0.4498,0.3846,14.0000,83.7549,FALSE
Lowa,3 mens,20415 lotte skovaa,0,0,0,,0.1706,0.1706,1.0000,85.4289,FALSE
Lucie kaas,1 home,21819 mariette buksti gram,0,0,0,,0.1610,0.0361,12.0000,99.8134,FALSE
Luhta,5 women,,0,0,0,,0.1937,0.1797,4.0000,84.2855,FALSE
Luigi bormioli,1 home,,0,0,0,,0.9039,0.4998,65.0000,67.4769,FALSE
Lush lush jewelry,7 w access,20415 lotte skovaa,0,0,0,,1.5565,2.3333,9.0000,87.2304,FALSE
Lust copenhagen by magasin,8 cosmetics,75404 jonas linding berg,0,0,0,,,,,,FALSE
Lyfa,1 home,,0,0,0,,0.4871,0.4287,14.0000,70.7505,FALSE
Lykke r,3 mens,20415 lotte skovaa,0,0,0,,0.4488,0.4488,1.0000,123.0216,FALSE
Lyle & scott,3 mens,,0,0,0,,,,,,FALSE
Lyngby Glas,1 home,21819 mariette buksti gram,0,0,1,,0.4732,0.4774,46.0000,70.0350,FALSE
Lyngby vinkælder,1 home,,0,0,0,,0.4286,0.4286,1.0000,70.0006,FALSE
Löwengrip,8 cosmetics,21819 mariette buksti gram,0,0,0,,0.4230,0.3904,74.0000,70.9563,FALSE
Mac jeans,5 women,25070 adam massigeh,0,0,0,,0.4761,0.2223,12.0000,83.2473,FALSE
Mad & vin,11 food,,0,0,0,,0.0692,0.0692,2.0000,97.2070,FALSE
Mads nørgaard - copenhagen,3 mens,20415 lotte skovaa,0,0,0,,0.5122,0.3365,192.0000,100.3251,FALSE
Magasin,99 gavekort/vouchers,,0,0,0,,,,,,FALSE
Magasin chokolade,11 food,61164 jacob bøgeholdt nielsen,0,0,0,,,,,145.5402,FALSE
Magasin du nord collection,1 home,20415 lotte skovaa,0,0,0,,0.4780,0.2770,16.0000,163.5554,FALSE
Magasin kaffe,11 food,61164 jacob bøgeholdt nielsen,0,0,0,,,,,,FALSE
Magasin mad&vin,11 food,61164 jacob bøgeholdt nielsen,0,0,0,,,,,,FALSE
Magic bodyfashion,6 lingerie,20415 lotte skovaa,0,0,0,,0.3519,0.3204,28.0000,79.0912,FALSE
Magic mixies,2 kids,20415 lotte skovaa,0,0,0,,0.7934,0.7934,1.0000,55.7596,FALSE
Maison nikoui,8 cosmetics,,0,0,0,,0.5841,0.2062,3.0000,69.5157,FALSE
Maison noir,8 cosmetics,,0,0,0,,0.0251,0.0251,1.0000,99.9468,FALSE
Make up eraser,8 cosmetics,,0,0,0,,0.2505,0.2505,1.0000,79.9688,FALSE
Make up forever,8 cosmetics,21819 mariette buksti gram,0,0,0,,0.3247,0.1466,142.0000,93.0530,FALSE
Malin+goetz,8 cosmetics,21819 mariette buksti gram,0,0,0,,0.2419,0.2500,76.0000,82.6915,FALSE
Mamamemo,2 kids,20415 lotte skovaa,0,0,0,,0.7440,0.8845,8.0000,78.6292,FALSE
Mammut,3 mens,20415 lotte skovaa,0,0,0,,0.4825,0.4015,22.0000,70.7319,FALSE
Mancera,8 cosmetics,21819 mariette buksti gram,0,0,0,,0.8760,0.9024,39.0000,57.9114,FALSE
Mandalay,1 home,21819 mariette buksti gram,0,0,0,,0.4449,0.2190,12.0000,77.9723,FALSE
Mandarina duck,7 w access,25070 adam massigeh,0,0,0,,0.4233,0.2500,91.0000,78.9029,FALSE
Manebi,7 w access,,0,0,0,,,,,,FALSE
Mantle,8 cosmetics,21819 mariette buksti gram,0,0,0,,0.1804,0.1218,34.0000,89.1478,FALSE
Manucurist,8 cosmetics,21819 mariette buksti gram,0,0,0,,0.3666,0.2632,137.0000,79.4282,FALSE
Marc inbane,8 cosmetics,21819 mariette buksti gram,0,0,0,,0.8627,0.8997,25.0000,55.2547,FALSE
Marc jacobs,8 cosmetics,21819 mariette buksti gram,0,0,0,,0.8189,0.8320,92.0000,65.3003,FALSE
Marc o’polo,5 women,25070 adam massigeh,0,0,0,,0.3366,0.3351,53.0000,85.3592,FALSE
Marella,5 women,25070 adam massigeh,0,0,0,,0.5759,0.5759,1.0000,63.4544,FALSE
Maria black,7 w access,20415 lotte skovaa,0,0,0,,0.7544,0.5190,133.0000,74.2399,FALSE
Marimekko,5 women,21819 mariette buksti gram,0,0,0,,0.5174,0.4957,99.0000,85.2905,FALSE
Mario badescu,8 cosmetics,21819 mariette buksti gram,0,0,0,,0.7610,0.7916,32.0000,57.9729,FALSE
Markberg,7 w access,25070 adam massigeh,0,0,0,,0.4019,0.2601,246.0000,90.7475,FALSE
Marni vintage,7 w access,,0,0,0,,0.4546,0.4546,1.0000,68.7453,FALSE
Marrakech impérial,8 cosmetics,,0,0,0,,0.0219,0.0219,1.0000,102.1801,FALSE
Marvins magic,2 kids,20415 lotte skovaa,0,0,0,,0.5955,0.5314,7.0000,64.7740,FALSE
Mary&may,8 cosmetics,,0,0,0,,1.0146,0.9181,13.0000,51.6581,FALSE
Masai copenhagen,5 women,25070 adam massigeh,0,0,0,,0.3763,0.3348,23.0000,108.7802,FALSE
Mason pearson,8 cosmetics,21819 mariette buksti gram,0,0,0,,0.4960,0.5026,58.0000,72.2908,FALSE
Matchstick monkey,2 kids,,0,0,0,,0.6260,0.4558,8.0000,64.8211,FALSE
Mattel games,2 kids,20415 lotte skovaa,0,0,0,,0.8533,0.7854,12.0000,55.1809,FALSE
Maude,8 cosmetics,75404 jonas linding berg,0,0,0,,0.2036,0.2500,5.0000,92.5899,FALSE
Mauviel,1 home,21819 mariette buksti gram,0,0,0,,0.5041,0.4496,73.0000,70.5941,FALSE
Max mara leisure,5 women,,0,0,0,,0.3994,0.3994,1.0000,107.1584,FALSE
Mcm vintage,7 w access,,0,0,0,,,,,176.0930,FALSE
Mcneal,3 mens,20415 lotte skovaa,0,0,0,,,,,,FALSE
Me & my box,7 w access,20415 lotte skovaa,0,0,0,,0.6594,0.5216,4.0000,96.1696,FALSE
Medicoline,8 cosmetics,21819 mariette buksti gram,0,0,0,,,,,100.0000,FALSE
Medik8,8 cosmetics,21819 mariette buksti gram,0,0,0,,0.5902,0.4333,49.0000,66.6375,FALSE
Melyon,8 cosmetics,21819 mariette buksti gram,0,0,0,,0.1589,0.0748,7.0000,94.4182,FALSE
Memo paris,8 cosmetics,21819 mariette buksti gram,0,0,0,,0.4683,0.2580,26.0000,73.9988,FALSE
Mepal,1 home,21819 mariette buksti gram,0,0,0,,0.5266,0.4473,17.0000,100.2265,FALSE
Merci handy,8 cosmetics,21819 mariette buksti gram,0,0,0,,0.8060,0.5263,5.0000,87.6321,FALSE
Messyweekend,3 mens,20415 lotte skovaa,0,0,0,,0.5966,0.5385,21.0000,86.7191,FALSE
Mette ditmer,1 home,21819 mariette buksti gram,0,0,0,,0.4732,0.4049,84.0000,71.8959,FALSE
Micha,5 women,25070 adam massigeh,0,0,0,,0.0017,0.0017,4.0000,125.4689,FALSE
Michael kors,7 w access,25070 adam massigeh,0,0,0,,0.6332,0.5383,68.0000,71.7596,FALSE
Micro,2 kids,,0,0,0,,0.1103,0.0349,62.0000,92.4800,FALSE
Microplane,1 home,,0,0,0,,0.7133,0.6276,51.0000,61.8703,FALSE
Mieredu,2 kids,20415 lotte skovaa,0,0,0,,0.2667,0.2500,11.0000,81.5345,FALSE
Milk,8 cosmetics,21819 mariette buksti gram,0,0,0,,0.2026,0.2230,19.0000,101.6080,FALSE
Mill & mortar,11 food,61164 jacob bøgeholdt nielsen,0,0,0,,0.3249,0.3111,66.0000,75.9328,FALSE
Mimi & lula,2 kids,20415 lotte skovaa,0,0,0,,0.4913,0.3112,46.0000,73.0639,FALSE
Minecraft,2 kids,,0,0,0,,0.4040,0.4281,7.0000,71.8321,FALSE
Mini brands,2 kids,,0,0,0,,0.2551,0.0582,3.0000,83.8941,FALSE
Mini bull,2 kids,20415 lotte skovaa,0,0,0,,0.5387,0.5387,1.0000,64.9912,FALSE
Minimum,5 women,25070 adam massigeh,0,0,0,,,,,,FALSE
Miracoulous,2 kids,20415 lotte skovaa,0,0,0,,0.4842,0.4842,2.0000,71.4291,FALSE
Miss melody,2 kids,20415 lotte skovaa,0,0,0,,0.2966,0.3178,4.0000,77.3687,FALSE
Miu miu,8 cosmetics,,0,0,0,,0.6489,0.5569,14.0000,67.6313,FALSE
Mixsoon,8 cosmetics,21819 mariette buksti gram,0,0,0,,1.2560,1.0101,9.0000,47.7733,FALSE
Miyabi,1 home,21819 mariette buksti gram,0,0,0,,0.4815,0.4290,48.0000,76.2912,FALSE
Mizensir,8 cosmetics,21819 mariette buksti gram,0,0,0,,0.3938,0.4286,24.0000,82.1282,FALSE
Mizuno,3 mens,,0,0,0,,0.4606,0.3672,40.0000,73.4030,FALSE
Mjm,3 mens,20415 lotte skovaa,0,0,0,,0.2702,0.0395,22.0000,105.1003,FALSE
Mki miyuki zoku,3 mens,,0,0,0,,0.0891,0.0370,3.0000,138.7484,FALSE
Moby,2 kids,20415 lotte skovaa,0,0,0,,0.2945,0.2538,5.0000,82.0003,FALSE
Moccamaster,1 home,21819 mariette buksti gram,0,0,0,,0.4805,0.3153,11.0000,80.4063,FALSE
Molo,2 kids,20415 lotte skovaa,0,0,0,,0.5767,0.3342,213.0000,95.1566,FALSE
Molton brown,8 cosmetics,21819 mariette buksti gram,0,0,0,,0.1989,0.2180,50.0000,85.4534,FALSE
Moments of play,1 home,,0,0,0,,1.0133,1.0133,1.0000,49.6700,FALSE
Momiji,2 kids,,0,0,0,,0.2021,0.2210,3.0000,83.8602,FALSE
Moncler,8 cosmetics,21819 mariette buksti gram,0,0,0,,1.3255,1.3469,22.0000,46.8898,FALSE
Monster high,2 kids,20415 lotte skovaa,0,0,0,,0.7514,0.6701,16.0000,59.2297,FALSE
Monster jam,2 kids,20415 lotte skovaa,0,0,0,,0.4351,0.3716,11.0000,72.7390,FALSE
Monta,3 mens,,0,0,0,,0.6713,0.6713,2.0000,64.9939,FALSE
Montale,8 cosmetics,21819 mariette buksti gram,0,0,0,,0.5717,0.5621,37.0000,69.2203,FALSE
Montego,5 women,25070 adam massigeh,0,0,0,,,,,,FALSE
Moods & moore,1 home,21819 mariette buksti gram,0,0,0,,0.2774,0.1835,21.0000,95.0508,FALSE
Moomin arabia,1 home,21819 mariette buksti gram,0,0,0,,0.4189,0.4038,397.0000,86.8934,FALSE
Moons and junes,6 lingerie,,0,0,0,,,,,,FALSE
Morris stockholm,3 mens,20415 lotte skovaa,0,0,0,,0.5482,0.5482,2.0000,95.6243,FALSE
Mos mosh gallery,3 mens,20415 lotte skovaa,0,0,0,,0.5681,0.3337,49.0000,82.7841,FALSE
Moschino,8 cosmetics,21819 mariette buksti gram,0,0,0,,0.9551,1.0045,18.0000,55.6271,FALSE
Moser,1 home,,0,0,0,,0.0984,0.0984,1.0000,91.0392,FALSE
Moshi moshi mind,5 women,25070 adam massigeh,0,0,0,,0.7440,0.6667,13.0000,97.0939,FALSE
Motta,1 home,21819 mariette buksti gram,0,0,0,,0.5336,0.2985,10.0000,73.8242,FALSE
Moulin roty,2 kids,20415 lotte skovaa,0,0,0,,0.1868,0.1793,42.0000,86.2136,FALSE
Mpkids,2 kids,20415 lotte skovaa,0,0,0,,0.6999,0.4407,92.0000,85.0184,FALSE
Mpmen,3 mens,,0,0,0,,0.0933,0.0120,9.0000,93.9681,FALSE
Mpwoman,6 lingerie,25070 adam massigeh,0,0,0,,0.2878,0.1496,78.0000,90.7775,FALSE
Mr blanc,8 cosmetics,,0,0,0,,,,,,FALSE
Mr. wattson,1 home,21819 mariette buksti gram,0,0,0,,0.5668,0.3635,21.0000,79.0641,FALSE
Msch copenhagen,5 women,25070 adam massigeh,0,0,0,,0.4418,0.3333,23.0000,129.6968,FALSE
Mugler,8 cosmetics,21819 mariette buksti gram,0,0,0,,0.9018,0.9107,26.0000,53.2907,FALSE
Mulberry vintage,7 w access,,0,0,0,,,,,,FALSE
Mumi by almuegaarden,11 food,61164 jacob bøgeholdt nielsen,0,0,0,,,,,102.0408,FALSE
Munthe,5 women,25070 adam massigeh,0,0,0,,0.2451,0.2500,45.0000,93.2999,FALSE
Murad,8 cosmetics,21819 mariette buksti gram,0,0,0,,0.8904,0.8548,41.0000,54.4345,FALSE
Muti,8 cosmetics,21819 mariette buksti gram,0,0,0,,0.0620,0.0388,10.0000,95.0975,FALSE
Muubs,1 home,21819 mariette buksti gram,0,0,0,,0.9843,0.9843,1.0000,50.3950,FALSE
My baby love,2 kids,20415 lotte skovaa,0,0,0,,0.2238,0.2046,15.0000,82.6506,FALSE
My jewellery,7 w access,20415 lotte skovaa,0,0,0,,0.2920,0.2211,4.0000,100.5598,FALSE
My-size,8 cosmetics,75404 jonas linding berg,0,0,0,,1.1137,1.0000,10.0000,47.7407,FALSE
Müsli,2 kids,20415 lotte skovaa,0,0,0,,0.6933,0.4286,105.0000,88.8711,FALSE
Nakamura,3 mens,20415 lotte skovaa,0,0,0,,,,,100.0000,FALSE
Narciso rodriguez,8 cosmetics,21819 mariette buksti gram,0,0,0,,1.3600,1.3174,35.0000,44.3030,FALSE
Natasha denona,8 cosmetics,21819 mariette buksti gram,0,0,0,,0.1240,0.1419,5.0000,99.1858,FALSE
Native union,1 home,,0,0,0,,,,,,FALSE
Naturally med,1 home,21819 mariette buksti gram,0,0,0,,0.6323,0.6767,4.0000,61.9680,FALSE
Natures collection,1 home,21819 mariette buksti gram,0,0,0,,0.3082,0.3082,2.0000,98.9291,FALSE
Naturino,2 kids,25070 adam massigeh,0,0,0,,0.8467,0.0855,3.0000,95.2678,FALSE
Nerf,2 kids,,0,0,0,,0.0636,0.0636,1.0000,97.0118,FALSE
New mags,1 home,21819 mariette buksti gram,0,0,0,,0.3457,0.3136,191.0000,78.0066,FALSE
New works,1 home,21819 mariette buksti gram,0,0,0,,0.5157,0.5342,36.0000,71.8564,FALSE
Nexus,8 cosmetics,75404 jonas linding berg,0,0,0,,0.4603,0.4603,2.0000,95.8823,FALSE
Nialaya,3 mens,20415 lotte skovaa,0,0,0,,0.2682,0.2921,40.0000,91.3639,FALSE
Nichba,1 home,,0,0,0,,0.4377,0.2417,6.0000,89.2621,FALSE
Nicolas vahé,11 food,61164 jacob bøgeholdt nielsen,0,0,0,,0.4311,0.3358,52.0000,74.1514,FALSE
Night & day,1 home,21819 mariette buksti gram,0,0,0,,0.2672,0.2004,57.0000,83.2931,FALSE
Nikko,2 kids,,0,0,0,,0.5720,0.5720,1.0000,63.6127,FALSE
Niko june,1 home,,0,0,0,,,,,163.1373,FALSE
Nine,1 home,21819 mariette buksti gram,0,0,0,,0.4292,0.4292,1.0000,100.7909,FALSE
Nioxin,8 cosmetics,21819 mariette buksti gram,0,0,0,,0.5978,0.5794,25.0000,62.7275,FALSE
Nishane,8 cosmetics,21819 mariette buksti gram,0,0,0,,0.9369,0.7876,48.0000,57.2508,FALSE
Nito flet,1 home,21819 mariette buksti gram,0,0,0,,0.3677,0.2805,6.0000,73.8786,FALSE
Nn.07,3 mens,20415 lotte skovaa,0,0,0,,0.4990,0.3378,149.0000,81.9673,FALSE
No brand,3 mens,,0,0,0,,0.3211,0.2850,11.0000,81.6011,FALSE
No7,8 cosmetics,,0,0,0,,,,,100.0000,FALSE
Nooance,8 cosmetics,,0,0,0,,,,,121.6410,FALSE
Nordgreen,3 mens,,0,0,0,,0.2146,0.2146,2.0000,148.2767,FALSE
Nordic blades,1 home,,0,0,0,,,,,,FALSE
Nordic sence,1 home,21819 mariette buksti gram,0,0,0,,0.7676,0.7676,2.0000,72.5676,FALSE
Nordic tales,1 home,21819 mariette buksti gram,0,0,0,,0.3514,0.2796,11.0000,80.3443,FALSE
Nordisk tekstil,1 home,21819 mariette buksti gram,0,0,0,,0.3972,0.4279,16.0000,73.3486,FALSE
Nordog,1 home,21819 mariette buksti gram,0,0,0,,0.8405,1.0204,9.0000,79.0962,FALSE
Normann copenhagen,1 home,21819 mariette buksti gram,0,0,0,,0.5474,0.4214,177.0000,73.9321,FALSE
Normcore,1 home,,0,0,0,,,,,100.0000,FALSE
Norse projects,3 mens,20415 lotte skovaa,0,0,0,,0.1839,0.1429,7.0000,102.3439,FALSE
Notem,1 home,21819 mariette buksti gram,0,0,0,,0.1641,0.0436,8.0000,100.9068,FALSE
Nox,3 mens,20415 lotte skovaa,0,0,0,,0.8041,1.0790,3.0000,63.2675,FALSE
Nudestix,8 cosmetics,21819 mariette buksti gram,0,0,0,,0.1146,0.0701,29.0000,127.6468,FALSE
Numbuzin,8 cosmetics,,0,0,0,,0.7845,0.8624,12.0000,57.3530,FALSE
Nuni copenhagen,7 w access,20415 lotte skovaa,0,0,0,,0.4082,0.5038,29.0000,88.4051,FALSE
Nuori,8 cosmetics,21819 mariette buksti gram,0,0,0,,0.4569,0.1471,33.0000,83.5284,FALSE
Nuura,1 home,21819 mariette buksti gram,0,0,0,,0.3084,0.4286,35.0000,78.8062,FALSE
Nuxe,8 cosmetics,21819 mariette buksti gram,0,0,0,,1.0457,0.9691,114.0000,52.1478,FALSE
Nué notes,5 women,25070 adam massigeh,0,0,0,,0.3787,0.3333,7.0000,115.4635,FALSE
Nøgle & hælebar,3 mens,25070 adam massigeh,0,0,0,,0.2139,0.1848,7.0000,89.2821,FALSE
Núnoo,7 w access,,0,0,0,,,,,,FALSE
Nü denmark,5 women,25070 adam massigeh,0,0,0,,0.2633,0.2486,12.0000,137.4507,FALSE
Obart,8 cosmetics,,0,0,0,,,,,,FALSE
Odacité,8 cosmetics,21819 mariette buksti gram,0,0,0,,0.1758,0.0312,4.0000,88.7612,FALSE
Off white vintage,7 w access,,0,0,0,,,,,,FALSE
Oh flossy,2 kids,20415 lotte skovaa,0,0,0,,0.3115,0.2436,8.0000,79.6441,FALSE
Oli & carol,2 kids,,0,0,0,,1.0789,0.5645,24.0000,54.9442,FALSE
Olivo,11 food,,0,0,0,,,,,105.7937,FALSE
Omhu,1 home,21819 mariette buksti gram,0,0,0,,0.7419,0.7191,18.0000,77.8209,FALSE
Omorovicza,8 cosmetics,21819 mariette buksti gram,0,0,0,,0.6590,0.7910,25.0000,65.5640,FALSE
On,3 mens,20415 lotte skovaa,0,0,0,,0.6137,0.5806,38.0000,63.1113,FALSE
Only mini,2 kids,,0,0,0,,0.6055,0.4439,63.0000,83.4138,FALSE
Organic basics,6 lingerie,,0,0,0,,,,,,FALSE
Oribe,8 cosmetics,21819 mariette buksti gram,0,0,0,,0.0897,0.0522,108.0000,93.5837,FALSE
Original coffee,11 food,,0,0,0,,,,,,FALSE
Ormonde jayne,8 cosmetics,21819 mariette buksti gram,0,0,0,,0.1182,0.0288,23.0000,92.9637,FALSE
Oroblu,6 lingerie,25070 adam massigeh,0,0,0,,0.3541,0.2976,38.0000,81.7176,FALSE
Ortho movement,3 mens,20415 lotte skovaa,0,0,0,,,,,113.6182,FALSE
Oscar de la renta,8 cosmetics,,0,0,0,,1.2483,1.2956,19.0000,48.1712,FALSE
Osprey,3 mens,20415 lotte skovaa,0,0,0,,0.4499,0.4301,19.0000,72.3761,FALSE
Otis batterbee,8 cosmetics,,0,0,0,,,,,,FALSE
Otouch,8 cosmetics,,0,0,0,,0.5017,0.5017,1.0000,66.5924,FALSE
Oui,5 women,,0,0,0,,,,,,FALSE
Outdoor diverse,3 mens,20415 lotte skovaa,0,0,0,,0.3928,0.3897,18.0000,77.9939,FALSE
Oxo,1 home,21819 mariette buksti gram,0,0,0,,0.7057,0.7013,87.0000,62.3840,FALSE
Oyoy living design,1 home,21819 mariette buksti gram,0,0,0,,0.5779,0.5128,43.0000,67.6510,FALSE
P20,8 cosmetics,,0,0,0,,0.4688,0.3333,16.0000,70.3455,FALSE
Pai,8 cosmetics,21819 mariette buksti gram,0,0,0,,0.2170,0.1321,11.0000,89.9676,FALSE
Pai skincare,8 cosmetics,21819 mariette buksti gram,0,0,0,,0.2102,0.2102,2.0000,82.6510,FALSE
Pal zileri,3 mens,,0,0,0,,,,,,FALSE
Parfums de marly,8 cosmetics,21819 mariette buksti gram,0,0,0,,0.2394,0.2454,52.0000,85.2343,FALSE
Pat mcgrath,8 cosmetics,21819 mariette buksti gram,0,0,0,,0.3420,0.3328,6.0000,91.3201,FALSE
Patchology,8 cosmetics,21819 mariette buksti gram,0,0,0,,0.2553,0.2742,9.0000,82.3643,FALSE
Patisse,1 home,,0,0,0,,0.6589,0.2567,3.0000,112.7839,FALSE
Patrizia pepe,5 women,25070 adam massigeh,0,0,0,,,,,,FALSE
Pattise,1 home,,0,0,0,,,,,100.7983,FALSE
Paul green,7 w access,,0,0,0,,,,,126.1933,FALSE
Paw patrol,2 kids,20415 lotte skovaa,0,0,0,,0.6773,0.6848,46.0000,61.3729,FALSE
Pbo,5 women,25070 adam massigeh,0,0,0,,0.3361,0.0019,30.0000,95.9949,FALSE
Peak performance,3 mens,,0,0,0,,0.4561,0.3938,90.0000,78.4949,FALSE
Peech,8 cosmetics,75404 jonas linding berg,0,0,0,,0.0571,0.0002,15.0000,98.0493,FALSE
Pernille corydon jewellery,7 w access,20415 lotte skovaa,0,0,0,,0.5304,0.3333,9.0000,143.1101,FALSE
Perris monte carlo,8 cosmetics,,0,0,0,,0.5111,0.5111,2.0000,96.4973,FALSE
Perroy,8 cosmetics,21819 mariette buksti gram,0,0,0,,0.0660,0.0059,16.0000,96.8801,FALSE
Pestle & mortar,8 cosmetics,21819 mariette buksti gram,0,0,0,,0.3320,0.3419,26.0000,79.4718,FALSE
Petit bateau,2 kids,20415 lotte skovaa,0,0,0,,0.4206,0.3030,28.0000,75.4502,FALSE
Petit piao,2 kids,20415 lotte skovaa,0,0,0,,0.8012,0.6603,37.0000,94.0966,FALSE
Pets alive,2 kids,20415 lotte skovaa,0,0,0,,0.7135,0.7995,3.0000,58.9520,FALSE
Peugeot,1 home,21819 mariette buksti gram,0,0,0,,0.4298,0.3653,168.0000,72.8474,FALSE
Phenumb copenhagen,7 w access,25070 adam massigeh,0,0,0,,0.3508,0.2494,32.0000,92.6520,FALSE
Philip b,8 cosmetics,21819 mariette buksti gram,0,0,0,,0.5133,0.4545,36.0000,72.5456,FALSE
Philips avent,2 kids,20415 lotte skovaa,0,0,0,,0.5692,0.5741,54.0000,69.6106,FALSE
Phlur,8 cosmetics,,0,0,0,,,,,,FALSE
Pillivuyt,1 home,21819 mariette buksti gram,0,0,0,,0.5553,0.4533,188.0000,68.7389,FALSE
Pillivuyt gourmet,1 home,21819 mariette buksti gram,0,0,0,,0.5894,0.4674,51.0000,72.5806,FALSE
Pixi,8 cosmetics,21819 mariette buksti gram,0,0,0,,0.5829,0.4408,57.0000,71.7565,FALSE
Pjur,8 cosmetics,75404 jonas linding berg,0,0,0,,0.3994,0.4371,10.0000,75.4591,FALSE
Play-doh,2 kids,20415 lotte skovaa,0,0,0,,0.6257,0.6472,12.0000,63.6976,FALSE
Playgro,2 kids,20415 lotte skovaa,0,0,0,,0.9572,0.9502,5.0000,54.9532,FALSE
Playmobil,2 kids,,0,0,0,,0.6483,0.5652,138.0000,63.4163,FALSE
Plus-plus,2 kids,20415 lotte skovaa,0,0,0,,0.5930,0.4489,34.0000,68.1161,FALSE
Point virgule,1 home,21819 mariette buksti gram,0,0,0,,0.5461,0.3003,9.0000,76.1968,FALSE
Pokémon,2 kids,,0,0,0,,0.5197,0.4085,18.0000,68.2708,FALSE
Polar skate,3 mens,,0,0,0,,0.5874,0.5874,2.0000,97.1327,FALSE
Polo ralph lauren,3 mens,20415 lotte skovaa,0,0,0,,0.5654,0.4389,503.0000,76.5596,FALSE
Ponymyths,2 kids,,0,0,0,,0.1807,0.1807,1.0000,84.6949,FALSE
Poster & frame,1 home,21819 mariette buksti gram,0,0,0,,1.0998,0.8663,114.0000,77.2725,FALSE
Prada vintage,7 w access,,0,0,0,,1.8910,1.3979,6.0000,44.2614,FALSE
Primadonna,6 lingerie,20415 lotte skovaa,0,0,0,,0.7129,0.6667,82.0000,105.6818,FALSE
Primigi,2 kids,,0,0,0,,0.2318,0.2506,5.0000,92.0264,FALSE
Princess mimi,2 kids,20415 lotte skovaa,0,0,0,,,,,100.0000,FALSE
Printworks,1 home,21819 mariette buksti gram,0,0,0,,1.0225,1.3336,3.0000,52.3715,FALSE
Pro touch,3 mens,20415 lotte skovaa,0,0,0,,0.4189,0.4001,15.0000,96.1710,FALSE
Ps paul smith,3 mens,20415 lotte skovaa,0,0,0,,0.3557,0.1457,26.0000,84.7265,FALSE
Pudderdåserne,8 cosmetics,21819 mariette buksti gram,0,0,0,,0.4609,0.4287,34.0000,69.9999,FALSE
Pulltex,1 home,21819 mariette buksti gram,0,0,0,,0.6054,0.4721,14.0000,65.6814,FALSE
Pure lime,3 mens,20415 lotte skovaa,0,0,0,,0.2026,0.2468,3.0000,89.1666,FALSE
Purito seoul,8 cosmetics,21819 mariette buksti gram,0,0,0,,1.0953,1.1012,36.0000,51.1116,FALSE
Purse pets,2 kids,20415 lotte skovaa,0,0,0,,1.0555,1.0555,1.0000,48.6495,FALSE
Pyrex,1 home,21819 mariette buksti gram,0,0,0,,2.1075,2.1075,1.0000,32.1799,FALSE
Pyunkang yul,8 cosmetics,21819 mariette buksti gram,0,0,0,,0.9209,0.8784,33.0000,54.6720,FALSE
Que rico,1 home,21819 mariette buksti gram,0,0,0,,0.5797,0.3332,15.0000,100.1717,FALSE
Quilts of denmark,1 home,21819 mariette buksti gram,0,0,0,,1.1859,0.8830,35.0000,50.4526,FALSE
Raadvad,1 home,21819 mariette buksti gram,0,0,0,,1.3703,1.2619,6.0000,44.3058,FALSE
Raaw alchemy,8 cosmetics,21819 mariette buksti gram,0,0,0,,0.1717,0.1258,23.0000,93.4293,FALSE
Raaw by trice,8 cosmetics,21819 mariette buksti gram,0,0,0,,0.1266,0.1266,1.0000,88.7640,FALSE
Rabanne,8 cosmetics,21819 mariette buksti gram,0,0,0,,0.8668,0.8224,81.0000,56.1349,FALSE
Rabens saloner,5 women,25070 adam massigeh,0,0,0,,0.4335,0.3411,22.0000,96.3277,FALSE
Ragbag studio,7 w access,20415 lotte skovaa,0,0,0,,0.6785,0.7143,45.0000,72.0571,FALSE
Rainbowcorns,2 kids,20415 lotte skovaa,0,0,0,,0.6701,0.6365,10.0000,60.6719,FALSE
Rap,2 kids,,0,0,0,,,,,,FALSE
Rapide,8 cosmetics,21819 mariette buksti gram,0,0,0,,0.0078,0.0078,1.0000,101.1111,FALSE
Ravensburger puslespil,2 kids,20415 lotte skovaa,0,0,0,,0.6369,0.6209,64.0000,61.6505,FALSE
Ravensburger spil,2 kids,20415 lotte skovaa,0,0,0,,0.7562,0.7872,6.0000,57.1223,FALSE
Raz skincare,8 cosmetics,21819 mariette buksti gram,0,0,0,,0.5805,0.5927,29.0000,64.0479,FALSE
Re do,3 mens,,0,0,0,,,,,,FALSE
Re:essence,1 home,21819 mariette buksti gram,0,0,0,,0.7313,0.8193,6.0000,80.7756,FALSE
Real techniques,8 cosmetics,,0,0,0,,1.0693,0.9267,37.0000,51.9020,FALSE
Rebel,8 cosmetics,,0,0,0,,0.2381,0.2195,3.0000,81.5969,FALSE
Rebelle copenhagen,1 home,21819 mariette buksti gram,0,0,0,,0.2059,0.1775,11.0000,92.9413,FALSE
Recipe for men,8 cosmetics,21819 mariette buksti gram,0,0,0,,0.3725,0.2959,30.0000,75.6212,FALSE
Recollector,1 home,21819 mariette buksti gram,0,0,0,,0.4638,0.3922,29.0000,71.0097,FALSE
Reebok,3 mens,20415 lotte skovaa,0,0,0,,0.4392,0.2180,7.0000,106.6634,FALSE
Reef,3 mens,20415 lotte skovaa,0,0,0,,1.0594,1.1260,6.0000,50.5818,FALSE
Refy,8 cosmetics,,0,0,0,,,,,100.0000,FALSE
Relaxy,1 home,21819 mariette buksti gram,0,0,0,,0.5688,0.4257,16.0000,71.0972,FALSE
Relevant,8 cosmetics,21819 mariette buksti gram,0,0,0,,0.6117,0.5529,4.0000,86.7625,FALSE
Rem beauty,8 cosmetics,21819 mariette buksti gram,0,0,0,,0.3964,0.4142,8.0000,95.6564,FALSE
Remain,5 women,25070 adam massigeh,0,0,0,,1.8906,2.3333,3.0000,189.0475,FALSE
Renpho,1 home,,0,0,0,,0.2686,0.2818,8.0000,85.7018,FALSE
Reome,8 cosmetics,,0,0,0,,0.0159,0.0159,2.0000,98.4320,FALSE
Replay,3 mens,20415 lotte skovaa,0,0,0,,0.3179,0.3179,1.0000,197.4786,FALSE
Respire,8 cosmetics,21819 mariette buksti gram,0,0,0,,1.0432,1.0432,1.0000,82.9806,FALSE
Rethinkit studios,5 women,,0,0,0,,0.5057,0.4286,55.0000,78.1972,FALSE
Reusch,3 mens,20415 lotte skovaa,0,0,0,,0.6592,0.6772,8.0000,78.1551,FALSE
Revolution,8 cosmetics,21819 mariette buksti gram,0,0,0,,0.7855,0.5487,289.0000,65.3302,FALSE
Rhode,8 cosmetics,,0,0,0,,,,,,FALSE
Riedel,11 food,61164 jacob bøgeholdt nielsen,0,0,0,,0.3879,0.4284,43.0000,75.2082,FALSE
Ril's,5 women,,0,0,0,,,,,,FALSE
Rio,2 kids,20415 lotte skovaa,0,0,0,,0.3624,0.2715,24.0000,92.5877,FALSE
Rm by rosemunde,5 women,25070 adam massigeh,0,0,0,,0.6572,0.5634,3.0000,119.9878,FALSE
Roberto cavalli,8 cosmetics,,0,0,0,,0.7802,0.6810,12.0000,57.8367,FALSE
Roboalive,2 kids,20415 lotte skovaa,0,0,0,,0.7300,0.6571,6.0000,58.6514,FALSE
Rockandblue,5 women,25070 adam massigeh,0,0,0,,0.6658,0.6658,2.0000,87.1816,FALSE
Rocket,1 home,21819 mariette buksti gram,0,0,0,,0.1078,0.0851,3.0000,90.5725,FALSE
Rodebjer,5 women,25070 adam massigeh,0,0,0,,0.2637,0.0428,12.0000,92.9691,FALSE
Roger orfévre,1 home,,0,0,0,,0.7219,0.1111,16.0000,79.4187,FALSE
Rohe,5 women,25070 adam massigeh,0,0,0,,,,,,FALSE
Roja,8 cosmetics,21819 mariette buksti gram,0,0,0,,0.5473,0.6013,24.0000,72.8377,FALSE
Room 1015,8 cosmetics,,0,0,0,,,,,100.9617,FALSE
Roos & roos,8 cosmetics,21819 mariette buksti gram,0,0,0,,0.1196,0.1196,1.0000,89.3137,FALSE
Root7,1 home,,0,0,0,,0.9940,0.9940,1.0000,50.1505,FALSE
Rose inc,8 cosmetics,21819 mariette buksti gram,0,0,0,,0.5508,0.5368,3.0000,99.1190,FALSE
Rosefield,7 w access,,0,0,0,,0.2500,0.2500,1.0000,80.0000,FALSE
Rosemunde,5 women,25070 adam massigeh,0,0,0,,0.6780,0.4301,121.0000,92.5104,FALSE
Rosendahl,1 home,21819 mariette buksti gram,0,0,0,,0.7571,0.6667,137.0000,62.8212,FALSE
Rosenthal,1 home,21819 mariette buksti gram,0,0,0,,0.3222,0.2594,15.0000,79.4446,FALSE
Rosti,1 home,21819 mariette buksti gram,0,0,0,,0.4794,0.4008,140.0000,70.6234,FALSE
Rotate birger christensen,5 women,25070 adam massigeh,0,0,0,,1.0300,1.0300,2.0000,185.3961,FALSE
Rouge-edit,5 women,,0,0,0,,0.3536,0.2501,21.0000,121.7656,FALSE
Royal republiq,3 mens,,0,0,0,,,,,,FALSE
Royal slippers,3 mens,25070 adam massigeh,0,0,0,,,,,,FALSE
Rue de femme,5 women,25070 adam massigeh,0,0,0,,0.3041,0.1017,18.0000,104.1071,FALSE
Rvlt / revolution,3 mens,20415 lotte skovaa,0,0,0,,0.7626,0.7073,37.0000,85.6538,FALSE
Résumé,5 women,25070 adam massigeh,0,0,0,,0.1672,0.0020,17.0000,96.4619,FALSE
Römertopf,1 home,,0,0,0,,0.3451,0.3451,1.0000,74.3429,FALSE
Rörstrand,1 home,21819 mariette buksti gram,0,0,0,,0.7451,0.6667,80.0000,59.6871,FALSE
Rösle,1 home,21819 mariette buksti gram,0,0,0,,0.5072,0.4403,137.0000,69.8253,FALSE
Sabonet,1 home,,0,0,0,,2.9467,3.0746,4.0000,25.4495,FALSE
Sachajuan,8 cosmetics,21819 mariette buksti gram,0,0,0,,0.6301,0.5436,43.0000,64.9513,FALSE
Saddler,3 mens,20415 lotte skovaa,0,0,0,,0.4887,0.3300,71.0000,85.5782,FALSE
Sagaform,1 home,21819 mariette buksti gram,0,0,0,,0.5251,0.4785,77.0000,69.4113,FALSE
Sage,1 home,21819 mariette buksti gram,0,0,0,,0.3588,0.3226,97.0000,76.9369,FALSE
Saint tropez,5 women,25070 adam massigeh,0,0,0,,0.3859,0.3355,65.0000,136.0231,FALSE
Sally,2 kids,20415 lotte skovaa,0,0,0,,0.5930,0.5930,2.0000,62.8493,FALSE
Salvatore ferragamo vintage,7 w access,,0,0,0,,,,,,FALSE
Sambonet,1 home,21819 mariette buksti gram,0,0,0,,2.8319,2.6889,3.0000,26.8427,FALSE
Samsonite,3 mens,20415 lotte skovaa,0,0,0,,0.2635,0.2500,51.0000,93.8637,FALSE
Sand,5 women,25070 adam massigeh,0,0,0,,0.4525,0.4005,10.0000,126.1293,FALSE
Sand & sky,8 cosmetics,,0,0,0,,,,,,FALSE
Saphir,3 mens,,0,0,0,,0.1365,0.0671,28.0000,92.3001,FALSE
Sarda,6 lingerie,20415 lotte skovaa,0,0,0,,0.8091,0.8091,1.0000,128.9699,FALSE
Satisfyer,8 cosmetics,75404 jonas linding berg,0,0,0,,0.6214,0.6667,15.0000,64.2002,FALSE
Schiesser,3 mens,,0,0,0,,0.3134,0.3359,44.0000,78.9080,FALSE
Schleich,2 kids,20415 lotte skovaa,0,0,0,,0.6938,0.5954,112.0000,61.2343,FALSE
Science,2 kids,,0,0,0,,0.5783,0.6268,6.0000,66.1940,FALSE
Scoot & ride,2 kids,20415 lotte skovaa,0,0,0,,0.2925,0.3036,36.0000,78.9506,FALSE
Scruff a luvs,2 kids,,0,0,0,,0.2247,0.2247,2.0000,81.6809,FALSE
Seafolly,6 lingerie,,0,0,0,,,,,,FALSE
Seasonly,8 cosmetics,21819 mariette buksti gram,0,0,0,,,,,159.7761,FALSE
Sebago,3 mens,25070 adam massigeh,0,0,0,,0.6280,0.5556,15.0000,68.7832,FALSE
Secrid,3 mens,20415 lotte skovaa,0,0,0,,0.1478,0.1022,77.0000,88.4649,FALSE
Secto,1 home,21819 mariette buksti gram,0,0,0,,0.2399,0.2500,47.0000,81.3421,FALSE
Seidensticker,3 mens,20415 lotte skovaa,0,0,0,,0.3811,0.3861,38.0000,84.4256,FALSE
Sekan,1 home,21819 mariette buksti gram,0,0,0,,1.6207,0.4481,11.0000,76.5507,FALSE
Sekonda,7 w access,,0,0,0,,1.7110,1.7110,1.0000,84.2216,FALSE
Sensai,8 cosmetics,21819 mariette buksti gram,0,0,0,,0.3774,0.3612,244.0000,75.0560,FALSE
Senta,3 mens,,0,0,0,,0.0003,0.0003,2.0000,99.9750,FALSE
Sephora collection,8 cosmetics,21819 mariette buksti gram,0,0,0,,0.1394,0.1010,7.0000,100.2076,FALSE
Sephora favorites,8 cosmetics,,0,0,0,,,,,,FALSE
Serax,1 home,,0,0,0,,0.1622,0.1280,19.0000,109.0215,FALSE
Serendipity organics,2 kids,,0,0,0,,1.5006,1.5006,1.0000,39.9911,FALSE
Service projects,1 home,,0,0,0,,0.0763,0.0584,4.0000,99.7267,FALSE
Service works,3 mens,,0,0,0,,0.1381,0.1381,2.0000,89.0492,FALSE
Ses creative,2 kids,20415 lotte skovaa,0,0,0,,0.6578,0.6160,71.0000,62.2512,FALSE
Shark beauty,1 home,21819 mariette buksti gram,0,0,0,,0.5377,0.5220,7.0000,66.3962,FALSE
Shark gaming,1 home,21819 mariette buksti gram,0,0,0,,0.4233,0.4012,48.0000,83.5362,FALSE
Shepherd of sweden,7 w access,25070 adam massigeh,0,0,0,,0.4329,0.3939,13.0000,74.9147,FALSE
Shiseido,8 cosmetics,21819 mariette buksti gram,0,0,1,,1.0935,1.0637,292.0000,54.9038,FALSE
Shoe biz,7 w access,,0,0,0,,0.3344,0.3344,1.0000,90.6945,FALSE
Shoedesign copenhagen,7 w access,25070 adam massigeh,0,0,0,,0.4750,0.4291,19.0000,100.0072,FALSE
Shu uemura art of hair,8 cosmetics,21819 mariette buksti gram,0,0,0,,0.5456,0.5154,43.0000,65.1330,FALSE
Siba's,1 home,21819 mariette buksti gram,0,0,0,,,,,,FALSE
Sidas,3 mens,20415 lotte skovaa,0,0,0,,0.7081,0.3942,6.0000,80.7778,FALSE
Sif jakobs jewellery,7 w access,20415 lotte skovaa,0,0,0,,0.5650,0.4066,182.0000,66.5155,FALSE
Silikomart,1 home,,0,0,0,,0.3937,0.3174,57.0000,91.1150,FALSE
Silk clay,2 kids,20415 lotte skovaa,0,0,0,,0.4949,0.4949,2.0000,66.8959,FALSE
Silva,3 mens,,0,0,0,,,,,122.6830,FALSE
Silver essentials by plaza,7 w access,20415 lotte skovaa,0,0,0,,0.7369,0.6667,25.0000,60.3544,FALSE
Simone pérèle,6 lingerie,20415 lotte skovaa,0,0,0,,0.2680,0.1929,50.0000,103.6785,FALSE
Simple wish,5 women,25070 adam massigeh,0,0,0,,,,,,FALSE
Simply chocolate,11 food,61164 jacob bøgeholdt nielsen,0,0,0,,0.2253,0.2500,11.0000,92.6797,FALSE
Sincere,1 home,,0,0,0,,,,,,FALSE
Single flowers perfume,1 home,,0,0,0,,0.1024,0.1210,7.0000,96.7841,FALSE
Sirius,1 home,21819 mariette buksti gram,0,0,0,,0.4557,0.3837,141.0000,72.3378,FALSE
Sisley,8 cosmetics,21819 mariette buksti gram,0,0,0,,0.5226,0.4809,499.0000,69.1164,FALSE
Sissel edelbo,5 women,25070 adam massigeh,0,0,0,,,,,,FALSE
Sitre,8 cosmetics,75404 jonas linding berg,0,0,0,,0.3604,0.3631,4.0000,78.9805,FALSE
Sjöstrand,1 home,21819 mariette buksti gram,0,0,0,,0.0935,0.0870,22.0000,94.0214,FALSE
Skagen,7 w access,,0,0,0,,0.6634,0.4525,5.0000,63.8133,FALSE
Skagerak,1 home,21819 mariette buksti gram,0,0,0,,0.3913,0.3337,17.0000,76.7107,FALSE
Skandinavisk,1 home,21819 mariette buksti gram,0,0,0,,0.4129,0.4019,90.0000,78.9129,FALSE
Skinfood,8 cosmetics,,0,0,0,,0.5419,0.5419,1.0000,64.8536,FALSE
Skøn skincare,8 cosmetics,21819 mariette buksti gram,0,0,0,,0.4115,0.3333,15.0000,90.9071,FALSE
Sloggi,6 lingerie,20415 lotte skovaa,0,0,0,,0.8216,0.7313,72.0000,82.4693,FALSE
Smagfuld by almuegaarden,11 food,61164 jacob bøgeholdt nielsen,0,0,0,,0.0889,0.0889,1.0000,100.0000,FALSE
Smart frame,11 food,,0,0,0,,,,,,FALSE
Smashers,2 kids,20415 lotte skovaa,0,0,0,,0.5847,0.6124,5.0000,65.6222,FALSE
Smile makers,8 cosmetics,75404 jonas linding berg,0,0,0,,0.2465,0.3042,11.0000,85.5111,FALSE
Smuk skincare,8 cosmetics,,0,0,0,,0.3292,0.3292,1.0000,75.2341,FALSE
Soaked in luxury,5 women,25070 adam massigeh,0,0,0,,0.4636,0.3511,73.0000,120.6728,FALSE
Soft buddies,2 kids,20415 lotte skovaa,0,0,0,,0.2343,0.1624,5.0000,86.6538,FALSE
Soft gallery,2 kids,20415 lotte skovaa,0,0,0,,1.0836,1.0836,2.0000,79.9977,FALSE
Soft rebels,5 women,25070 adam massigeh,0,0,0,,0.4517,0.3349,151.0000,109.5329,FALSE
Sokind,8 cosmetics,21819 mariette buksti gram,0,0,0,,0.3676,0.4286,8.0000,74.8577,FALSE
Solferino,8 cosmetics,,0,0,0,,,,,102.1405,FALSE
Some by mi,8 cosmetics,21819 mariette buksti gram,0,0,0,,0.7513,0.6422,49.0000,60.4839,FALSE
Something new,5 women,25070 adam massigeh,0,0,0,,,,,173.3333,FALSE
Sonic,2 kids,20415 lotte skovaa,0,0,0,,0.5400,0.5633,3.0000,65.1240,FALSE
Sorel,3 mens,20415 lotte skovaa,0,0,0,,1.3212,1.2532,6.0000,45.7548,FALSE
Sos,3 mens,,0,0,0,,0.6057,0.6989,5.0000,63.6155,FALSE
Soulland,3 mens,20415 lotte skovaa,0,0,0,,0.1096,0.1096,2.0000,90.1464,FALSE
Soyaconcept,5 women,25070 adam massigeh,0,0,0,,0.4251,0.3394,60.0000,119.8473,FALSE
Spalding,3 mens,,0,0,0,,0.7497,0.7497,1.0000,57.1510,FALSE
Spanx,6 lingerie,20415 lotte skovaa,0,0,0,,0.1718,0.1720,14.0000,87.4352,FALSE
Sparkz copenhagen,5 women,,0,0,0,,,,,,FALSE
Speed car,2 kids,20415 lotte skovaa,0,0,0,,0.3674,0.3376,29.0000,80.6790,FALSE
Speedo,3 mens,20415 lotte skovaa,0,0,0,,0.7525,0.7195,59.0000,81.1005,FALSE
Speedtsberg,1 home,21819 mariette buksti gram,0,0,0,,0.2131,0.1455,11.0000,84.7201,FALSE
Spiderman,2 kids,20415 lotte skovaa,0,0,0,,0.7038,0.6299,13.0000,61.0367,FALSE
Spidey,2 kids,20415 lotte skovaa,0,0,0,,0.7389,0.7109,8.0000,59.6513,FALSE
Spil,2 kids,20415 lotte skovaa,0,0,0,,0.5524,0.5524,2.0000,66.1639,FALSE
Spy x,2 kids,20415 lotte skovaa,0,0,0,,0.4483,0.4540,3.0000,69.8614,FALSE
Squishmallows,2 kids,20415 lotte skovaa,0,0,0,,1.0187,0.8106,28.0000,54.3374,FALSE
St.tropez,8 cosmetics,21819 mariette buksti gram,0,0,0,,0.8049,0.7313,14.0000,56.5936,FALSE
Star wars,2 kids,20415 lotte skovaa,0,0,0,,0.5974,0.5622,5.0000,62.7245,FALSE
Statewear,3 mens,,0,0,0,,,,,100.0000,FALSE
Staub,1 home,21819 mariette buksti gram,0,0,0,,0.5342,0.4410,95.0000,66.4355,FALSE
Steamery,1 home,21819 mariette buksti gram,0,0,0,,0.3343,0.2500,27.0000,79.4187,FALSE
Stella mccartney vintage,7 w access,,0,0,0,,,,,,FALSE
Stelling,1 home,,0,0,0,,0.2212,0.1124,178.0000,89.6670,FALSE
Stenströms,5 women,25070 adam massigeh,0,0,0,,0.2554,0.1918,32.0000,91.5044,FALSE
Stetson,3 mens,20415 lotte skovaa,0,0,0,,0.4811,0.4811,2.0000,72.3971,FALSE
Stiga,3 mens,20415 lotte skovaa,0,0,0,,0.5286,0.4595,14.0000,73.1358,FALSE
Stine a,7 w access,20415 lotte skovaa,0,0,0,,0.6414,0.5385,43.0000,63.7689,FALSE
Stine goya,5 women,25070 adam massigeh,0,0,0,,0.3691,0.4007,39.0000,107.8000,FALSE
Stoff nagel,1 home,21819 mariette buksti gram,0,0,0,,0.2887,0.2658,42.0000,77.8229,FALSE
Storm & marie,5 women,,0,0,0,,,,,,FALSE
Studio about,1 home,21819 mariette buksti gram,0,0,0,,0.5849,0.3333,49.0000,81.9535,FALSE
Studio z,7 w access,20415 lotte skovaa,0,0,0,,0.3891,0.4286,26.0000,90.6102,FALSE
Stuff,1 home,21819 mariette buksti gram,0,0,0,,0.5075,0.1074,7.0000,91.5034,FALSE
Stölzle lausitz,1 home,21819 mariette buksti gram,0,0,0,,1.9607,2.2338,7.0000,63.3495,FALSE
Summer fridays,8 cosmetics,21819 mariette buksti gram,0,0,0,,0.1807,0.1807,2.0000,98.5800,FALSE
Sunday riley,8 cosmetics,21819 mariette buksti gram,0,0,0,,0.3440,0.3440,2.0000,122.3987,FALSE
Superdry,3 mens,20415 lotte skovaa,0,0,0,,0.5552,0.5333,35.0000,92.6276,FALSE
Superfit,2 kids,25070 adam massigeh,0,0,0,,0.6556,0.7519,11.0000,121.6142,FALSE
Supergoop,8 cosmetics,21819 mariette buksti gram,0,0,0,,0.1783,0.1994,4.0000,95.2086,FALSE
Susanne kaufmann,8 cosmetics,21819 mariette buksti gram,0,0,0,,0.5841,0.6814,34.0000,68.8208,FALSE
Svakom,8 cosmetics,75404 jonas linding berg,0,0,0,,0.3881,0.2828,9.0000,77.0563,FALSE
Svend michelsen chokolade,11 food,,0,0,0,,0.2383,0.1538,11.0000,86.1495,FALSE
Swat,2 kids,20415 lotte skovaa,0,0,0,,0.7546,0.7546,1.0000,78.4964,FALSE
Sweet smile,8 cosmetics,,0,0,0,,0.4754,0.2813,3.0000,73.9201,FALSE
System jo,8 cosmetics,75404 jonas linding berg,0,0,0,,0.3760,0.2700,9.0000,77.3319,FALSE
Tack pro,2 kids,,0,0,0,,0.6289,0.6289,1.0000,95.4840,FALSE
Tactic spil,2 kids,20415 lotte skovaa,0,0,0,,0.7086,0.7680,3.0000,59.5286,FALSE
Tamaris,7 w access,25070 adam massigeh,0,0,0,,0.5412,0.2665,52.0000,120.0761,FALSE
Tatcha,8 cosmetics,21819 mariette buksti gram,0,0,0,,,,,100.0000,FALSE
Tech dech,2 kids,,0,0,0,,0.8713,0.3546,6.0000,66.3896,FALSE
Technic,8 cosmetics,21819 mariette buksti gram,0,0,0,,0.2455,0.1600,33.0000,92.4524,FALSE
Tecnopro,3 mens,20415 lotte skovaa,0,0,0,,2.3353,2.3353,1.0000,181.5153,FALSE
Ted baker,5 women,,0,0,0,,0.4116,0.3111,4.0000,96.2623,FALSE
Teddy hermann,2 kids,20415 lotte skovaa,0,0,0,,0.2368,0.1753,80.0000,83.1567,FALSE
Tefal,1 home,21819 mariette buksti gram,0,0,0,,1.0682,0.9766,17.0000,52.3692,FALSE
Tender leaf,2 kids,20415 lotte skovaa,0,0,0,,0.5651,0.5338,46.0000,67.1521,FALSE
Tenga,8 cosmetics,75404 jonas linding berg,0,0,0,,0.2833,0.2154,13.0000,79.8144,FALSE
Tenson,3 mens,20415 lotte skovaa,0,0,0,,0.8366,0.4070,11.0000,69.7981,FALSE
Terenzi,8 cosmetics,,0,0,0,,0.6680,0.6846,21.0000,66.3849,FALSE
Tga by ahler,3 mens,25070 adam massigeh,0,0,0,,0.1621,0.0010,11.0000,95.6585,FALSE
That´s mine,2 kids,20415 lotte skovaa,0,0,0,,0.4485,0.4286,116.0000,77.4612,FALSE
The body shop,8 cosmetics,21819 mariette buksti gram,0,0,0,,0.3817,0.3448,53.0000,90.8515,FALSE
The earring shop,7 w access,20415 lotte skovaa,0,0,0,,,,,100.0000,FALSE
The good statement,5 women,25070 adam massigeh,0,0,0,,,,,,FALSE
The inkey list,8 cosmetics,21819 mariette buksti gram,0,0,0,,0.5661,0.4969,35.0000,67.6364,FALSE
The mallows,11 food,61164 jacob bøgeholdt nielsen,0,0,0,,0.2092,0.2500,7.0000,82.9150,FALSE
The natural love company,8 cosmetics,75404 jonas linding berg,0,0,0,,,,,,FALSE
The new,2 kids,20415 lotte skovaa,0,0,0,,0.5883,0.4303,140.0000,87.1327,FALSE
The oh collective,8 cosmetics,75404 jonas linding berg,0,0,0,,,,,100.0000,FALSE
The organic pharmacy,8 cosmetics,21819 mariette buksti gram,0,0,0,,0.5533,0.5232,39.0000,68.4287,FALSE
The pelvic people,8 cosmetics,75404 jonas linding berg,0,0,0,,,,,,FALSE
The poster club,1 home,21819 mariette buksti gram,0,0,0,,0.8065,0.9356,4.0000,79.9904,FALSE
The retreat,8 cosmetics,21819 mariette buksti gram,0,0,0,,0.5747,0.5363,11.0000,63.6058,FALSE
The row vintage,7 w access,,0,0,0,,,,,,FALSE
The-7-virtues,8 cosmetics,,0,0,0,,,,,100.0000,FALSE
Tica copenhagen,1 home,21819 mariette buksti gram,0,0,0,,0.6804,0.4575,29.0000,63.4566,FALSE
Ticket to ride,2 kids,20415 lotte skovaa,0,0,0,,0.9670,0.9670,1.0000,50.8386,FALSE
Ticket woman,5 women,25070 adam massigeh,0,0,0,,,,,,FALSE
Tiger of sweden,3 mens,20415 lotte skovaa,0,0,0,,0.3402,0.3174,131.0000,91.0565,FALSE
Tiny tresures,2 kids,20415 lotte skovaa,0,0,0,,0.2789,0.2341,6.0000,79.9230,FALSE
Tokyo design studio,1 home,21819 mariette buksti gram,0,0,0,,0.2493,0.1856,26.0000,90.5997,FALSE
Tom ford,8 cosmetics,21819 mariette buksti gram,0,0,0,,0.5415,0.5046,165.0000,78.9941,FALSE
Tom ford vintage,7 w access,,0,0,0,,,,,,FALSE
Tom morris,7 w access,20415 lotte skovaa,0,0,0,,1.0033,1.0033,1.0000,87.4791,FALSE
Tommy hilfiger,3 mens,20415 lotte skovaa,0,0,0,,0.6023,0.4293,435.0000,79.5593,FALSE
Tomorrow,5 women,25070 adam massigeh,0,0,0,,,,,,FALSE
Tomy,2 kids,20415 lotte skovaa,0,0,0,,0.6667,0.6667,1.0000,60.0000,FALSE
Tony perotti,3 mens,20415 lotte skovaa,0,0,0,,0.3896,0.3358,34.0000,92.4186,FALSE
Top model,2 kids,20415 lotte skovaa,0,0,0,,0.7802,0.6667,7.0000,59.1941,FALSE
Topshop,5 women,25070 adam massigeh,0,0,0,,0.4416,0.3355,32.0000,171.5288,FALSE
Treksta,3 mens,,0,0,0,,1.4999,1.4999,1.0000,40.0013,FALSE
Triominos,2 kids,20415 lotte skovaa,0,0,0,,0.2656,0.2529,3.0000,79.0947,FALSE
True religion,5 women,25070 adam massigeh,0,0,0,,0.6475,0.5008,11.0000,90.1723,FALSE
Turiform,1 home,21819 mariette buksti gram,0,0,0,,0.6594,0.5393,22.0000,66.8917,FALSE
Twojeys,3 mens,,0,0,0,,0.3567,0.2778,4.0000,129.1049,FALSE
U.s. polo assn.,3 mens,20415 lotte skovaa,0,0,0,,0.4038,0.3376,31.0000,78.6767,FALSE
Udendørs leg,2 kids,,0,0,0,,,,,100.0000,FALSE
Uhlsport,3 mens,,0,0,0,,0.7580,0.8147,8.0000,65.0547,FALSE
Ultra violette,8 cosmetics,21819 mariette buksti gram,0,0,0,,0.0936,0.1393,5.0000,98.0435,FALSE
Umage,1 home,21819 mariette buksti gram,0,0,0,,0.3750,0.3339,190.0000,74.4245,FALSE
Underprotection,6 lingerie,,0,0,0,,1.5000,1.5000,2.0000,40.0000,FALSE
Understatement,6 lingerie,20415 lotte skovaa,0,0,0,,0.1924,0.1111,14.0000,93.8695,FALSE
Unicones,2 kids,20415 lotte skovaa,0,0,0,,1.0090,0.6775,11.0000,54.4197,FALSE
United colors of benetton,5 women,25070 adam massigeh,0,0,0,,2.1276,1.5065,7.0000,43.7591,FALSE
Unlimit,7 w access,25070 adam massigeh,0,0,0,,,,,100.0000,FALSE
Unmade,7 w access,25070 adam massigeh,0,0,0,,,,,,FALSE
Upfront,3 mens,20415 lotte skovaa,0,0,0,,0.6030,0.5426,7.0000,113.4759,FALSE
Urban nature culture,1 home,21819 mariette buksti gram,0,0,0,,0.3508,0.3300,27.0000,78.4122,FALSE
V tech,2 kids,20415 lotte skovaa,0,0,0,,0.5412,0.5304,27.0000,69.0089,FALSE
Valentino bags,7 w access,25070 adam massigeh,0,0,0,,0.5705,0.5759,27.0000,70.1549,FALSE
Valentino vintage,7 w access,,0,0,0,,,,,,FALSE
Valrhona,11 food,61164 jacob bøgeholdt nielsen,0,0,0,,0.1005,0.1081,13.0000,90.8990,FALSE
Van cleef & arpels,8 cosmetics,21819 mariette buksti gram,0,0,0,,0.7821,0.8567,21.0000,58.1460,FALSE
Veja,3 mens,,0,0,0,,0.3342,0.2385,13.0000,91.9594,FALSE
Verpan,1 home,21819 mariette buksti gram,0,0,0,,0.3959,0.3911,43.0000,73.1855,FALSE
Versace vintage,7 w access,,0,0,0,,,,,,FALSE
Verso,8 cosmetics,21819 mariette buksti gram,0,0,0,,0.4703,0.3554,25.0000,76.6430,FALSE
Vibe vibe,5 women,25070 adam massigeh,0,0,0,,,,,,FALSE
Victoria beckham beauty,8 cosmetics,,0,0,0,,0.2762,0.2754,38.0000,79.2595,FALSE
Victorinox,3 mens,20415 lotte skovaa,0,0,0,,0.2650,0.2082,18.0000,95.0892,FALSE
Viking,2 kids,25070 adam massigeh,0,0,0,,0.4843,0.3605,72.0000,84.4223,FALSE
Vilac,2 kids,20415 lotte skovaa,0,0,0,,0.4957,0.5120,69.0000,69.0993,FALSE
Vildkatten,2 kids,20415 lotte skovaa,0,0,0,,0.5741,0.4912,4.0000,64.5487,FALSE
Villa collection,1 home,21819 mariette buksti gram,0,0,0,,0.4194,0.4095,3.0000,115.4665,FALSE
Vini game,2 kids,20415 lotte skovaa,0,0,0,,0.4166,0.3064,26.0000,78.5374,FALSE
Vini sport,2 kids,20415 lotte skovaa,0,0,0,,0.5502,0.4144,12.0000,69.1228,FALSE
Vita liberata,8 cosmetics,21819 mariette buksti gram,0,0,0,,0.4279,0.4585,26.0000,73.6395,FALSE
Vogue,7 w access,,0,0,0,,0.9361,0.9361,1.0000,51.6505,FALSE
Volta mobiles,1 home,21819 mariette buksti gram,0,0,0,,0.0556,0.0555,3.0000,102.0485,FALSE
Vondels,1 home,21819 mariette buksti gram,0,0,0,,0.9082,0.9082,2.0000,63.6079,FALSE
Votary,8 cosmetics,21819 mariette buksti gram,0,0,0,,0.0963,0.0148,19.0000,92.2168,FALSE
Vt cosmetics,8 cosmetics,,0,0,0,,0.9750,1.0388,4.0000,51.3492,FALSE
Wacaco,1 home,,0,0,0,,0.5668,0.5277,5.0000,64.7920,FALSE
Wacoal,6 lingerie,20415 lotte skovaa,0,0,0,,0.4510,0.3515,19.0000,89.4698,FALSE
Wally and whiz,11 food,61164 jacob bøgeholdt nielsen,0,0,0,,0.4263,0.2532,12.0000,81.7715,FALSE
Warmpeace,3 mens,20415 lotte skovaa,0,0,0,,0.8092,0.8092,2.0000,55.2916,FALSE
Wasabiconcept,5 women,25070 adam massigeh,0,0,0,,0.7519,0.4999,67.0000,103.1029,FALSE
Wasgij puslespil,2 kids,,0,0,0,,0.3781,0.3802,10.0000,73.1410,FALSE
Wax london,3 mens,,0,0,0,,0.1858,0.0036,5.0000,98.2051,FALSE
Wecycle furniture,1 home,21819 mariette buksti gram,0,0,0,,,,,199.6922,FALSE
Wedgwood,1 home,,0,0,0,,0.0720,0.0214,10.0000,99.9370,FALSE
Weekend max mara,5 women,,0,0,0,,0.1729,0.1109,15.0000,101.3276,FALSE
Wesco,1 home,,0,0,0,,,,,188.5822,FALSE
Westman atelier,8 cosmetics,,0,0,0,,0.2966,0.3175,22.0000,84.1382,FALSE
Wiki,6 lingerie,20415 lotte skovaa,0,0,0,,1.5094,1.5094,1.0000,238.6123,FALSE
Wildo,3 mens,,0,0,0,,,,,100.0000,FALSE
Wilson,3 mens,20415 lotte skovaa,0,0,0,,0.6623,0.6416,7.0000,67.1349,FALSE
Winky lux,8 cosmetics,,0,0,0,,,,,,FALSE
Wishful,8 cosmetics,,0,0,0,,0.1041,0.1041,1.0000,90.5736,FALSE
With love darling,7 w access,20415 lotte skovaa,0,0,0,,0.2496,0.1000,15.0000,122.3764,FALSE
Witt,1 home,21819 mariette buksti gram,0,0,0,,0.6033,0.4680,30.0000,75.2382,FALSE
Wolford,6 lingerie,25070 adam massigeh,0,0,0,,0.2341,0.0762,71.0000,94.0113,FALSE
Womanizer,8 cosmetics,,0,0,0,,0.2367,0.1522,7.0000,82.9472,FALSE
Won hundred,3 mens,,0,0,0,,0.1591,0.0254,10.0000,114.4909,FALSE
Wonders,7 w access,25070 adam massigeh,0,0,0,,0.4501,0.3865,13.0000,84.7218,FALSE
Woodbird,3 mens,20415 lotte skovaa,0,0,0,,0.7077,0.5038,73.0000,86.5311,FALSE
Woods copenhagen,8 cosmetics,21819 mariette buksti gram,0,0,0,,0.4833,0.4509,31.0000,83.0945,FALSE
Wowbrow,8 cosmetics,21819 mariette buksti gram,0,0,0,,0.1231,0.1231,1.0000,89.0411,FALSE
Xd design,1 home,21819 mariette buksti gram,0,0,0,,0.1079,0.1079,2.0000,91.1236,FALSE
Xerjoff,8 cosmetics,,0,0,0,,0.4317,0.4088,39.0000,72.6449,FALSE
Xii,7 w access,,0,0,0,,4.0336,4.0336,1.0000,19.8664,FALSE
Yepoda,8 cosmetics,21819 mariette buksti gram,0,0,0,,0.6001,0.6711,3.0000,94.6292,FALSE
Ylvi,2 kids,,0,0,0,,0.4745,0.4745,2.0000,67.8838,FALSE
Yonex,3 mens,20415 lotte skovaa,0,0,0,,0.5337,0.4999,21.0000,73.0124,FALSE
Youcare,8 cosmetics,75404 jonas linding berg,0,0,0,,,,,100.0000,FALSE
Youth to the people,8 cosmetics,21819 mariette buksti gram,0,0,0,,,,,178.9614,FALSE
Yrolí copenhagen,8 cosmetics,21819 mariette buksti gram,0,0,0,,0.7287,0.4868,3.0000,95.6899,FALSE
Yves saint laurent,8 cosmetics,21819 mariette buksti gram,0,0,0,,0.5097,0.5282,361.0000,71.7247,FALSE
Yves saint laurent vintage,7 w access,,0,0,0,,0.7512,0.4287,4.0000,78.4621,FALSE
Zadig & voltaire,8 cosmetics,21819 mariette buksti gram,0,0,0,,1.2515,1.1571,21.0000,51.2940,FALSE
Zarko,8 cosmetics,21819 mariette buksti gram,0,0,0,,0.6815,0.6893,22.0000,65.3800,FALSE
Zarko beauty by oli,8 cosmetics,21819 mariette buksti gram,0,0,0,,0.2166,0.0992,19.0000,89.4996,FALSE
Zassenhaus,1 home,,0,0,0,,0.7153,0.7492,13.0000,65.9449,FALSE
Zenz,8 cosmetics,21819 mariette buksti gram,0,0,0,,0.6693,0.7016,66.0000,60.5688,FALSE
Zeroid,8 cosmetics,,0,0,0,,0.5434,0.5434,2.0000,67.7016,FALSE
Zoeva,8 cosmetics,21819 mariette buksti gram,0,0,0,,,,,155.4250,FALSE
Zone,1 home,21819 mariette buksti gram,0,0,0,,0.4835,0.4075,322.0000,73.7448,FALSE
Æther,8 cosmetics,21819 mariette buksti gram,0,0,0,,0.1602,0.0296,7.0000,88.8016,FALSE
Ölend,7 w access,25070 adam massigeh,0,0,0,,0.2443,0.3038,3.0000,96.7520,FALSE
Østerlandsk 1889,11 food,61164 jacob bøgeholdt nielsen,0,0,0,,0.0889,0.1031,6.0000,97.1166,FALSE
Østerlandsk 1889 cph,11 food,61164 jacob bøgeholdt nielsen,0,0,0,,0.1386,0.1386,1.0000,87.8266,FALSE
Østerlandsk tehus,11 food,61164 jacob bøgeholdt nielsen,0,0,0,,0.2506,0.1031,29.0000,90.1046,FALSE
Überlube,8 cosmetics,75404 jonas linding berg,0,0,0,,,,,149.3169,FALSE
