List,Rank,Previous rank,Demand,Demand change,Title,Brand,Google category,GTINs,Inventory status
Apparel & Accessories,1,1,VERY_HIGH,FLAT,New Balance 530,New Balance,Apparel & Accessories > Shoes,"00197375920382,00199064031355,00199062903500",IN_STOCK
Apparel & Accessories,2,4,VERY_HIGH,FLAT,6 Salomon XT,Salomon,Apparel & Accessories > Shoes,"00198720072428,00198720534469,00198720072299",NOT_IN_INVENTORY
Apparel & Accessories,3,48,VERY_HIGH,RISER,ICHI Gaziva Tie Waist Coat in Chocolate Brown Melange at Nordstrom,Ichi,Apparel & Accessories > Clothing > Outerwear > Coats & Jackets,"05715572399524,05715753177651,05715572399531",NOT_IN_INVENTORY
Apparel & Accessories,4,6,VERY_HIGH,FLAT,Asics Gel 1130,ASICS,Apparel & Accessories > Shoes,"04550456542198,04571633823787,04571633851223",IN_STOCK
Apparel & Accessories,5,8,VERY_HIGH,FLAT,Nike Women's P-6000,Nike,Apparel & Accessories > Shoes,"00198964388767,00198959851917,00198730445052",IN_STOCK
Apparel & Accessories,6,7,VERY_HIGH,FLAT,Mens adidas Handball Spezial,adidas,Apparel & Accessories > Shoes,"04060512040815,04067888603682,04069987886713",IN_STOCK
Apparel & Accessories,7,14,VERY_HIGH,RISER,Nike Men's P-6000,Nike,Apparel & Accessories > Shoes,"00198959674370,00197863433509,00198959672864",IN_STOCK
Apparel & Accessories,9,11,HIGH,FLAT,Kids Mikk-Line Thermo Set,Mikk-Line,Apparel & Accessories > Clothing > Outfit Sets,"05715073215071,05715073215408,05715073595135",IN_STOCK
Apparel & Accessories,10,15,HIGH,FLAT,adidas Women's Originals Firebird Track Pants,adidas,Apparel & Accessories > Clothing > Pants,"04068821103092,04068818702062,04068806480286",NOT_IN_INVENTORY
Apparel & Accessories,11,36,HIGH,FLAT,Nike Women's Shox TL,Nike,Apparel & Accessories > Shoes,"00198959770812,00192498999895,00192498999949",NOT_IN_INVENTORY
Apparel & Accessories,12,16,HIGH,FLAT,adidas Kids Handball Spezial,adidas,Apparel & Accessories > Shoes,"04067888538380,04068816718553,04067888538427",NOT_IN_INVENTORY
Apparel & Accessories,13,2,HIGH,SINKER,Children Mikk-Line PU Rain,Mikk-Line,Apparel & Accessories > Clothing > Outerwear > Rain Suits,"05715073359959,05715073540432,05715073211158",NOT_IN_INVENTORY
Apparel & Accessories,15,21,HIGH,FLAT,New Balance Kids' 530,New Balance,Apparel & Accessories > Shoes,"00196432771493,00196652590751,00196652590737",IN_STOCK
Apparel & Accessories,16,20,HIGH,FLAT,New Balance Kids' 740,New Balance,Apparel & Accessories > Shoes,"00198689629503,00198689629527,00198687384732",IN_STOCK
Apparel & Accessories,18,45,HIGH,FLAT,adidas Samba OG,adidas,Apparel & Accessories > Shoes,"04059809046210,04059809046197,04066765863379",IN_STOCK
Apparel & Accessories,20,17,HIGH,FLAT,Nike Men's Everyday Cushioned Crew Socks,Nike,Apparel & Accessories > Clothing > Underwear & Socks > Socks,"00888408282804,00194954124773,00194954124803",NOT_IN_INVENTORY
Apparel & Accessories,21,37,HIGH,FLAT,adidas SUPERSTAR II,adidas,Apparel & Accessories > Shoes,"04067898791133,04067888292459,04068806078292",NOT_IN_INVENTORY
Apparel & Accessories,22,22,HIGH,FLAT,Crocs Kids Classic Clog,Crocs,Apparel & Accessories > Shoes,"00841158002757,00841158002474,00198445438141",IN_STOCK
Apparel & Accessories,23,42,HIGH,FLAT,UGG Women's Tasman II,UGG,Apparel & Accessories > Shoes,"00198605315237,00199727024632,00199727024595",IN_STOCK
Apparel & Accessories,24,60,HIGH,FLAT,adidas Women's Originals Firebird Track Pants,adidas,Apparel & Accessories > Clothing > Pants,"04068821103092,04068818702062,04068806480286",IN_STOCK
Apparel & Accessories,25,29,HIGH,FLAT,Baby Joha Balaclava,Joha,Apparel & Accessories > Clothing Accessories > Balaclavas,"05705492428671,05705492428725,05705492359043",IN_STOCK
Apparel & Accessories,27,35,HIGH,FLAT,Woman Jjxx Moon Light Jacket,Jjxx,Apparel & Accessories > Clothing > Outerwear > Coats & Jackets,"05715908159334,05715908159297,05715908159358",IN_STOCK
Apparel & Accessories,29,40,HIGH,FLAT,Wheat Kids Alex Thermo Pants,Wheat,Apparel & Accessories > Clothing > Pants,"05715596677646,05715596226479,05715596138963",IN_STOCK
Apparel & Accessories,30,27,HIGH,FLAT,ARIZONA BIRKENSTOCK Women's,Birkenstock,Apparel & Accessories > Shoes,"04013871008385,04052001142537,04013871075394",IN_STOCK
Apparel & Accessories,31,32,HIGH,FLAT,Womens adidas Spacer Trackpants,adidas,Apparel & Accessories > Clothing > Pants,"04069996849662,04069996849648,04069996849594",NOT_IN_INVENTORY
Apparel & Accessories,32,57,HIGH,FLAT,Hoka Bondi 9 Women's,Hoka One One,Apparel & Accessories > Shoes,"00197634744438,00197634742236,00197634744148",IN_STOCK
Apparel & Accessories,34,46,HIGH,FLAT,Arizona Eva Birkenstock,Birkenstock,Apparel & Accessories > Shoes,"04013871041757,04067707391141,04052001426507",IN_STOCK
Apparel & Accessories,35,69,HIGH,RISER,Kids Bundgaard Bloom,Bundgaard,Apparel & Accessories > Shoes,"05711875770916,05711875771029,05711875770985",IN_STOCK
Apparel & Accessories,36,87,HIGH,RISER,Kids Konges Sløjd Evi Thermo Set,Konges Sløjd,Apparel & Accessories > Clothing > Baby & Toddler Clothing > Baby & Toddler Outfits,"05715681248096,05715681288825,05715681247921",IN_STOCK
Apparel & Accessories,37,33,HIGH,FLAT,Babies Joha Onesie,Joha,Apparel & Accessories > Clothing > Baby & Toddler Clothing > Baby One-Pieces,"05705492347255,05705492421290,05705492347231",NOT_IN_INVENTORY
Apparel & Accessories,39,3,HIGH,SINKER,H2o Romo Packable Rain Jacket,H2O - Sportswear,Apparel & Accessories > Clothing > Outerwear > Coats & Jackets,"05711891336127,05711891336134,05711891336110",IN_STOCK
Apparel & Accessories,40,118,HIGH,RISER,adidas Women's Shoes adidas Breaknet Sleek Sneakers,adidas,Apparel & Accessories > Shoes,"04068803448920,04068808002066,04068803448876",NOT_IN_INVENTORY
Apparel & Accessories,43,39,HIGH,FLAT,New Balance Men's,New Balance,Apparel & Accessories > Shoes,"00198689399529,00198689400225,00197376851456",IN_STOCK
Apparel & Accessories,47,67,HIGH,RISER,Vero Moda Knit Cardigan 'KATIE' female Black melange,Vero Moda,Apparel & Accessories > Clothing > Shirts & Tops,"05715998844660,05715998466985,05715998844653",IN_STOCK
Apparel & Accessories,48,97,HIGH,RISER,Hoka Men's Bondi 9,Hoka One One,Apparel & Accessories > Shoes,"00198605492754,00197634739274,00197634739236",NOT_IN_INVENTORY
Apparel & Accessories,49,1364,HIGH,RISER,Round Neck Wool Blend Knitted Sweater,NA-KD,Apparel & Accessories > Clothing > Shirts & Tops,"07325949626559,07325949626566,07325949626573",NOT_IN_INVENTORY
Apparel & Accessories,50,68,HIGH,RISER,UGG Women's Lowmel,UGG,Apparel & Accessories > Shoes,"00197634289908,00197634289892,00196565724373",IN_STOCK
Apparel & Accessories,51,25,HIGH,FLAT,Children's shoes Hummel Multiplay Flex VC,Hummel,Apparel & Accessories > Shoes,"05715454431663,05715454431595,05715454431427",NOT_IN_INVENTORY
Apparel & Accessories,54,53,HIGH,FLAT,Thermo Jacket Loui Wheat Kids,Wheat,Apparel & Accessories > Clothing > Outerwear > Coats & Jackets,"05715596674799,05715596263054,05715596263047",IN_STOCK
Apparel & Accessories,55,62,HIGH,FLAT,adidas Vl Court 3.0 Shoes Kids,adidas,Apparel & Accessories > Shoes,"04069987800115,04068815520751,04069987800153",IN_STOCK
Apparel & Accessories,56,58,HIGH,FLAT,Joha Kids Booties,Joha,Apparel & Accessories > Shoes,"05705492328674,05715346032497,05715346032503",IN_STOCK
Apparel & Accessories,57,47,HIGH,FLAT,Pieces long sleeve T-shirt Women,PIECES,Apparel & Accessories > Clothing > Shirts & Tops,"05715908911215,05715905504120,05715908911178",IN_STOCK
Apparel & Accessories,58,71,HIGH,RISER,UGG Women's Classic Ultra Mini,UGG,Apparel & Accessories > Shoes,"00199727016507,00199727016415,00196565874474",IN_STOCK
Apparel & Accessories,59,23,HIGH,FLAT,Wide High Waist Suit Pants,NA-KD,Apparel & Accessories > Clothing > Pants,"07325949090756,07325949090763,07325949090749",NOT_IN_INVENTORY
Apparel & Accessories,60,169,HIGH,RISER,Crocs Men's Classic All Terrain,Crocs,Apparel & Accessories > Shoes,"00196265254347,00196265254330,00196265254231",IN_STOCK
Apparel & Accessories,61,65,HIGH,FLAT,Jjxx Fifi Boat Neck T-Shirt,Jjxx,Apparel & Accessories > Clothing > Shirts & Tops,"05715678551666,05715945257208,05715996386407",IN_STOCK
Apparel & Accessories,62,64,MEDIUM,SINKER,Dico Copenhagen julia Boot,D-Co Copenhagen,Apparel & Accessories > Shoes,"05713266073576,05713266085074,05713266073569",IN_STOCK
Apparel & Accessories,63,130,MEDIUM,FLAT,Keen Women's Jasper,KEEN,Apparel & Accessories > Shoes,"00199289140207,00871209565320,00199289140917",IN_STOCK
Apparel & Accessories,64,81,MEDIUM,FLAT,Nike Kids' P-6000 Shoes,Nike,Apparel & Accessories > Shoes,"00198729049353,00197863801179,00198726872107",IN_STOCK
Apparel & Accessories,66,61,MEDIUM,SINKER,Pieces Trousers Women's Pcroya MW Rouching Trousers,PIECES,Apparel & Accessories > Clothing > Pants,"05715951893162,05715951893186,05715951893209",NOT_IN_INVENTORY
Apparel & Accessories,67,66,MEDIUM,FLAT,Bisgaard Barefoot Carter Baby,bisgaard,Apparel & Accessories > Shoes,"05715243971585,05715796123165,05715796123127",IN_STOCK
Apparel & Accessories,68,75,MEDIUM,FLAT,New Balance Men's 740,New Balance,Apparel & Accessories > Shoes,"00197967473678,00198686086170,00197967473616",IN_STOCK
Apparel & Accessories,69,79,MEDIUM,FLAT,Mikk-Line AOP Kids' Polyester Suit,Mikk-Line,Apparel & Accessories > Clothing > Outerwear > Snow Pants & Suits,"05715073626655,05715073623340,05715073623326",NOT_IN_INVENTORY
Apparel & Accessories,70,131,MEDIUM,FLAT,UGG Men's Tasman II,UGG,Apparel & Accessories > Shoes,"00198605311444,00198605316128,00198605315039",IN_STOCK
Apparel & Accessories,71,56,MEDIUM,SINKER,New Balance Kids' 530,New Balance,Apparel & Accessories > Shoes,"00196432771493,00196652590751,00196652590737",NOT_IN_INVENTORY
Apparel & Accessories,72,95,MEDIUM,FLAT,Asics Gel-Ventx,ASICS,Apparel & Accessories > Shoes,"04573690008527,04571633565830,04573690008534",IN_STOCK
Apparel & Accessories,73,125,MEDIUM,FLAT,Birkenstock Naples Wrapped,Birkenstock,Apparel & Accessories > Shoes,"04067708100384,04067707122318,04067707122356",IN_STOCK
Apparel & Accessories,75,124,MEDIUM,FLAT,Nike Men's Vomero Plus,Nike,Apparel & Accessories > Shoes,"00198959392298,00198487990546,00198959513877",IN_STOCK
Apparel & Accessories,76,117,MEDIUM,FLAT,Salomon XT-6 GTX,Salomon,Apparel & Accessories > Shoes,"00195751547901,00195751543538,00195751706391",NOT_IN_INVENTORY
Apparel & Accessories,77,154,MEDIUM,FLAT,Calvin Klein Men's 3,Calvin Klein,Apparel & Accessories > Clothing > Underwear & Socks > Underwear,"08721336307312,08720639849123,08721107660790",IN_STOCK
Apparel & Accessories,78,107,MEDIUM,FLAT,Birkenstock Boston Soft Footbed,Birkenstock,Apparel & Accessories > Shoes,"04040714343679,04040714343648,04040714343662",NOT_IN_INVENTORY
Apparel & Accessories,79,184,MEDIUM,FLAT,Timberland Men's 6 Premium Boot,Timberland,Apparel & Accessories > Shoes,"00197064591145,00197064591220,00197064591077",IN_STOCK
Apparel & Accessories,81,188,MEDIUM,FLAT,Saucony Men's Omni,Saucony,Apparel & Accessories > Shoes,"00195021612315,00195022126163,00195021934714",IN_STOCK
Apparel & Accessories,82,149,MEDIUM,FLAT,Wheat Wintersuit Ludo Kids',Wheat,Apparel & Accessories > Clothing > Outerwear > Snow Pants & Suits,"05715596553582,05715596912624,05715596912686",IN_STOCK
Apparel & Accessories,83,284,MEDIUM,RISER,Object knit Balaclava Women,Object,Apparel & Accessories > Clothing Accessories > Balaclavas,"05715430629800,05715605539132,05715611342078",IN_STOCK
Apparel & Accessories,84,313,MEDIUM,RISER,Bisgaard Barefoot Becky First Step Shoe Baby,bisgaard,Apparel & Accessories > Shoes,"05715796169477,05715796169453,05715796169460",IN_STOCK
Apparel & Accessories,85,52,MEDIUM,SINKER,adidas Women's Originals Firebird Barrel Pants,adidas,Apparel & Accessories > Clothing > Pants,"04069997914307,04069997910620,04069997914314",NOT_IN_INVENTORY
Apparel & Accessories,86,110,MEDIUM,FLAT,Woman adidas Originals Checks Loose Pants,adidas,Apparel & Accessories > Clothing > Pants,"04069994184697,04069998036411,04069998036725",NOT_IN_INVENTORY
Apparel & Accessories,89,112,MEDIUM,FLAT,Celavi Kids Basic Set,CeLaVi,Apparel & Accessories > Clothing > Outfit Sets,"05714625593735,05713438648113,05714625593605",IN_STOCK
Apparel & Accessories,90,59,MEDIUM,SINKER,Mikk-Line Heart AOP Kids' Snow Suit AOP,Mikk-Line,Apparel & Accessories > Clothing > Outerwear > Snow Pants & Suits,"05715073730635,05715073730628,05715073730284",IN_STOCK
Apparel & Accessories,91,9,MEDIUM,SINKER,Children Mikk-Line PU Rain,Mikk-Line,Apparel & Accessories > Clothing > Outerwear > Rain Suits,"05715073359959,05715073540432,05715073211158",IN_STOCK
Apparel & Accessories,93,5,MEDIUM,SINKER,girls Hummel Nessie Set,Hummel,Apparel & Accessories > Clothing > Outerwear > Rain Suits,"05715454730339,05715454730421,05715454730605",NOT_IN_INVENTORY
Apparel & Accessories,94,10,MEDIUM,SINKER,H2O Rømø Logo LW Rain Long Jacket,H2O - Sportswear,Apparel & Accessories > Clothing > Outerwear > Coats & Jackets,"05711891336196,05711891335489,05711891335465",NOT_IN_INVENTORY
Apparel & Accessories,95,96,MEDIUM,FLAT,Baby Celavi PU Mittens,CeLaVi,Apparel & Accessories > Clothing Accessories > Gloves & Mittens,"05714625036645,05714625036638,05714625015091",IN_STOCK
Apparel & Accessories,96,28,MEDIUM,SINKER,Children Celavi Rain Set Basic,CeLaVi,Apparel & Accessories > Clothing > Outerwear > Rain Suits,"05704617440628,05714625169985,05713438381638",NOT_IN_INVENTORY
Apparel & Accessories,97,752,MEDIUM,RISER,Birkenstock Kids Boston Clogs,Birkenstock,Apparel & Accessories > Shoes,"04067707545063,04067707545223,04067707545100",NOT_IN_INVENTORY
Apparel & Accessories,98,78,MEDIUM,FLAT,adidas Originals Women's Checks Track Top,adidas,Apparel & Accessories > Clothing > Outerwear > Coats & Jackets,"04069997947886,04069997947961,04069997948036",NOT_IN_INVENTORY
Apparel & Accessories,99,41,MEDIUM,SINKER,Lil' Kids'Atelier Hearts Nmfladry10 Pad Snowsuit Aop Fo Lil,NAME IT,Apparel & Accessories > Clothing > Baby & Toddler Clothing > Baby & Toddler Outerwear,"05715910462354,05715950552862,05715910462255",IN_STOCK
Apparel & Accessories,100,148,MEDIUM,FLAT,Men's Nike FC Barcelona Stadium 2026/27 Jersey,Nike,Apparel & Accessories > Clothing > Shirts & Tops,"00198731015599,00198731032534,00198731042533",NOT_IN_INVENTORY
Apparel & Accessories,101,82,MEDIUM,FLAT,Womens Only Barrel Leg Chino Pants,ONLY,Apparel & Accessories > Clothing > Pants,"05715910595847,05715869920783,05715910595892",IN_STOCK
Apparel & Accessories,102,19,MEDIUM,SINKER,boy rain gear Name it,NAME IT,Apparel & Accessories > Clothing > Outerwear > Rain Suits,"05715874951475,05715874951451,05715874949021",NOT_IN_INVENTORY
Apparel & Accessories,103,122,MEDIUM,FLAT,Women's Pieces Selma Wide Leg jeans,PIECES,Apparel & Accessories > Clothing > Pants,"05715825478853,05715726907025,05715730269126",IN_STOCK
Apparel & Accessories,104,24,MEDIUM,SINKER,Mikk-Line Solid Kids' Wellies,Mikk-Line,Apparel & Accessories > Shoes,"05715073225025,05715073224950,05715073224943",NOT_IN_INVENTORY
Apparel & Accessories,105,26,MEDIUM,SINKER,Bundgaard Cover Kids',Bundgaard,Apparel & Accessories > Shoes,"05711875795827,05711875751243,05711875751113",OUT_OF_STOCK
Apparel & Accessories,106,137,MEDIUM,FLAT,Nike Women's Vomero 18,Nike,Apparel & Accessories > Shoes,"00198959518810,00198959710986,00198487993905",IN_STOCK
Apparel & Accessories,108,229,MEDIUM,RISER,UGG Kids Tasman II,UGG,Apparel & Accessories > Shoes,"00199727015043,00199727015036,00199727014855",NOT_IN_INVENTORY
Apparel & Accessories,109,158,MEDIUM,FLAT,Birkenstock Boston,Birkenstock,Apparel & Accessories > Shoes,"04040714343822,04061416495046,04040714343815",IN_STOCK
Apparel & Accessories,110,648,MEDIUM,RISER,Nike Mind 001 Women's,Nike,Apparel & Accessories > Shoes,"00198959742123,00198959749900,00198959730687",NOT_IN_INVENTORY
Apparel & Accessories,111,268,MEDIUM,RISER,Trainers Hummel Infant Effort One,Hummel,Apparel & Accessories > Shoes,"05715819776798,05715819777009,05715819776835",NOT_IN_INVENTORY
Apparel & Accessories,112,187,MEDIUM,FLAT,adidas Samba OG,adidas,Apparel & Accessories > Shoes,"04068817651408,04068815316699,04068818419748",OUT_OF_STOCK
Apparel & Accessories,113,91,MEDIUM,FLAT,Skechers Boy's Garage Sneaker,Skechers,Apparel & Accessories > Shoes,"00199252058782,00199252295484,00199252058805",NOT_IN_INVENTORY
Apparel & Accessories,114,128,MEDIUM,FLAT,BENUTA FLUFFY KNIT CARDIGAN NN - LifeStyle Hedensted Beige Melange,Neo Noir,Apparel & Accessories > Clothing > Shirts & Tops,"05715641313215,05715641313222,05715641313208",IN_STOCK
Apparel & Accessories,115,170,MEDIUM,FLAT,adidas Men's Adizero Adios Pro 4,adidas,Apparel & Accessories > Shoes,"04068812172151,04068812257896,04068804677152",IN_STOCK
Apparel & Accessories,116,140,MEDIUM,FLAT,adidas Campus 00s,adidas,Apparel & Accessories > Shoes,"04068801559963,04068812374005,04068812374081",IN_STOCK
Apparel & Accessories,118,250,MEDIUM,RISER,New BALANCE Men's 9060,New Balance,Apparel & Accessories > Shoes,"00198689446544,00198686785875,00198689447404",IN_STOCK
Apparel & Accessories,119,173,MEDIUM,FLAT,Children's Hummel Top Star FG Football Boots,Hummel,Apparel & Accessories > Shoes,"05715819455914,05715819455846,05715819764634",IN_STOCK
Apparel & Accessories,121,221,MEDIUM,RISER,adidas Kids Campus 00s,adidas,Apparel & Accessories > Shoes,"04068806159892,04068806348975,04067897553206",IN_STOCK
Apparel & Accessories,125,114,MEDIUM,FLAT,HUNTER Women's Original Tall,Hunter,Apparel & Accessories > Shoes,"05013441352862,05013441352848,05013441352831",IN_STOCK
Apparel & Accessories,127,165,MEDIUM,FLAT,adidas Men's Galaxy 7 Running Shoes,adidas,Apparel & Accessories > Shoes,"04067889666051,04067889666570,04068812016059",IN_STOCK
Apparel & Accessories,128,368,MEDIUM,RISER,Kids' MP Cotton Tights Baby,MP Denmark,Apparel & Accessories > Clothing > Underwear & Socks > Hosiery,"05712644992263,05712644449811,05712644898336",IN_STOCK
Apparel & Accessories,129,189,MEDIUM,FLAT,Keen Jasper Split Women,KEEN,Apparel & Accessories > Shoes,"05714639401804,00195208799808,05714639401903",IN_STOCK
Apparel & Accessories,130,179,MEDIUM,FLAT,Nike Women's Vomero Plus,Nike,Apparel & Accessories > Shoes,"00198729794406,00198959718630,00198959381599",IN_STOCK
Apparel & Accessories,131,220,MEDIUM,FLAT,Salomon Men's XA Pro 3D V9,Salomon,Apparel & Accessories > Shoes,"00195751384643,00195751558006,00195751384681",IN_STOCK
Apparel & Accessories,132,235,MEDIUM,RISER,New BALANCE Men's 2002R,New Balance,Apparel & Accessories > Shoes,"00198686416847,06931823713362,00196432690275",IN_STOCK
Apparel & Accessories,133,197,MEDIUM,FLAT,UGG Women's Classic Mini II,UGG,Apparel & Accessories > Shoes,"00198605259333,00190108087369,00198605259340",IN_STOCK
Apparel & Accessories,134,418,MEDIUM,RISER,Children Wheat Thermo Aiko Rain Suit,Wheat,Apparel & Accessories > Clothing > Baby & Toddler Clothing > Baby & Toddler Outerwear,"05715596297837,05715596912921,05715596147101",NOT_IN_INVENTORY
Apparel & Accessories,135,262,MEDIUM,RISER,ASICS Women's Gel-Nimbus 28,ASICS,Apparel & Accessories > Shoes,"04571633773648,04571633379246,04571633773662",IN_STOCK
Apparel & Accessories,136,44,MEDIUM,SINKER,Wide Low Waist Suit Pants,NA-KD,Apparel & Accessories > Clothing > Pants,07325948173504,NOT_IN_INVENTORY
Apparel & Accessories,137,371,MEDIUM,RISER,New Balance Kids' 530,New Balance,Apparel & Accessories > Shoes,"00196432771493,00196652590751,00196652590737",NOT_IN_INVENTORY
Apparel & Accessories,139,99,MEDIUM,FLAT,KEATON ULD FRAKKE NN 50% Wool / 50% Polyester,Neo Noir,Apparel & Accessories > Clothing > Outerwear > Coats & Jackets,"05715641500097,05715641500103,05715641500080",IN_STOCK
Apparel & Accessories,141,83,MEDIUM,FLAT,Woman Pieces Jenna Cardigan,PIECES,Apparel & Accessories > Clothing > Shirts & Tops,"05715950662653,05715950662615,05715949056166",NOT_IN_INVENTORY
Apparel & Accessories,142,54,MEDIUM,SINKER,Kids' boots Mikk-Line,Mikk-Line,Apparel & Accessories > Shoes,"05715073424213,05715073424220,05715073330279",NOT_IN_INVENTORY
Apparel & Accessories,143,162,MEDIUM,FLAT,MP Kids Wool Baby Rib Socks,MP Denmark,Apparel & Accessories > Clothing > Baby & Toddler Clothing > Baby & Toddler Socks & Tights,"05712644947775,05712644947768,05712644118649",IN_STOCK
Apparel & Accessories,144,443,MEDIUM,RISER,Salomon XT-Pathway 2,Salomon,Apparel & Accessories > Shoes,"00198720325906,00195751703192,00198720326026",NOT_IN_INVENTORY
Apparel & Accessories,145,106,MEDIUM,FLAT,Woman Vero Moda Nova Wide Leg High Waist Pants,Vero Moda,Apparel & Accessories > Clothing > Pants,"05715912219086,05715913003905,05715913003875",NOT_IN_INVENTORY
Apparel & Accessories,146,237,MEDIUM,RISER,Raglan Sleeve Trenchcoat,NA-KD,Apparel & Accessories > Clothing > Outerwear > Coats & Jackets,"07325949593226,07325949593165,07325949593219",NOT_IN_INVENTORY
Apparel & Accessories,148,77,MEDIUM,FLAT,Quest Jacket The North Face Mens,The North Face,Apparel & Accessories > Clothing > Outerwear > Coats & Jackets,"00198266150215,00198266150246,00617932968089",NOT_IN_INVENTORY
Apparel & Accessories,149,186,MEDIUM,FLAT,Hoka Women's Clifton 10,Hoka One One,Apparel & Accessories > Shoes,"00198605655760,00198605170638,00198605556081",IN_STOCK
Apparel & Accessories,150,182,MEDIUM,FLAT,Name It Chilly Quilt Set,NAME IT,Apparel & Accessories > Clothing > Baby & Toddler Clothing > Baby & Toddler Outerwear,"05715874950409,05715910930969,05715874950416",NOT_IN_INVENTORY
Apparel & Accessories,151,327,MEDIUM,RISER,Asics Men's Gel-Kayano 14,ASICS,Apparel & Accessories > Shoes,"04571633275296,04550455790729,04550457700979",IN_STOCK
Apparel & Accessories,152,49,MEDIUM,SINKER,HALO Cover Waterproof jacket,Microsoft,Apparel & Accessories > Clothing > Outerwear > Coats & Jackets,05715454077755,NOT_IN_INVENTORY
Apparel & Accessories,154,207,MEDIUM,FLAT,Teva Hurricane Drift,UGG,Apparel & Accessories > Shoes,"00199727073289,00199727073555,00199727073579",NOT_IN_INVENTORY
Apparel & Accessories,155,134,MEDIUM,FLAT,SILFEN Ellie crossbody,SILFEN,"Apparel & Accessories > Handbags, Wallets & Cases > Handbags","05740009106116,05740009110496,05740009106963",IN_STOCK
Apparel & Accessories,156,109,MEDIUM,FLAT,Children's Hummel gym shoes,Hummel,Apparel & Accessories > Shoes,"05700495531106,05700495531052,05700495531168",NOT_IN_INVENTORY
Apparel & Accessories,157,198,MEDIUM,FLAT,Pavement Pakenny Ballet pumps Women's,Pavement,Apparel & Accessories > Shoes,"05715638328321,05715638328178,05715638328185",IN_STOCK
Apparel & Accessories,158,343,MEDIUM,RISER,Bundgaard Mio Children's,Bundgaard,Apparel & Accessories > Shoes,"05711875813224,05711875813217,05711875813187",IN_STOCK
Apparel & Accessories,160,144,MEDIUM,FLAT,Nike Women's P-6000,Nike,Apparel & Accessories > Shoes,"00198964388767,00198959851917,00198730445052",NOT_IN_INVENTORY
Apparel & Accessories,161,51,MEDIUM,SINKER,Children Celavi Rain Set Basic,CeLaVi,Apparel & Accessories > Clothing > Outerwear > Rain Suits,"05704617440628,05714625169985,05713438381638",NOT_IN_INVENTORY
Apparel & Accessories,162,210,MEDIUM,FLAT,Puma Men's Speedcat OG,PUMA,Apparel & Accessories > Shoes,"04067983281075,04067979394130,04067983281006",IN_STOCK
Apparel & Accessories,163,171,MEDIUM,FLAT,ONLY High Waist Wide Leg Jeans Women,ONLY,Apparel & Accessories > Clothing > Pants,"05715914842244,05715914842213,05715872697177",IN_STOCK
Apparel & Accessories,164,191,MEDIUM,FLAT,adidas Originals Women's Satin Track Pants Wide Leg,adidas,Apparel & Accessories > Clothing > Pants,"04068812260193,04068812254611,04066757304521",NOT_IN_INVENTORY
Apparel & Accessories,165,287,MEDIUM,RISER,adidas Kids Terrex Snow CP,adidas,Apparel & Accessories > Shoes,"04068803769445,04068803770816,04068803769421",NOT_IN_INVENTORY
Apparel & Accessories,166,285,MEDIUM,RISER,Down Jacket Parajumpers Women's Tilly,Parajumpers,Apparel & Accessories > Clothing > Outerwear > Coats & Jackets,"08059382847101,08059382847170,08059382847118",IN_STOCK
Apparel & Accessories,167,120,MEDIUM,FLAT,ASICS Superblast 3,ASICS,Apparel & Accessories > Shoes,"04573690107411,04571633776519,04571633494048",NOT_IN_INVENTORY
Apparel & Accessories,168,152,MEDIUM,FLAT,Children's adidas Terrex Anylander Mid hiking shoes,adidas,Apparel & Accessories > Shoes,"04068818269107,04068818431160,04068818367032",NOT_IN_INVENTORY
Apparel & Accessories,171,180,MEDIUM,FLAT,Loose Low Waist Long Jeans,NA-KD,Apparel & Accessories > Clothing > Pants,"07325948968261,07325948506265,07325948164755",NOT_IN_INVENTORY
Apparel & Accessories,172,782,MEDIUM,RISER,Mamalicious Pants 'MLLIFINA' female,mama;licious,Apparel & Accessories > Clothing > Pants,"05715906468162,05715906268878,05715906468155",NOT_IN_INVENTORY
Apparel & Accessories,173,147,MEDIUM,FLAT,Woman Object Riki Jacket,Object,Apparel & Accessories > Clothing > Outerwear > Coats & Jackets,"05715800971140,05715518178695,05715518178688",IN_STOCK
Apparel & Accessories,174,382,MEDIUM,RISER,Nike Men's Air Max 95 Big Bubble,Nike,Apparel & Accessories > Shoes,"00198485938373,00198727903954,00198727879280",NOT_IN_INVENTORY
Apparel & Accessories,175,236,MEDIUM,RISER,Nike Men's Air Max 90,Nike,Apparel & Accessories > Shoes,"00193154416527,00198962914975,00193154416695",NOT_IN_INVENTORY
Apparel & Accessories,177,222,MEDIUM,RISER,adidas Kids Samba OG,adidas,Apparel & Accessories > Shoes,"04067886691582,04067886691667,04067886691544",IN_STOCK
Apparel & Accessories,178,241,MEDIUM,RISER,Pieces coat Women's Pcagnes LONG Classic coat,PIECES,Apparel & Accessories > Clothing > Outerwear > Coats & Jackets,"05715950294908,05715950294885,05715950294892",NOT_IN_INVENTORY
Apparel & Accessories,180,360,MEDIUM,RISER,Womens adidas Satin Polka Dots Wide Leg Pants,adidas,Apparel & Accessories > Clothing > Pants,"04069992136438,04069992136513,04068817330457",NOT_IN_INVENTORY
Apparel & Accessories,181,183,MEDIUM,FLAT,adidas Firebird Track Pants Kids,adidas,Apparel & Accessories > Clothing > Pants,"04069991588559,04069996946330,04069996950115",NOT_IN_INVENTORY
Apparel & Accessories,182,272,MEDIUM,RISER,Folded Sleeve Knitted Sweater,NA-KD,Apparel & Accessories > Clothing > Shirts & Tops,"07325949343500,07325949645857,07325949645864",NOT_IN_INVENTORY
Apparel & Accessories,183,356,MEDIUM,RISER,HALO Blocked Zip Fleece Raven,Microsoft,Apparel & Accessories > Clothing > Outerwear > Coats & Jackets,"05715688915748,05715688082914,05700498127368",IN_STOCK
Apparel & Accessories,184,217,MEDIUM,FLAT,Womens Pieces Dark Brown Teddy Vest,PIECES,Apparel & Accessories > Clothing > Outerwear > Vests,"05715908442863,05715948560411,05715908590137",NOT_IN_INVENTORY
Apparel & Accessories,185,280,MEDIUM,RISER,adidas Mens BW Army,adidas,Apparel & Accessories > Shoes,"04069987042614,00198320392223,04069987050282",NOT_IN_INVENTORY
Apparel & Accessories,186,441,MEDIUM,RISER,Envii Seneca Jacket Classic coat Women's,Envii,Apparel & Accessories > Clothing > Outerwear > Coats & Jackets,"05711460583747,05711460583754,05711460583778",IN_STOCK
Apparel & Accessories,188,431,MEDIUM,RISER,Babies Mikk-Line Wool Suit,Mikk-Line,Apparel & Accessories > Clothing > Baby & Toddler Clothing > Baby One-Pieces,"05715073368845,05715073368739,05715073479978",NOT_IN_INVENTORY
Apparel & Accessories,191,508,MEDIUM,RISER,Brushed Wool Blend Belted Coat,NA-KD,Apparel & Accessories > Clothing > Outerwear > Coats & Jackets,"07325949671313,07325949671320,07325949671337",NOT_IN_INVENTORY
Apparel & Accessories,192,185,MEDIUM,FLAT,ASICS Mens Gel NYC,ASICS,Apparel & Accessories > Shoes,"04571633253133,04571633837739,04550456223998",NOT_IN_INVENTORY
Apparel & Accessories,195,141,MEDIUM,FLAT,Mango Wide leg jeans Women,MANGO,Apparel & Accessories > Clothing > Pants,"08447692086721,08447542502852,08447692086714",IN_STOCK
Apparel & Accessories,196,105,MEDIUM,FLAT,Woman Pieces Sif Jacket,PIECES,Apparel & Accessories > Clothing > Outerwear > Coats & Jackets,"05715908991705,05715872243206,05715908991729",IN_STOCK
Apparel & Accessories,199,306,MEDIUM,RISER,Didriksons Skare Kids Set,Didriksons,Apparel & Accessories > Clothing > Outerwear > Snow Pants & Suits,"07333371391204,07333371289044,07333371391129",IN_STOCK
Apparel & Accessories,202,86,MEDIUM,FLAT,NA-KD Round Neck Wool Blend Knitted Sweater,NA-KD,Apparel & Accessories > Clothing > Shirts & Tops,"07325949626467,07325949626474",NOT_IN_INVENTORY
Apparel & Accessories,203,445,MEDIUM,RISER,Timberland Kids 6 Premium,Timberland,Apparel & Accessories > Shoes,"00197064645305,00197064644650,00197064644797",NOT_IN_INVENTORY
Apparel & Accessories,204,203,MEDIUM,FLAT,Asics Gel-Cumulus 16,ASICS,Apparel & Accessories > Shoes,"04570158824149,04570158824088,04570158824170",IN_STOCK
Apparel & Accessories,205,405,MEDIUM,RISER,Nike Initiator Women's,Nike,Apparel & Accessories > Shoes,"00198483434143,00197862034271,00198483434518",IN_STOCK
Apparel & Accessories,208,748,MEDIUM,RISER,ASICS Men's Gel-Kayano 32,ASICS,Apparel & Accessories > Shoes,"04571633322501,04571633354342,04571633322600",OUT_OF_STOCK
Apparel & Accessories,209,553,MEDIUM,RISER,Asics Men's Gel-Nimbus 28,ASICS,Apparel & Accessories > Shoes,"04571633331657,04571633331640,04571633350689",IN_STOCK
Apparel & Accessories,211,172,MEDIUM,FLAT,Nike Men's Vomero 18,Nike,Apparel & Accessories > Shoes,"00198959373990,00198488018621,00198959516205",IN_STOCK
Apparel & Accessories,212,243,MEDIUM,RISER,Salomon XT-6,Salomon,Apparel & Accessories > Shoes,"00193128252786,00193128415969,00198720325777",NOT_IN_INVENTORY
Apparel & Accessories,213,711,MEDIUM,RISER,adidas Women's Originals Firebird Track Pants,adidas,Apparel & Accessories > Clothing > Pants,"04068821103092,04068818702062,04068806480286",NOT_IN_INVENTORY
Apparel & Accessories,214,1875,LOW,RISER,Men Birkenstock Prescott Low,Birkenstock,Apparel & Accessories > Shoes,"04067708152727,04067708152567,04067708152529",NOT_IN_INVENTORY
Apparel & Accessories,215,336,LOW,FLAT,Nike Men's Mercurial Superfly 11 Elite FG Soccer Cleats,Nike,Apparel & Accessories > Shoes,"00198729689221,00198729693808,00198958745538",IN_STOCK
Apparel & Accessories,216,395,LOW,FLAT,Neo Noir Women Viviana Gewatteerde Lange Jas Dames,Neo Noir,Apparel & Accessories > Clothing > Outerwear > Coats & Jackets,"05711554895534,05715641266191,05715641266207",IN_STOCK
Apparel & Accessories,217,193,LOW,SINKER,Hunter Women's Original Gloss Tall,Hunter,Apparel & Accessories > Shoes,"05054916098489,05013441413211,05013441353258",IN_STOCK
Apparel & Accessories,218,307,LOW,FLAT,adidas Men's Track Pants,adidas,Apparel & Accessories > Clothing > Pants,"04068818809952,04068818810040,04068818810002",IN_STOCK
Apparel & Accessories,219,253,LOW,FLAT,Salomon XT-6 GTX,Salomon,Apparel & Accessories > Shoes,"00195751547901,00195751543538,00195751706391",NOT_IN_INVENTORY
Apparel & Accessories,220,480,LOW,FLAT,Baby long romper Name it Kab,NAME IT,Apparel & Accessories > Clothing > Baby & Toddler Clothing > Baby One-Pieces,"05715510413695,05715509907808,05715675519133",IN_STOCK
Apparel & Accessories,222,399,LOW,FLAT,Salomon Women's XA Pro 3D V9,Salomon,Apparel & Accessories > Shoes,"00195751403207,00195751887625,00198720513198",IN_STOCK
Apparel & Accessories,223,202,LOW,SINKER,Woman Object Pants 'OBJLISA' female,Object,Apparel & Accessories > Clothing > Pants,"05715801073348,05715801343106,05715801343137",IN_STOCK
Apparel & Accessories,224,254,LOW,FLAT,Chuck Taylor All Star Converse,Converse,Apparel & Accessories > Shoes,"00194435880020,00022859566490,00194435695624",IN_STOCK
Apparel & Accessories,225,429,LOW,FLAT,Seam Detail Turtleneck Long Knitted Sweater,NA-KD,Apparel & Accessories > Clothing > Shirts & Tops,"07325949878118,07325949878101,07325949878293",NOT_IN_INVENTORY
Apparel & Accessories,226,206,LOW,SINKER,adidas Adistar Control 5,adidas,Apparel & Accessories > Shoes,"04068815837699,04068812059650,04068812053993",NOT_IN_INVENTORY
Apparel & Accessories,227,246,LOW,FLAT,Bisgaard Kids Evon Tex,bisgaard,Apparel & Accessories > Shoes,"05715243708808,05715243708815,05715243708846",IN_STOCK
Apparel & Accessories,229,464,LOW,FLAT,New Balance 1906L,New Balance,Apparel & Accessories > Shoes,"00198688468745,00198688469353,00198688469360",NOT_IN_INVENTORY
Apparel & Accessories,230,353,LOW,FLAT,Hummel Basic Socks,Hummel,Apparel & Accessories > Clothing > Underwear & Socks > Socks,"05700490657412,05700490657436,05700490657443",IN_STOCK
Apparel & Accessories,231,397,LOW,FLAT,Mikk-Line Nylon Suit Solid Kids',Mikk-Line,Apparel & Accessories > Clothing > Baby & Toddler Clothing > Baby & Toddler Outerwear,"05715073468705,05715073471255,05715073802585",NOT_IN_INVENTORY
Apparel & Accessories,232,84,LOW,SINKER,Hunter Downpour Tall Boot,Hunter,Apparel & Accessories > Shoes,"05063447402375,05063447330647,05063447402351",IN_STOCK
Apparel & Accessories,234,300,LOW,FLAT,New Balance Men's 2002R,New Balance,Apparel & Accessories > Shoes,"00196432152513,00196432152728,00196432152520",IN_STOCK
Apparel & Accessories,235,1115,LOW,RISER,Nike Kids' P-6000 Shoes,Nike,Apparel & Accessories > Shoes,"00198729049353,00197863801179,00198726872107",NOT_IN_INVENTORY
Apparel & Accessories,236,100,LOW,SINKER,Bisgaard Neo Thermo Rubber Boots,bisgaard,Apparel & Accessories > Shoes,"05715243014213,05715243013759,05715243014336",NOT_IN_INVENTORY
Apparel & Accessories,238,92,LOW,SINKER,Hunter Boots Downpour Short Boot,Hunter,Apparel & Accessories > Shoes,"05063447331422,05063447331415,05063447331521",IN_STOCK
Apparel & Accessories,239,218,LOW,SINKER,Women's Saucony Endorphin Speed 5,Saucony,Apparel & Accessories > Shoes,"00195021609322,00195021609346,00195021608431",IN_STOCK
Apparel & Accessories,241,166,LOW,SINKER,Baby Joha Cardigan,Joha,Apparel & Accessories > Clothing > Baby & Toddler Clothing > Baby & Toddler Tops,"05715346032541,05705492328308,05715346032558",IN_STOCK
Apparel & Accessories,243,398,LOW,FLAT,Kids ski suit Didriksons Bjarven,Didriksons,Apparel & Accessories > Clothing > Outerwear > Snow Pants & Suits,"07333371390160,07333371390146,07333371390184",NOT_IN_INVENTORY
Apparel & Accessories,245,199,LOW,SINKER,girl Name It Alfa08 Softshell 1fo Suit,NAME IT,Apparel & Accessories > Clothing > Baby & Toddler Clothing > Baby & Toddler Outerwear,"05715727872315,05715832099379,05715874102754",NOT_IN_INVENTORY
Apparel & Accessories,246,408,LOW,FLAT,Nike Mercurial Superfly 10 Academy,Nike,Apparel & Accessories > Shoes,"00198482788889,00198482872380,00198482871574",IN_STOCK
Apparel & Accessories,247,323,LOW,FLAT,Hoka Men's Clifton 10,Hoka One One,Apparel & Accessories > Shoes,"00198605168239,00198605493461,00198605168055",IN_STOCK
Apparel & Accessories,248,583,LOW,FLAT,PAVEMENT PAAlmira Buffalo Leather Boots,Pavement,Apparel & Accessories > Shoes,"05715638248001,05715638288380,05715638247998",NOT_IN_INVENTORY
Apparel & Accessories,249,163,LOW,SINKER,New Balance 204L,New Balance,Apparel & Accessories > Shoes,"00198686845302,00198686845272,00198686845319",NOT_IN_INVENTORY
Apparel & Accessories,251,347,LOW,FLAT,Fox Gewatteerde Jas Dames Navy Maat 34 Sienna Goodies,Neo Noir,Apparel & Accessories > Clothing > Outerwear > Coats & Jackets,"05715641263541,05715641263534,05715641263787",IN_STOCK
Apparel & Accessories,252,489,LOW,FLAT,Salomon Women's XA Pro 3D V9,Salomon,Apparel & Accessories > Shoes,"00198720087354,00195751889797,00198720087347",IN_STOCK
Apparel & Accessories,254,543,LOW,FLAT,Babies Huttelihut Pram Suit Ears Wool Fleece,Huttelihut,Apparel & Accessories > Clothing > Baby & Toddler Clothing > Baby One-Pieces,"05713438945830,05713438945847,05713438511257",IN_STOCK
Apparel & Accessories,255,251,LOW,FLAT,New Balance Kids',New Balance,Apparel & Accessories > Shoes,"00196432601769,00196432603282,00196432603244",NOT_IN_INVENTORY
Apparel & Accessories,256,212,LOW,SINKER,Pieces ribbed jersey pants in beige,PIECES,Apparel & Accessories > Clothing > Pants,"05715911356683,05715914501387,05715906718847",NOT_IN_INVENTORY
Apparel & Accessories,257,387,LOW,FLAT,adidas Kids Firebird Track Jacket,adidas,Apparel & Accessories > Clothing > Pants,"04069996858169,04069996393653,04069996416147",IN_STOCK
Apparel & Accessories,258,1583,LOW,RISER,Long Sleeve Tee,NA-KD,Apparel & Accessories > Clothing > Shirts & Tops,"07325949911563,07325949911556,07325949911587",NOT_IN_INVENTORY
Apparel & Accessories,259,415,LOW,FLAT,Slippers H2O Tofield,H2O - Sportswear,Apparel & Accessories > Shoes,"05711891010256,05711891010492,05711891010201",IN_STOCK
Apparel & Accessories,260,641,LOW,FLAT,Vero Moda Steppjacke Vmuppsashiny Jacke Winter jacket Women's,Vero Moda,Apparel & Accessories > Clothing > Outerwear > Coats & Jackets,"05715912096038,05715912096007,05715606551355",NOT_IN_INVENTORY
Apparel & Accessories,261,119,LOW,SINKER,Chuck 70 Converse,Converse,Apparel & Accessories > Shoes,"00888755677117,00888755676912,00888755677063",NOT_IN_INVENTORY
Apparel & Accessories,262,502,LOW,FLAT,Kids Melton Structure textile slippers,Melton,Apparel & Accessories > Shoes,"05712644962204,05712644962150,05712644962198",IN_STOCK
Apparel & Accessories,264,143,LOW,SINKER,Women Weather Report Gust W Awg Set W-Pro 10000,Weather Report,Apparel & Accessories > Clothing > Outerwear > Rain Suits,"05715738092849,05715571760158,05715571760110",NOT_IN_INVENTORY
Apparel & Accessories,265,486,LOW,FLAT,Nike Men's Zoom Fly 6,Nike,Apparel & Accessories > Shoes,"00198959737082,00197597084114,00198959733206",IN_STOCK
Apparel & Accessories,267,344,LOW,FLAT,ASICS Women's Gel-Kayano 33,ASICS,Apparel & Accessories > Shoes,"04571633744945,04571633766350,04571633744921",IN_STOCK
Apparel & Accessories,268,156,LOW,SINKER,New BALANCE 204L,New Balance,Apparel & Accessories > Shoes,"00198688530220,00198687187500,00198688528548",IN_STOCK
Apparel & Accessories,269,213,LOW,SINKER,Man Jeans Wrangler Texas Stretch,Wrangler,Apparel & Accessories > Clothing > Pants,"05401139441217,05401139208773,05414321894098",IN_STOCK
Apparel & Accessories,270,331,LOW,FLAT,Bisgaard Kids Ellis Tex Boots,bisgaard,Apparel & Accessories > Shoes,"05715243709812,05714163112931,05715243730274",NOT_IN_INVENTORY
Apparel & Accessories,271,516,LOW,FLAT,Levi's 501 90s Women's Jeans,Levi’s,Apparel & Accessories > Clothing > Pants,"05401187413532,05401187413662,05401187413525",IN_STOCK
Apparel & Accessories,272,145,LOW,SINKER,Woman Yas Thela Jacket,Y.A.S,Apparel & Accessories > Clothing > Outerwear > Coats & Jackets,"05715912459567,05715907947956,05715907947925",NOT_IN_INVENTORY
Apparel & Accessories,273,275,LOW,FLAT,Children's EN FANT Printed Coverall Chocolate Chip,EN FANT,Apparel & Accessories > Clothing > Baby & Toddler Clothing > Baby & Toddler Outerwear,"05713438375729,05713438375699,05713438375712",NOT_IN_INVENTORY
Apparel & Accessories,274,409,LOW,FLAT,ASICS Men's Novablast 5,ASICS,Apparel & Accessories > Shoes,"04570158255486,04571633388491,04571633354687",IN_STOCK
Apparel & Accessories,275,577,LOW,FLAT,Nike Girls' Pro Shorts,Nike,Apparel & Accessories > Clothing > Shorts,"00194501908115,00194501908108,00199012130567",IN_STOCK
Apparel & Accessories,277,457,LOW,FLAT,adidas Women's Vl Court 3.0 Shoes,adidas,Apparel & Accessories > Shoes,"04067897794036,04067897793992,04068806543141",IN_STOCK
Apparel & Accessories,278,230,LOW,FLAT,adidas Gazelle Indoor,adidas,Apparel & Accessories > Shoes,"00197596142983,04068806939203,04066755434022",IN_STOCK
Apparel & Accessories,279,311,LOW,FLAT,Woman Jeans Vero Moda Tessa,Vero Moda,Apparel & Accessories > Clothing > Pants,"05715874387823,05715874387793,05715729906025",NOT_IN_INVENTORY
Apparel & Accessories,281,104,LOW,SINKER,Kids' Celavi Basic Rain Boots,CeLaVi,Apparel & Accessories > Shoes,"05704617337096,05714625598907,05704617403784",NOT_IN_INVENTORY
Apparel & Accessories,282,367,LOW,FLAT,Nike Men's Air Max Goadome Low SP,Nike,Apparel & Accessories > Shoes,"00198731201169,00198731200148,00198730722795",NOT_IN_INVENTORY
Apparel & Accessories,283,413,LOW,FLAT,Kids' Nike Barcelona 2026/27 Stadium Jersey,Nike,Apparel & Accessories > Clothing > Shirts & Tops,"00198730983721,00198730983615,00198730959665",NOT_IN_INVENTORY
Apparel & Accessories,285,498,LOW,FLAT,Nike Mercurial Vapor 16 Elite FG,Nike,Apparel & Accessories > Shoes,"00198482849429,00198482571238,00198726625338",IN_STOCK
Apparel & Accessories,287,468,LOW,FLAT,ASICS Kids Gel-1130,ASICS,Apparel & Accessories > Shoes,"04570158730495,04570158730518,04570158730525",IN_STOCK
Apparel & Accessories,288,233,LOW,FLAT,Bareen Box fit Tshirt Logo Mand Kortærmede T-shirts Str,Bareen,Apparel & Accessories > Clothing > Shirts & Tops,"05740027825013,05740027825211,05740027825204",IN_STOCK
Apparel & Accessories,290,505,LOW,FLAT,Stroller Suits for Babies Mikk-Line Cotton Fleece Suit Warm Taupe,Mikk-Line,Apparel & Accessories > Clothing > Baby & Toddler Clothing > Baby One-Pieces,"05715073499211,05715073499181,05715073499167",NOT_IN_INVENTORY
Apparel & Accessories,291,722,LOW,FLAT,Barbour Women's Beadnell Jacket,Barbour,Apparel & Accessories > Clothing > Outerwear > Coats & Jackets,"00888242923987,00888242924052,00888242923925",IN_STOCK
Apparel & Accessories,292,613,LOW,FLAT,Studio Low Waist Loose Jeans,NA-KD,Apparel & Accessories > Clothing > Pants,"07325949773093,07325949773079,07325949773062",NOT_IN_INVENTORY
Apparel & Accessories,295,362,LOW,FLAT,Only ONLNEW LINA Shirt,ONLY,Apparel & Accessories > Clothing > Shirts & Tops,"05715906138904,05715906138874,05715906138911",NOT_IN_INVENTORY
Apparel & Accessories,296,80,LOW,SINKER,Helly Hansen Men's Mandal Rain Jacket,Helly Hansen,Apparel & Accessories > Clothing > Outerwear > Coats & Jackets,"07040057573952,07040057573839,07040057574072",NOT_IN_INVENTORY
Apparel & Accessories,298,724,LOW,FLAT,Kids Boots Bundgaard Rabbit Strap Tex,Bundgaard,Apparel & Accessories > Shoes,"05711875369509,05711875370062,05711875369486",NOT_IN_INVENTORY
Apparel & Accessories,299,1379,LOW,RISER,adidas Women's Originals Firebird Track Pants,adidas,Apparel & Accessories > Clothing > Pants,"04068821103092,04068818702062,04068806480286",NOT_IN_INVENTORY
Apparel & Accessories,300,326,LOW,FLAT,Asics Mens Gel-Nimbus 10.1,ASICS,Apparel & Accessories > Shoes,"04571633799402,04571633799341,04571633799266",NOT_IN_INVENTORY
Apparel & Accessories,301,290,LOW,FLAT,Salomon Kids XA Pro V8 Waterproof Shoes,Salomon,Apparel & Accessories > Shoes,"00195751947633,00198720060456,00195751947626",NOT_IN_INVENTORY
Apparel & Accessories,304,689,LOW,FLAT,Kids Slippers Mikk-Line,Mikk-Line,Apparel & Accessories > Shoes,"05715073568436,05715073466701,05715073568405",NOT_IN_INVENTORY
Apparel & Accessories,305,227,LOW,FLAT,Children Mikk-Line Rain Footies W. Fleece,Mikk-Line,Apparel & Accessories > Shoes,"05715073212056,05715073212025,05715073211998",NOT_IN_INVENTORY
Apparel & Accessories,307,708,LOW,FLAT,ASICS Women's Gel-Rocket 12 Shoes,ASICS,Apparel & Accessories > Shoes,"04570158873703,04570158879620,04571633953002",NOT_IN_INVENTORY
Apparel & Accessories,308,412,LOW,FLAT,Woman Pieces Pants 'PCRikke' female,PIECES,Apparel & Accessories > Clothing > Pants,"05715914202390,05715914202413,05715914202383",IN_STOCK
Apparel & Accessories,309,168,LOW,SINKER,ASICS Men's Novablast 6,ASICS,Apparel & Accessories > Shoes,"04571633751905,04571633745324,04571633751929",IN_STOCK
Apparel & Accessories,311,113,LOW,SINKER,boy rain gear Name it,NAME IT,Apparel & Accessories > Clothing > Outerwear > Rain Suits,"05715874951475,05715874951451,05715874949021",NOT_IN_INVENTORY
Apparel & Accessories,313,495,LOW,FLAT,Huttelihut Balaclava Ears Rib Baby,Huttelihut,Apparel & Accessories > Clothing Accessories > Balaclavas,"05713438930799,05713438733956,05713438733475",IN_STOCK
Apparel & Accessories,314,303,LOW,FLAT,Woman Jjxx Rome Flare Fit Jeans,Jjxx,Apparel & Accessories > Clothing > Pants,"05715831472173,05715670151048,05715717513013",NOT_IN_INVENTORY
Apparel & Accessories,315,181,LOW,SINKER,Bisgaard Hale V Shoes Baby,bisgaard,Apparel & Accessories > Shoes,"05715243492332,05715243694958,05715796064321",IN_STOCK
Apparel & Accessories,316,305,LOW,FLAT,Nike Women's One Dri-FIT 2-in-1 High-Waisted Shorts,Nike,Apparel & Accessories > Clothing > Shorts,"00196155081879,00196155081831,00198959098800",IN_STOCK
Apparel & Accessories,318,1070,LOW,RISER,Mens adidas Handball Spezial,adidas,Apparel & Accessories > Shoes,"04060512040815,04067888603682,04069987886713",NOT_IN_INVENTORY
Apparel & Accessories,320,142,LOW,SINKER,Baby MP Denmark Socks Cotton,MP Denmark,Apparel & Accessories > Clothing > Baby & Toddler Clothing > Baby & Toddler Socks & Tights,"05712644787487,05712644596300,05712644877874",NOT_IN_INVENTORY
Apparel & Accessories,321,240,LOW,FLAT,Children's Trainers Hummel Root Tex,Hummel,Apparel & Accessories > Shoes,"05715819499734,05715819499369,05715688290227",IN_STOCK
Apparel & Accessories,323,416,LOW,FLAT,Nike Men's Air Force 1 07,Nike,Apparel & Accessories > Shoes,"00198959698444,00198959676640,00198959665828",NOT_IN_INVENTORY
Apparel & Accessories,324,296,LOW,FLAT,Nike Women's Shox Z,Nike,Apparel & Accessories > Shoes,"00198486835503,00198729165862,00198486857550",NOT_IN_INVENTORY
Apparel & Accessories,325,440,LOW,FLAT,Nike Men's P-6000,Nike,Apparel & Accessories > Shoes,"00196609183821,00193145406032,00198730049205",IN_STOCK
Apparel & Accessories,327,388,LOW,FLAT,Viking Track Mid WP 2V Baby,Viking Footwear,Apparel & Accessories > Shoes,"07054978217307,07054978046228,07054978367118",IN_STOCK
Apparel & Accessories,329,620,LOW,FLAT,Nike Mercurial Vapor 17 Elite Soccer Cleats,Nike,Apparel & Accessories > Shoes,"00198729687395,00198729691514,00198729675002",IN_STOCK
Apparel & Accessories,330,286,LOW,FLAT,Flip Flops Havaianas Top,Havaianas,Apparel & Accessories > Shoes,"07891109486207,07909843379850,07891109486221",NOT_IN_INVENTORY
Apparel & Accessories,332,1569,LOW,RISER,Salomon Womens XT-EVR,Salomon,Apparel & Accessories > Shoes,"00198720297623,00198720297043,00195751716833",NOT_IN_INVENTORY
Apparel & Accessories,333,549,LOW,FLAT,adidas Women's Firebird Track Top,adidas,Apparel & Accessories > Clothing > Outerwear > Coats & Jackets,"04068821885363,04069996860605,04069996829947",IN_STOCK
Apparel & Accessories,334,214,LOW,SINKER,Hoka Ora Recovery Slide 3,Hoka One One,Apparel & Accessories > Shoes,"00196565198853,00196565198808,00198605541858",NOT_IN_INVENTORY
Apparel & Accessories,336,341,LOW,FLAT,Mens adidas Ori Cushioned Crew Socks Black,adidas,Apparel & Accessories > Clothing > Underwear & Socks > Socks,"04068821239784,04068821333970,04068821333987",IN_STOCK
Apparel & Accessories,338,437,LOW,FLAT,Mens adidas Socks Sportwear Crew,adidas,Apparel & Accessories > Clothing > Underwear & Socks > Socks,"04066746309926,04066746309940,04066746294468",NOT_IN_INVENTORY
Apparel & Accessories,340,72,LOW,SINKER,Children Rainwear Wheat Set Charlie,Wheat,Apparel & Accessories > Clothing > Outerwear > Rain Suits,"05715596118040,05715596118361,05715596118330",IN_STOCK
Apparel & Accessories,342,274,LOW,FLAT,Nike Men's Park III Short,Nike,Apparel & Accessories > Clothing > Shorts,"00195244640218,00193654340773,00193654340780",IN_STOCK
Apparel & Accessories,344,291,LOW,FLAT,adidas Kids Mid Ankle Socks 3 Pairs,adidas,Apparel & Accessories > Clothing > Underwear & Socks > Socks,"04068816163407,04068816165975,04068804600778",NOT_IN_INVENTORY
Apparel & Accessories,345,269,LOW,FLAT,Nike Kids' Flex Runner 4,Nike,Apparel & Accessories > Shoes,"00198485550773,00198485537361,00198485472792",IN_STOCK
Apparel & Accessories,347,1415,LOW,RISER,Pieces Agnes Jacket,PIECES,Apparel & Accessories > Clothing > Outerwear > Coats & Jackets,"05715913111969,05715913111983,05715913111976",NOT_IN_INVENTORY
Apparel & Accessories,348,886,LOW,RISER,Women's waterproof jacket Weather Report Petra,Weather Report,Apparel & Accessories > Clothing > Outerwear > Coats & Jackets,"05715738275587,05715549009449,05715549009418",NOT_IN_INVENTORY
Apparel & Accessories,349,460,LOW,FLAT,Nike Men's Everyday Crew Socks,Nike,Apparel & Accessories > Clothing > Underwear & Socks > Socks,"00888407233876,00888407233883,00888407233609",IN_STOCK
Apparel & Accessories,351,139,LOW,SINKER,Kids Hummel Gym Trainers,Hummel,Apparel & Accessories > Shoes,"05715819718002,05715819717906,05715819718026",NOT_IN_INVENTORY
Apparel & Accessories,352,617,LOW,FLAT,Bjorn Borg Essential 7-Pack Boxers,Björn Borg,Apparel & Accessories > Clothing > Underwear & Socks > Underwear,"07321465787606,07321465653963,07321465787613",IN_STOCK
Apparel & Accessories,353,294,LOW,FLAT,Baby Bundgaard Prewalker Petit,Bundgaard,Apparel & Accessories > Shoes,"05711875753322,05711875753360,05711875753292",NOT_IN_INVENTORY
Apparel & Accessories,354,1111,LOW,RISER,ONLY puffer jacket with hood Women,ONLY,Apparel & Accessories > Clothing > Outerwear > Coats & Jackets,"05715828206514,05715828206507,05715828206521",IN_STOCK
Apparel & Accessories,355,1488,LOW,RISER,Men's Exeo Gore-Tex Hiking Shoes,Salomon,Apparel & Accessories > Shoes,"00195751585330,00195751585279,00195751585354",NOT_IN_INVENTORY
Apparel & Accessories,357,433,LOW,FLAT,Nike Pegasus Premium,Nike,Apparel & Accessories > Shoes,"00198481391288,00198729746641,00198730383194",IN_STOCK
Apparel & Accessories,358,1092,LOW,RISER,Women Skechers Graceful Get Connected Sneakers,Skechers,Apparel & Accessories > Shoes,"00191665877783,00191665877806,00191665877769",NOT_IN_INVENTORY
Apparel & Accessories,359,390,LOW,FLAT,1018-005065-0116-580,NA-KD,Apparel & Accessories > Clothing > Pants,"07325948419855,07325948871295,07325948947129",NOT_IN_INVENTORY
Apparel & Accessories,360,733,LOW,FLAT,Nike Men's Vaporfly 4,Nike,Apparel & Accessories > Shoes,"00198729659583,00198726645848,00198487988765",IN_STOCK
Apparel & Accessories,361,211,LOW,SINKER,Children Bundgaard Aspen,Bundgaard,Apparel & Accessories > Shoes,"05711875768586,05711875768593,05711875769132",NOT_IN_INVENTORY
Apparel & Accessories,364,473,LOW,FLAT,Salomon Men's XA Pro 3D V9 Gore-Tex,Salomon,Apparel & Accessories > Shoes,"00195751383530,00195751383509,00195751920629",IN_STOCK
Apparel & Accessories,365,1245,LOW,RISER,Meta Ray-Ban Wayfarer,Ray-Ban,Apparel & Accessories > Clothing Accessories > Sunglasses,"08056262721391,08056262721414,08056262721407",NOT_IN_INVENTORY
Apparel & Accessories,367,929,LOW,RISER,Nike Kids' Air Max 270,Nike,Apparel & Accessories > Shoes,"00091207578645,00888412141869,00887230476528",IN_STOCK
Apparel & Accessories,368,135,LOW,SINKER,Kids Mikk-Line Melange Prewalker wool,Mikk-Line,Apparel & Accessories > Shoes,"05715073567576,05715073443740,05715073567842",NOT_IN_INVENTORY
Apparel & Accessories,369,167,LOW,SINKER,Kids Mikk-Line Thermo Set,Mikk-Line,Apparel & Accessories > Clothing > Outfit Sets,"05715073215071,05715073215408,05715073595135",NOT_IN_INVENTORY
Apparel & Accessories,370,277,LOW,FLAT,Name it Kab boy leggings,NAME IT,Apparel & Accessories > Clothing > Pants,"05715602906982,05715908472754,05715870626667",IN_STOCK
Apparel & Accessories,372,223,LOW,FLAT,NAME IT Name Mex Balaclava Baby,NAME IT,Apparel & Accessories > Clothing Accessories > Balaclavas,"05715832381405,05715832381412,05715832381429",NOT_IN_INVENTORY
Apparel & Accessories,373,614,LOW,FLAT,Chuck Taylor All Star Converse,Converse,Apparel & Accessories > Shoes,"00194435880020,00022859566490,00194435695624",NOT_IN_INVENTORY
Apparel & Accessories,375,788,LOW,RISER,Children's Hummel Effort One Vc Trainers,Hummel,Apparel & Accessories > Shoes,"05715819772158,05715819772004,05715819772578",NOT_IN_INVENTORY
Apparel & Accessories,377,1184,LOW,RISER,Asics Gel Kayano 12.1,ASICS,Apparel & Accessories > Shoes,"04571633279300,04571633825477,04571633825569",NOT_IN_INVENTORY
Apparel & Accessories,378,0,LOW,RELATIVE_DEMAND_CHANGE_TYPE_ENUM_UNSPECIFIED,NA-KD Turtle Neck Wool Blend Knitted Sweater,NA-KD,Apparel & Accessories > Clothing > Shirts & Tops,"07325949627235,07325949627228,07325949626993",NOT_IN_INVENTORY
Apparel & Accessories,380,794,LOW,RISER,Nike Phantom 6 Low Elite FG Soccer Cleats,Nike,Apparel & Accessories > Shoes,"00198729880253,00198729690531,00198482605285",IN_STOCK
Apparel & Accessories,381,329,LOW,FLAT,Men's Nike Alphafly 3,Nike,Apparel & Accessories > Shoes,"00198959748361,00198959745223,00198959728240",IN_STOCK
Apparel & Accessories,382,365,LOW,FLAT,adidas Kids Superstar II,adidas,Apparel & Accessories > Shoes,"04067888296136,04067888296174,04067888292473",NOT_IN_INVENTORY
Apparel & Accessories,385,523,LOW,FLAT,Slides H2O Trek,H2O - Sportswear,Apparel & Accessories > Shoes,"05711891360825,05711891360092,05711891359829",IN_STOCK
Apparel & Accessories,387,361,LOW,FLAT,Nike Men's Pegasus 42,Nike,Apparel & Accessories > Shoes,"00198960741924,00198730383019,00198960723449",IN_STOCK
Apparel & Accessories,390,674,LOW,FLAT,Nike Women's Air Max 95 Big Bubble,Nike,Apparel & Accessories > Shoes,"00198488579009,00198486879125,00198486868891",NOT_IN_INVENTORY
Apparel & Accessories,391,885,LOW,RISER,Only Curve Tailored Wide Leg Pants,ONLY,Apparel & Accessories > Clothing > Pants,"05715945824752,05715910757214,05715945821409",NOT_IN_INVENTORY
Apparel & Accessories,392,391,LOW,FLAT,HUGO BOSS Men's BOSS T Shirt,HUGO BOSS,Apparel & Accessories > Clothing > Shirts & Tops,"04063548564379,04063535141736,04063534486715",IN_STOCK
Apparel & Accessories,393,563,LOW,FLAT,Nike Women's Zoom Fly 6,Nike,Apparel & Accessories > Shoes,"00198959725669,00198729802507,00198488742878",IN_STOCK
Apparel & Accessories,395,602,LOW,FLAT,New Balance Women's Fresh Foam X More v6,New Balance,Apparel & Accessories > Shoes,"00199063035798,00198688785613,00198689574476",NOT_IN_INVENTORY
Apparel & Accessories,396,289,LOW,FLAT,Jbs Socks male,JBS,Apparel & Accessories > Clothing > Underwear & Socks > Socks,"05709405503745,05709405503752,05709405061207",IN_STOCK
Apparel & Accessories,397,1084,LOW,RISER,SOFIE SCHNOOR Teddy Boot | Shoes > Wintershoes | Brown | 36 | Women,Sofie Schnoor,Apparel & Accessories > Shoes,,NOT_IN_INVENTORY
Apparel & Accessories,398,586,LOW,FLAT,Woman JJXX Jamie oversized Poplin Shirt,Jjxx,Apparel & Accessories > Clothing > Shirts & Tops,"05715913484186,05715829158263,05715910647577",IN_STOCK
Apparel & Accessories,399,582,LOW,FLAT,MELTON Kids Wool Slippers,Melton,Apparel & Accessories > Shoes,"05712644957576,05712644957521,05712644957552",IN_STOCK
Apparel & Accessories,401,484,LOW,FLAT,New Balance Women's 1080v15,New Balance,Apparel & Accessories > Shoes,"00198688713210,00198689499120,00198688712978",IN_STOCK
Apparel & Accessories,402,547,LOW,FLAT,SKECHERS s,Skechers,Apparel & Accessories > Shoes,"00193113018342,00197627156415,00199703185715",IN_STOCK
Apparel & Accessories,403,401,LOW,FLAT,New Balance 1906L,New Balance,Apparel & Accessories > Shoes,"00198688468745,00198688469353,00198688469360",NOT_IN_INVENTORY
Apparel & Accessories,404,157,LOW,SINKER,Rethinkit Studios Stand-up Collar Women's,Rethinkit,Apparel & Accessories > Clothing > Outerwear > Coats & Jackets,"05740019019789,05740019019765,05740019019772",IN_STOCK
Apparel & Accessories,405,1123,LOW,RISER,Women phenumb copenhagen Martina Mid-High Leather Boots,phenumb,Apparel & Accessories > Shoes,"05740008239136,05740008239112,05740008239105",IN_STOCK
Apparel & Accessories,407,228,LOW,FLAT,Jack & Jones 6 pack Men's Boxer briefs Black detail pack,JACK & JONES,Apparel & Accessories > Clothing > Underwear & Socks > Underwear,"05715833934860,05715833879420,05715833879536",NOT_IN_INVENTORY
Apparel & Accessories,408,1303,LOW,RISER,Timberland Men's 3 Eye Boat Shoes,Timberland,Apparel & Accessories > Shoes,"00000906442096,00197804842537,00197065921446",IN_STOCK
Apparel & Accessories,409,414,LOW,FLAT,Woman Pieces Olivia Barrel Fit Dress Pants,PIECES,Apparel & Accessories > Clothing > Pants,"05715906574917,05715906574894,05715833529738",IN_STOCK
Apparel & Accessories,410,1220,LOW,RISER,Womens Mos Mosh AUSTRALIA Nova Square Down Coat,Mos Mosh,Apparel & Accessories > Clothing > Outerwear > Coats & Jackets,"05711855638168,05711855637918,05711855638151",IN_STOCK
Apparel & Accessories,411,492,LOW,FLAT,Mens adidas Socks Sportwear Crew,adidas,Apparel & Accessories > Clothing > Underwear & Socks > Socks,"04066746309926,04066746309940,04066746294468",NOT_IN_INVENTORY
Apparel & Accessories,412,2817,LOW,RISER,MMAlva Loisa Wool Coat Mos Mosh at Lewis Yates,Mos Mosh,Apparel & Accessories > Clothing > Outerwear > Coats & Jackets,"05715591473762,05715591473755,05715591473779",IN_STOCK
Apparel & Accessories,413,259,LOW,FLAT,Girl Hummel Youth Mix Gymsuit Long Sleeve,Hummel,Apparel & Accessories > Clothing > Outfit Sets,"05715688994118,05715688994071,05715688994064",IN_STOCK
Apparel & Accessories,414,921,LOW,RISER,Day ET Bag Gweneth RE-S,DAY ET,"Apparel & Accessories > Handbags, Wallets & Cases > Handbags","05714669100807,05714669100791,05714669164465",NOT_IN_INVENTORY
Apparel & Accessories,415,608,LOW,FLAT,Lala Berlin Women's Scarves,lala Berlin,Apparel & Accessories > Clothing Accessories > Scarves & Shawls,"04060796801461,04060796801454,04060796801515",IN_STOCK
Apparel & Accessories,417,363,LOW,FLAT,Mid Waist Baggy Jeans,NA-KD,Apparel & Accessories > Clothing > Pants,"07325949609613,07325949609583,07325949838365",NOT_IN_INVENTORY
Apparel & Accessories,419,1848,LOW,RISER,HALO Down jacket,Microsoft,Apparel & Accessories > Clothing > Outerwear > Coats & Jackets,"05715688104845,05715688104708",NOT_IN_INVENTORY
Apparel & Accessories,422,451,LOW,FLAT,"Bundgaard Boys & Girls Tannu"" Shoes",Bundgaard,Apparel & Accessories > Shoes,"05711875775126,05711875756569,05711875756545",NOT_IN_INVENTORY
Apparel & Accessories,423,465,LOW,FLAT,Flip Flops Havaianas Men's Brasil Logo,Havaianas,Apparel & Accessories > Shoes,"07909843970187,07890557432361,07891224864546",IN_STOCK
Apparel & Accessories,424,990,LOW,RISER,Mens adidas 3 Stripes Crew Socks 3 Pairs,adidas,Apparel & Accessories > Clothing > Underwear & Socks > Socks,"04068807872455,04068807911048,04068807872448",IN_STOCK
Apparel & Accessories,426,5936,LOW,RISER,Salomon XT-6 | Brun | Størrelse: 36 | Unisex | Sneakers | NAKED CPH,Salomon,Apparel & Accessories > Shoes,,NOT_IN_INVENTORY
Apparel & Accessories,427,796,LOW,RISER,500 Blundstone Men's,Blundstone,Apparel & Accessories > Shoes,"09315891068222,09315891068161,09315891068147",IN_STOCK
Apparel & Accessories,429,854,LOW,RISER,New Balance Men's 1080v15,New Balance,Apparel & Accessories > Shoes,"00198689558230,00198689558407,00198689558339",IN_STOCK
Apparel & Accessories,431,276,LOW,FLAT,Patagonia Men's Torrentshell 3L Rain Jacket,Patagonia,Apparel & Accessories > Clothing > Outerwear > Coats & Jackets,"00195699586864,00195699586895,00198077529774",NOT_IN_INVENTORY
Apparel & Accessories,432,1532,LOW,RISER,Mos Mosh Mmophelia Winter coat Women's,Mos Mosh,Apparel & Accessories > Clothing > Outerwear > Coats & Jackets,"05715591442751,05715591442768,05715591442744",NOT_IN_INVENTORY
Apparel & Accessories,433,1291,LOW,RISER,Bisgaard Wool Slippers boy,bisgaard,Apparel & Accessories > Shoes,"05714163788396,05714163493979,05714163493962",IN_STOCK
Apparel & Accessories,434,452,LOW,FLAT,GoBabyGo Non-slip Socks,GoBabyGo,Apparel & Accessories > Clothing > Baby & Toddler Clothing > Baby & Toddler Socks & Tights,"05712736001125,05712644659319,05712644659296",IN_STOCK
Apparel & Accessories,435,1172,LOW,RISER,adidas F50 Hyperfast Elite Laceless FG Mens Soccer Cleats,adidas,Apparel & Accessories > Shoes,"04068817639581,04068817639505,04068817639598",IN_STOCK
Apparel & Accessories,436,591,LOW,FLAT,adidas Kids Handball Spezial,adidas,Apparel & Accessories > Shoes,"04067888538380,04068816718553,04067888538427",NOT_IN_INVENTORY
Apparel & Accessories,437,421,LOW,FLAT,Name It Ballet Flats 'NMFBalance' girl pink plain colored,NAME IT,Apparel & Accessories > Shoes,"05715832169133,05715832169065,05715832169126",NOT_IN_INVENTORY
Apparel & Accessories,441,258,LOW,FLAT,Bisgaard Wool Slippers boy,bisgaard,Apparel & Accessories > Shoes,"05714163788396,05714163493979,05714163493962",NOT_IN_INVENTORY
Apparel & Accessories,444,248,LOW,FLAT,Blundstone Kids 565,Blundstone,Apparel & Accessories > Shoes,"09315891427883,09315891427906,09315891427890",IN_STOCK
Apparel & Accessories,445,1222,LOW,RISER,Baby Mikk-Line AOP 2-Pack Cotton Fullface,Mikk-Line,Apparel & Accessories > Clothing Accessories > Balaclavas,"05715073748876,05715073748838,05715073748883",NOT_IN_INVENTORY
Apparel & Accessories,446,804,LOW,RISER,Women's Asics Gel Kayano 32,ASICS,Apparel & Accessories > Shoes,"04571633478291,04571633340376,04570158902311",IN_STOCK
Apparel & Accessories,448,2310,LOW,RISER,ONLY Hope high waist wide leg cord pants,ONLY,Apparel & Accessories > Clothing > Pants,"05715910602095,05715910602088,05715910602118",NOT_IN_INVENTORY
Apparel & Accessories,449,874,LOW,RISER,Kids Bisgaard Lux,bisgaard,Apparel & Accessories > Shoes,"05715796185422,05715796185040,05715796185439",NOT_IN_INVENTORY
Apparel & Accessories,453,375,LOW,FLAT,Nike Kids' Jr. Mercurial Vapor 16 Academy,Nike,Apparel & Accessories > Shoes,"00198726537846,00198482616168,00198726610853",IN_STOCK
Apparel & Accessories,454,111,LOW,SINKER,Kids Name It Clothing,NAME IT,Apparel & Accessories > Clothing > Sleepwear & Loungewear > Pajamas,"05715825170474,05715825170412,05715825170221",NOT_IN_INVENTORY
Apparel & Accessories,457,926,LOW,RISER,Kids' Lil'atelier Aop Lil,NAME IT,Apparel & Accessories > Clothing > Baby & Toddler Clothing > Baby & Toddler Outerwear,"05715729063636,05715729063520,05715874410729",IN_STOCK
Apparel & Accessories,459,309,LOW,FLAT,adidas Men's Baggy Track Pants,adidas,Apparel & Accessories > Clothing > Pants,"04068821191778,04068821191709,04068819802945",NOT_IN_INVENTORY
Apparel & Accessories,460,832,LOW,RISER,Nike Women's Pegasus 42,Nike,Apparel & Accessories > Shoes,"00198729881571,00198729863485,00198730397092",IN_STOCK
Apparel & Accessories,461,552,LOW,FLAT,ASICS Kids Novablast 6,ASICS,Apparel & Accessories > Shoes,"04571633929908,04571633922428,04571633929915",IN_STOCK
Apparel & Accessories,463,534,LOW,FLAT,Folded Sleeve Knitted Sweater,NA-KD,Apparel & Accessories > Clothing > Shirts & Tops,"07325949343807,07325949881644,07325949343708",NOT_IN_INVENTORY
Apparel & Accessories,464,629,LOW,FLAT,Puma Tackle Trainers,PUMA,Apparel & Accessories > Shoes,"04069161570537,04069161570605,04069161570575",IN_STOCK
Apparel & Accessories,466,136,LOW,SINKER,JodieSW rubber boots light brown leopard,Sofie Schnoor,Apparel & Accessories > Shoes,"05715795331127,05715795331103,05715795331028",IN_STOCK
Apparel & Accessories,467,273,LOW,FLAT,Tretorn Kids Aktiv Chelsea Winter Boots,Tretorn,Apparel & Accessories > Shoes,"07333250623969,07333250564743,07333250564736",NOT_IN_INVENTORY
Apparel & Accessories,468,952,LOW,RISER,Birkenstock Kids Arizona EVA,Birkenstock,Apparel & Accessories > Shoes,"04052605904166,04052605461270,04052605461218",IN_STOCK
Apparel & Accessories,470,869,LOW,RISER,Kids Konges Sløjd Evi Thermo Set,Konges Sløjd,Apparel & Accessories > Clothing > Outfit Sets,"05715681288931,05715681288917,05715681288900",NOT_IN_INVENTORY
Apparel & Accessories,473,542,LOW,FLAT,Pieces Chilli Women's Tracksuit Bottoms,PIECES,Apparel & Accessories > Clothing > Pants,"05715726775730,05715719632798,05715726775723",NOT_IN_INVENTORY
Apparel & Accessories,474,175,LOW,SINKER,Nike Men's Vomero Premium,Nike,Apparel & Accessories > Shoes,"00198959369719,00198959717787,00198959361270",IN_STOCK
Apparel & Accessories,475,786,LOW,RISER,Jeans Name it Rose girl 5529-BE,NAME IT,Apparel & Accessories > Clothing > Pants,"05715831750035,05715831749992,05715831749930",IN_STOCK
Apparel & Accessories,477,1188,LOW,RISER,adidas Men's Baggy Track Pants,adidas,Apparel & Accessories > Clothing > Pants,"04068821191778,04068821191709,04068819802945",NOT_IN_INVENTORY
Apparel & Accessories,478,1147,LOW,RISER,Children's Name It Maxi Jacket,NAME IT,Apparel & Accessories > Clothing > Outerwear > Coats & Jackets,"05715720081943,05715831488471,05715720081523",NOT_IN_INVENTORY
Apparel & Accessories,479,679,LOW,FLAT,Mens adidas Handball Spezial,adidas,Apparel & Accessories > Shoes,"04060512040815,04067888603682,04069987886713",NOT_IN_INVENTORY
Apparel & Accessories,480,1431,LOW,RISER,Salomon X-ALP LTR,Salomon,Apparel & Accessories > Shoes,"00198720511545,00198720511552,00198720267565",NOT_IN_INVENTORY
Apparel & Accessories,481,1717,LOW,RISER,Under Armour Women's Icon Woven Pants,Under Armour,Apparel & Accessories > Clothing > Pants,"00198635479244,00198635479213,00198635479275",NOT_IN_INVENTORY
Apparel & Accessories,483,475,LOW,FLAT,Nike Women's V5 RNR,Nike,Apparel & Accessories > Shoes,"00198966917798,00197862774689,00198963123789",IN_STOCK
Apparel & Accessories,485,810,LOW,RISER,UGG Women's Tazz II,UGG,Apparel & Accessories > Shoes,"00198605319525,00198605277825,00199727079885",IN_STOCK
Apparel & Accessories,489,462,LOW,FLAT,Women's Pavement Pavement Anneli Tall Brown Boot,Pavement,Apparel & Accessories > Shoes,"05715638029723,05715638029617,05715638029730",IN_STOCK
Apparel & Accessories,490,642,LOW,FLAT,Blundstone 585 Chelsea,Blundstone,Apparel & Accessories > Shoes,"09315891436151,09315891436076,09315891436182",IN_STOCK
Apparel & Accessories,492,358,LOW,FLAT,Skechers Boy's Slip-ins Glide-Step Plus-Vista Lane 404203L,Skechers,Apparel & Accessories > Shoes,"00198739969924,00199703088375,00198739969931",NOT_IN_INVENTORY
Apparel & Accessories,493,1097,LOW,RISER,Kids' Snowsuits Wheat Wintersuit Evig,Wheat,Apparel & Accessories > Clothing > Baby & Toddler Clothing > Baby & Toddler Outerwear,"05715596923392,05715596923385,05715596526838",NOT_IN_INVENTORY
Apparel & Accessories,496,298,LOW,FLAT,Name It Pajamas 'Nbnvismas' kids,NAME IT,Apparel & Accessories > Clothing > Baby & Toddler Clothing > Baby & Toddler Sleepwear,"05715825108682,05715732035019,05715732035224",NOT_IN_INVENTORY
Apparel & Accessories,497,959,LOW,RISER,Fjallraven Men's Vidda Pro Trousers,Fjällräven,Apparel & Accessories > Clothing > Pants,"07323450918897,07323450925932,07323450926021",NOT_IN_INVENTORY
Apparel & Accessories,498,958,LOW,RISER,adidas Breaknet Sleek Shoes Kids,adidas,Apparel & Accessories > Shoes,"04068815842754,04068815842778,04068815842785",NOT_IN_INVENTORY
Apparel & Accessories,499,945,LOW,RISER,Nike Women's Air Max SNDR,Nike,Apparel & Accessories > Shoes,"00197596424140,00197598826508,00197596872194",NOT_IN_INVENTORY
Apparel & Accessories,500,1202,LOW,RISER,Mens Double A by Wood Wood Wwtay Pullover,Wood Wood,Apparel & Accessories > Clothing > Shirts & Tops,"05715751283217,05715575391686,05715575168776",IN_STOCK
Apparel & Accessories,502,352,LOW,FLAT,Joha Kids Blouse Wool,Joha,Apparel & Accessories > Clothing > Shirts & Tops,"05705492464921,05715346310090,05715346327388",IN_STOCK
Apparel & Accessories,505,403,LOW,FLAT,ASICS Metaspeed Sky Tokyo,ASICS,Apparel & Accessories > Shoes,"04571633152962,04571633153198,04571633152986",NOT_IN_INVENTORY
Apparel & Accessories,506,215,LOW,SINKER,Calvin Klein Mens 3 Pack,Calvin Klein,Apparel & Accessories > Clothing > Underwear & Socks > Underwear,"05051145283358,08719114322466,05051145283365",IN_STOCK
Apparel & Accessories,507,729,LOW,FLAT,Structured Straight Trousers,NA-KD,Apparel & Accessories > Clothing > Pants,07325949764855,NOT_IN_INVENTORY
Apparel & Accessories,508,680,LOW,FLAT,Hummel 2026 27 Denmark Home Jersey Men's,Hummel,Apparel & Accessories > Clothing > Shirts & Tops,"05715819402710,05715819402727,05715819402758",OUT_OF_STOCK
Apparel & Accessories,510,533,LOW,FLAT,Women's Nike Alphafly 3,Nike,Apparel & Accessories > Shoes,"00198486956642,00198729796370,00198726638253",IN_STOCK
Apparel & Accessories,511,592,LOW,FLAT,Men adidas Originals Baggy Track Pants,adidas,Apparel & Accessories > Clothing > Pants,"04068821191792,04068821188037",NOT_IN_INVENTORY
Apparel & Accessories,512,0,LOW,RELATIVE_DEMAND_CHANGE_TYPE_ENUM_UNSPECIFIED,Kids Name It Navy Blazer Christmas Nknvismas Ls Nightset,NAME IT,Apparel & Accessories > Clothing > Sleepwear & Loungewear > Pajamas,"05715914250735,05715946859821,05715914250797",IN_STOCK
Apparel & Accessories,515,196,LOW,SINKER,GoBabyGo Kids Non-Slip Bamboo Socks,GoBabyGo,Apparel & Accessories > Clothing > Baby & Toddler Clothing > Baby & Toddler Socks & Tights,"05712736004065,05712644655724,05712644657155",IN_STOCK
Apparel & Accessories,518,834,LOW,RISER,adidas Grand Court 00s Kids,adidas,Apparel & Accessories > Shoes,"04067904478317,04067904485841,04067904478171",NOT_IN_INVENTORY
Apparel & Accessories,519,0,LOW,RELATIVE_DEMAND_CHANGE_TYPE_ENUM_UNSPECIFIED,adidas Women's Essentials Knit Cardigan,adidas,Apparel & Accessories > Clothing > Shirts & Tops,"04069991432913,04069991432890,04069991405894",NOT_IN_INVENTORY
Apparel & Accessories,521,1343,LOW,RISER,UGG Kids Lowmel,UGG,Apparel & Accessories > Shoes,"00196565669537,00196565669520,00197634292434",IN_STOCK
Apparel & Accessories,522,883,LOW,RISER,Jack & Jones Kids Baggy fit jeans Jjialex Jjoriginal AKM 966 JNR Junior Relaxed fit jeans,JACK & JONES,Apparel & Accessories > Clothing > Pants,"05715910721314,05715910721321,05715910721307",NOT_IN_INVENTORY
Apparel & Accessories,523,961,LOW,RISER,Pieces wide leg Pants women,PIECES,Apparel & Accessories > Clothing > Pants,"05715719744378,05715726947458,05715726947182",IN_STOCK
Apparel & Accessories,524,806,LOW,RISER,Bundgaard Lane Children's,Bundgaard,Apparel & Accessories > Shoes,"05711875775416,05711875797173,05711875775362",IN_STOCK
Apparel & Accessories,526,739,LOW,FLAT,Mos Mosh Aymen Len Pant,Mos Mosh,Apparel & Accessories > Clothing > Pants,"05715591471096,05715591310753,05715591310562",IN_STOCK
Apparel & Accessories,527,747,LOW,FLAT,New Balance Men's Fresh Foam X More v6,New Balance,Apparel & Accessories > Shoes,"00198689390199,00198686667430,00198686667447",NOT_IN_INVENTORY
Apparel & Accessories,528,584,LOW,FLAT,Chantelle Women's Norah Supportive Wirefree Bra,Chantelle,Apparel & Accessories > Clothing > Underwear & Socks > Bras,"03340444091330,03340444091224,03340443945153",IN_STOCK
Apparel & Accessories,529,310,LOW,FLAT,The North Face Women's Antora Jacket,The North Face,Apparel & Accessories > Clothing > Outerwear > Coats & Jackets,"00197642893609,00197642893777,00198268871309",NOT_IN_INVENTORY
Apparel & Accessories,530,438,LOW,FLAT,Men's Saucony Endorphin Speed 5,Saucony,Apparel & Accessories > Shoes,"00195021628859,00195021629092,00195021983491",NOT_IN_INVENTORY
Apparel & Accessories,531,1155,LOW,RISER,Nike Kids' 6 Pack Cushioned Crew Socks,Nike,Apparel & Accessories > Clothing > Underwear & Socks > Socks,"00659658426825,00659658426818,00659658426016",NOT_IN_INVENTORY
Apparel & Accessories,532,304,LOW,FLAT,Nike Women's Air Max Moto 2K,Nike,Apparel & Accessories > Shoes,"00198488572604,00198960935422,00198488600482",NOT_IN_INVENTORY
Apparel & Accessories,533,493,LOW,FLAT,Knitted Wool Blend Cardigan Maxi Dress,NA-KD,Apparel & Accessories > Clothing > Dresses,"07325949593608,07325949593554,07325949834565",NOT_IN_INVENTORY
Apparel & Accessories,536,1135,LOW,RISER,MANGO Turtleneck knit sweater,MANGO,Apparel & Accessories > Clothing > Shirts & Tops,"08447692187480,08447692187787,08447692187466",NOT_IN_INVENTORY
Apparel & Accessories,537,721,LOW,FLAT,Sisters Point Nasa Draped Sleeveless Maxi Dress,Sisters Point,Apparel & Accessories > Clothing > Dresses,"05714862772733,05714862772726,05714862772740",NOT_IN_INVENTORY
Apparel & Accessories,538,1191,LOW,RISER,Marcel Mini Check Coat Brown,Neo Noir,Apparel & Accessories > Clothing > Outerwear > Coats & Jackets,"05715641505726,05715641505733,05715641505696",IN_STOCK
Apparel & Accessories,539,580,LOW,FLAT,Barbour Kirklees Wax Jacket Womens,Barbour,Apparel & Accessories > Clothing > Outerwear > Coats & Jackets,"05063669359617,05063669359600,05063669359396",IN_STOCK
Apparel & Accessories,540,1107,LOW,RISER,Fjallraven Expedition Long Down Parka Women's,Fjällräven,Apparel & Accessories > Clothing > Outerwear > Coats & Jackets,"07323451206979,07323450638177,07323450931384",NOT_IN_INVENTORY
Apparel & Accessories,541,805,LOW,RISER,bamboo Hair bonnet XXL Mocha. Silky large Hair bonnet for long Hair made of 100% bamboo,HairLust,Apparel & Accessories > Clothing Accessories > Hair Accessories,05714628004511,NOT_IN_INVENTORY
Apparel & Accessories,542,1326,LOW,RISER,Asics Gel-Cumulus 16,ASICS,Apparel & Accessories > Shoes,"04570158824149,04570158824088,04570158824170",NOT_IN_INVENTORY
Apparel & Accessories,545,321,LOW,FLAT,Baby sneakers Hummel Actus Recycled,Hummel,Apparel & Accessories > Shoes,"05715688334754,05715688291309,05715688334747",NOT_IN_INVENTORY
Apparel & Accessories,546,1185,LOW,RISER,Barbour Men's Bedale Wax Jacket,Barbour,Apparel & Accessories > Clothing > Outerwear > Coats & Jackets,"00725077206161,00725077206185,00725077205942",NOT_IN_INVENTORY
Apparel & Accessories,547,663,LOW,FLAT,adidas Runfalcon 6 Kids Shoes,adidas,Apparel & Accessories > Shoes,"04069987746550,04069987738920,04069987746567",IN_STOCK
Apparel & Accessories,549,827,LOW,RISER,Pantalon Belme Part Two pour femme | Valérie Simon 34 / Brown,Part Two,Apparel & Accessories > Clothing > Pants,"05715575370636,05715374963152,05715374963244",IN_STOCK
Apparel & Accessories,550,430,LOW,FLAT,Levi's Low Loose Women's Jeans,Levi’s,Apparel & Accessories > Clothing > Pants,"05401187418308,05401187257341,05401187418360",IN_STOCK
Apparel & Accessories,551,1328,LOW,RISER,adidas Men's Terrex Anylander Rain.Rdy Hiking Shoes,adidas,Apparel & Accessories > Shoes,"04067888620474,04067888140972,04067888140859",IN_STOCK
Apparel & Accessories,552,896,LOW,RISER,Woman Pieces Sadia Jacket,PIECES,Apparel & Accessories > Clothing > Outerwear > Coats & Jackets,"05715908590458,05715908590465,05715908590441",IN_STOCK
Apparel & Accessories,553,801,LOW,RISER,adidas Men's Firebird Track Pants,adidas,Apparel & Accessories > Clothing > Pants,"04068821559295,04068821509474,04068819727019",NOT_IN_INVENTORY
Apparel & Accessories,555,0,LOW,RELATIVE_DEMAND_CHANGE_TYPE_ENUM_UNSPECIFIED,Vero Moda Jacket Awmila Jacket Short coat Women's,Vero Moda,Apparel & Accessories > Clothing > Outerwear > Coats & Jackets,"05715953952744,05715953797673,05715953797666",NOT_IN_INVENTORY
Apparel & Accessories,556,1620,LOW,RISER,Converse Men's Chuck Taylor Throwback,Converse,Apparel & Accessories > Shoes,"00194435987446,00194436218525,00194436218532",NOT_IN_INVENTORY
Apparel & Accessories,557,242,LOW,FLAT,Girl Hummel Youth Mix Glitter Dress,Hummel,Apparel & Accessories > Clothing > Dresses,"05715819279039,05715819070117,05715819279015",NOT_IN_INVENTORY
Apparel & Accessories,558,704,LOW,FLAT,UGG Women's Classic Ultra Mini,UGG,Apparel & Accessories > Shoes,"00199727016507,00199727016415,00196565874474",NOT_IN_INVENTORY
Apparel & Accessories,559,930,LOW,RISER,adidas Men's Gazelle,adidas,Apparel & Accessories > Shoes,"04059322695094,04059322695131,04059322695100",IN_STOCK
Apparel & Accessories,561,389,LOW,FLAT,Sofie Schnoor Filinesy Jacket Girl,Sofie Schnoor,Apparel & Accessories > Clothing > Outerwear > Coats & Jackets,"05715795357448,05715795357455,05715795357462",NOT_IN_INVENTORY
Apparel & Accessories,562,572,LOW,FLAT,UGG Women's Scuffette II,UGG,Apparel & Accessories > Shoes,"00192410908141,00192410910908,00192410910861",IN_STOCK
Apparel & Accessories,563,354,LOW,FLAT,High Neck Short Coat,NA-KD,Apparel & Accessories > Clothing > Outerwear > Coats & Jackets,"07325949854822,07325949854815,07325949854808",NOT_IN_INVENTORY
Apparel & Accessories,564,503,LOW,FLAT,Asics Gel Nunobiki,ASICS,Apparel & Accessories > Shoes,"04571633840852,04571633840753,04571633840791",IN_STOCK
Apparel & Accessories,565,864,LOW,RISER,Hummel Wool slipper Infant,Hummel,Apparel & Accessories > Shoes,"05700496709498,05700496709511,05700496709450",NOT_IN_INVENTORY
Apparel & Accessories,566,681,LOW,FLAT,adidas Women's Samba Jane,adidas,Apparel & Accessories > Shoes,"04067907605550,04067907609282,04067907613210",NOT_IN_INVENTORY
Apparel & Accessories,568,655,LOW,FLAT,boy Jack & Jones Junior blue Dave Wide Fit Jeans,JACK & JONES,Apparel & Accessories > Clothing > Pants,"05715868605810,05715868605803,05715868605858",NOT_IN_INVENTORY
Apparel & Accessories,569,404,LOW,FLAT,Bianco Loafers Biacarma Moccasins Women's,Bianco,Apparel & Accessories > Shoes,"05715389459930,05715389459947,05715389459954",IN_STOCK
Apparel & Accessories,571,842,LOW,RISER,Woman Vila Clothes Viscose Cardigan,VILA,Apparel & Accessories > Clothing > Shirts & Tops,"05715361888086,05710639546507,05715359991996",NOT_IN_INVENTORY
Apparel & Accessories,572,380,LOW,FLAT,adidas Terrex Anylander Kids Hiking Shoes,adidas,Apparel & Accessories > Shoes,"04068817950365,04068817950464,04068817950303",NOT_IN_INVENTORY
Apparel & Accessories,573,232,LOW,FLAT,Konges Sløjd Rainy Palme Set Girl,Konges Sløjd,Apparel & Accessories > Clothing > Outerwear > Rain Suits,"05715681301340,05715681301128,05715681090602",IN_STOCK
Apparel & Accessories,574,817,LOW,RISER,Mamalicious Maternity seamless Leggings Women,mama;licious,Apparel & Accessories > Clothing > Pants,"05715677281298,05715833359878,05714507923063",NOT_IN_INVENTORY
Apparel & Accessories,575,619,LOW,FLAT,Vero Moda Fortuneaya Coat women,Vero Moda,Apparel & Accessories > Clothing > Outerwear > Coats & Jackets,"05715427049369,05715604966373,05715427049352",NOT_IN_INVENTORY
Apparel & Accessories,576,853,LOW,RISER,Nike Men's Air Max 270,Nike,Apparel & Accessories > Shoes,"00666003558957,00888412057610,00197862931037",IN_STOCK
Apparel & Accessories,578,760,LOW,RISER,ASICS Men's Gel-Kayano 33,ASICS,Apparel & Accessories > Shoes,"04571633780042,04571633780073,04571633754142",IN_STOCK
Apparel & Accessories,580,1143,LOW,RISER,Clarks Wallabee EVO,Clarks,Apparel & Accessories > Shoes,"05063090178429,05063090362194,05063090362217",IN_STOCK
Apparel & Accessories,581,1359,LOW,RISER,Womens adidas Essentials Wide Rib Pants,adidas,Apparel & Accessories > Clothing > Pants,"04067902883779,04067902891392,04067902887548",NOT_IN_INVENTORY
Apparel & Accessories,582,1005,LOW,RISER,Crocs Women's Classic Platform Clog,Crocs,Apparel & Accessories > Shoes,"00198445158025,00198445158018,00198445158070",NOT_IN_INVENTORY
Apparel & Accessories,583,466,LOW,FLAT,HOKA Little Kids Clifton 10,Hoka One One,Apparel & Accessories > Shoes,"00198605505485,00198605567841,00198605505423",NOT_IN_INVENTORY
Apparel & Accessories,584,1083,LOW,RISER,Name It Pants Chocolate Brown kids Chocolate Brown,NAME IT,Apparel & Accessories > Clothing > Pants,"05715949181042,05715949181035,05715949181073",NOT_IN_INVENTORY
Apparel & Accessories,587,7510,LOW,RISER,adidas Women's Essentials Knit Cardigan,adidas,Apparel & Accessories > Clothing > Shirts & Tops,"04069991432913,04069991432890,04069991405894",NOT_IN_INVENTORY
Apparel & Accessories,588,1140,LOW,RISER,Only Kogjuta girl Life Short Puffer Otw Noos,The Original Big Wheel,Apparel & Accessories > Clothing > Outerwear > Coats & Jackets,"05715829636464,05715829636457,05715831714457",IN_STOCK
Apparel & Accessories,589,396,LOW,FLAT,Bareen Camo Logo Box Fit Men,Bareen,Apparel & Accessories > Clothing > Shirts & Tops,"05740027842249,05740027842171,05740027842119",IN_STOCK
Apparel & Accessories,590,1277,LOW,RISER,Timberland Courma Kid Warm Lined Boots,Timberland,Apparel & Accessories > Shoes,"00193393171850,00193393171775,00193393171676",NOT_IN_INVENTORY
Apparel & Accessories,591,675,LOW,FLAT,Under Armour Men's Charged Edge Training Shoes,Under Armour,Apparel & Accessories > Shoes,"00196884181109,00196885683886,00196885684821",NOT_IN_INVENTORY
Apparel & Accessories,592,317,LOW,FLAT,HALO Waterproof jacket,Microsoft,Apparel & Accessories > Clothing > Outerwear > Coats & Jackets,"05715917129441,05715917129458,05715917129519",NOT_IN_INVENTORY
Apparel & Accessories,593,1010,LOW,RISER,Kids Mikk-Line Stone Blue Thermo Set,Mikk-Line,Apparel & Accessories > Clothing > Outfit Sets,"05715073688509,05715073688912,05715073688585",NOT_IN_INVENTORY
Apparel & Accessories,595,299,LOW,FLAT,Tretorn Women's Blasia,Tretorn,Apparel & Accessories > Shoes,"07333250535330,07333250535347,07333250652716",NOT_IN_INVENTORY
Apparel & Accessories,596,719,LOW,FLAT,Woman Selected Gabriella High Neck Sweater,Selected,Apparel & Accessories > Clothing > Shirts & Tops,"05715727294629,05715719721188,05715719721126",IN_STOCK
Apparel & Accessories,598,426,LOW,FLAT,Children bisgaard Barefoot Rain Boots,bisgaard,Apparel & Accessories > Shoes,"05715796166032,05715796166162,05715796166094",NOT_IN_INVENTORY
Apparel & Accessories,599,738,LOW,FLAT,OAKLEY RADAR EV PATH SUNGLASSES,Oakley,Apparel & Accessories > Clothing Accessories > Sunglasses,"00888392356055,00888392243812,00888392280022",IN_STOCK
Apparel & Accessories,600,740,LOW,FLAT,Kids En Fant Thermal Set,EN FANT,Apparel & Accessories > Clothing > Outfit Sets,"05713438851285,05713438851254,05713438850967",IN_STOCK
Apparel & Accessories,601,596,LOW,FLAT,Dr. Martens Women's Adrian,Dr. Martens,Apparel & Accessories > Shoes,"00883985989016,00883985989085,00883985989108",NOT_IN_INVENTORY
Apparel & Accessories,602,123,LOW,SINKER,Calvin Klein Men's,Calvin Klein,Apparel & Accessories > Clothing > Underwear & Socks > Underwear,"08721107659749,08721107657615,08721107010540",IN_STOCK
Apparel & Accessories,603,528,LOW,FLAT,adidas 3,adidas,Apparel & Accessories > Clothing Accessories > Hair Accessories > Headbands,"00885652027274,00885652025430,00885652027298",NOT_IN_INVENTORY
Apparel & Accessories,604,1586,LOW,RISER,Only Women's Trousers,ONLY,Apparel & Accessories > Clothing > Pants,"05715503518628,05715600332097,05715910552000",NOT_IN_INVENTORY
Apparel & Accessories,605,411,LOW,FLAT,ASICS Women's Novablast 6,ASICS,Apparel & Accessories > Shoes,"04571633743627,04571633743535,04571633758713",IN_STOCK
Apparel & Accessories,607,824,LOW,RISER,BIRKENSTOCK Women's Arizona,Birkenstock,Apparel & Accessories > Shoes,"04067707532209,04061416907297,04044477252797",IN_STOCK
Apparel & Accessories,608,3089,LOW,RISER,ASICS Men's Gel-DS Trainer 14,ASICS,Apparel & Accessories > Shoes,"04571633236433,04571633817502,04573690100689",NOT_IN_INVENTORY
Apparel & Accessories,609,978,LOW,RISER,Nike Kids' Court Borough Low Recraft,Nike,Apparel & Accessories > Shoes,"00197863590981,00198729260802,00196968173686",IN_STOCK
Apparel & Accessories,611,491,LOW,FLAT,Nike Kids' Court Borough 2 Mid,Nike,Apparel & Accessories > Shoes,"00198726959709,00195244638604,00193152386709",IN_STOCK
Apparel & Accessories,612,684,LOW,FLAT,Asics Men's Gel NYC,ASICS,Apparel & Accessories > Shoes,"04571633284410,04571633284342,04570158149044",NOT_IN_INVENTORY
Apparel & Accessories,613,765,LOW,RISER,Nike Men's V5 RNR,Nike,Apparel & Accessories > Shoes,"00198729537973,00198729516763,00198959518421",IN_STOCK
Apparel & Accessories,614,905,LOW,RISER,NAME IT Name Nmmmax Jacket Pa AOP Noos Children's,NAME IT,Apparel & Accessories > Clothing > Baby & Toddler Clothing > Baby & Toddler Outerwear,"05715905974640,05715905974688,05715906108310",NOT_IN_INVENTORY
Apparel & Accessories,615,74,LOW,SINKER,Name It Athletic Suit 'NMNDRAIN05' boy,NAME IT,Apparel & Accessories > Clothing > Outerwear > Rain Suits,"05715909840996,05715909840989,05715909841160",NOT_IN_INVENTORY
Apparel & Accessories,616,879,LOW,RISER,adidas Women's Firebird Track Jacket,adidas,Apparel & Accessories > Clothing > Outerwear > Coats & Jackets,"04069995324122,04069995323392,04069996414792",IN_STOCK
Apparel & Accessories,619,787,LOW,RISER,Men's Saucony Endorphin Pro 5,Saucony,Apparel & Accessories > Shoes,"00195021642091,00195021642206,00195021642084",IN_STOCK
Apparel & Accessories,622,5092,LOW,RISER,Salomon XT-6 | Brun | Størrelse: 38 2/3 | Unisex | Sneakers | NAKED CPH,Salomon,Apparel & Accessories > Shoes,,NOT_IN_INVENTORY
Apparel & Accessories,623,634,LOW,FLAT,High Waist Pleat Detail Denim,NA-KD,Apparel & Accessories > Clothing > Pants,,NOT_IN_INVENTORY
Apparel & Accessories,624,551,LOW,FLAT,Baby Bundgaard Prewalker Petit,Bundgaard,Apparel & Accessories > Shoes,"05711875753322,05711875753360,05711875753292",NOT_IN_INVENTORY
Apparel & Accessories,625,278,LOW,FLAT,Helly Hansen Men's Seven J Jacket,Helly Hansen,Apparel & Accessories > Clothing > Outerwear > Coats & Jackets,"07040055217322,07040053219939,07040058916253",NOT_IN_INVENTORY
Apparel & Accessories,628,1611,LOW,RISER,Jack & Jones Wide Fit Jeans Men,JACK & JONES,Apparel & Accessories > Clothing > Pants,"05715912266134,05715912254506,05715906040047",NOT_IN_INVENTORY
Apparel & Accessories,629,779,LOW,RISER,UGG Men's Tasman,UGG,Apparel & Accessories > Shoes,"00737045193878,00737045193885,00737045193946",NOT_IN_INVENTORY
Apparel & Accessories,630,370,LOW,FLAT,Children's shoes Hummel Multiplay Flex LC,Hummel,Apparel & Accessories > Shoes,"05715454437108,05715454437054,05715688874632",NOT_IN_INVENTORY
Apparel & Accessories,632,1267,LOW,RISER,adidas Kids F50 Hyperfast Elite Laceless FG Soccer Cleats,adidas,Apparel & Accessories > Shoes,"04068818075326,04069989082687,04068817451251",NOT_IN_INVENTORY
Apparel & Accessories,633,676,LOW,FLAT,Modström Shaymd coat Women's,Modström,Apparel & Accessories > Clothing > Outerwear > Coats & Jackets,"05714980234724,05714980234717,05714980543147",IN_STOCK
Apparel & Accessories,635,467,LOW,FLAT,Patagonia Women's Torrentshell 3L Jacket,Patagonia,Apparel & Accessories > Clothing > Outerwear > Coats & Jackets,"00195699583474,00199346016391,00195699583498",NOT_IN_INVENTORY
Apparel & Accessories,636,732,LOW,FLAT,Levi's Women's Superlow Loose Jeans,Levi’s,Apparel & Accessories > Clothing > Pants,"05401187760759,05401187419862,05401187261256",IN_STOCK
Apparel & Accessories,637,3205,LOW,RISER,Only Between-Seasons Coat 'ONLALVILDA' female plain colored,ONLY,Apparel & Accessories > Clothing > Outerwear > Coats & Jackets,"05715504043860,05715504043846,05715913444388",NOT_IN_INVENTORY
Apparel & Accessories,638,288,LOW,FLAT,NA-KD oversized trench coat,NA-KD,Apparel & Accessories > Clothing > Outerwear > Coats & Jackets,"07325948985794,07325949613290,07325949613306",NOT_IN_INVENTORY
Apparel & Accessories,640,266,LOW,FLAT,Baby Joha Blue Onesie,Joha,Apparel & Accessories > Clothing > Baby & Toddler Clothing > Baby One-Pieces,"05715346314166,05715346314036,05715346314043",NOT_IN_INVENTORY
Apparel & Accessories,641,3073,LOW,RISER,Mos Mosh Mos Mosh Mantel Mmavon HOPE Down coat Women's,Mos Mosh,Apparel & Accessories > Clothing > Outerwear > Coats & Jackets,"05715591385478,05715591385485,05715591403653",NOT_IN_INVENTORY
Apparel & Accessories,642,890,LOW,RISER,Only Wren Check Shirt,ONLY,Apparel & Accessories > Clothing > Shirts & Tops,"05715833397672,05715833397603,05715831061438",NOT_IN_INVENTORY
Apparel & Accessories,643,1259,LOW,RISER,Women's Vero Moda Skylar Jacket,Vero Moda,Apparel & Accessories > Clothing > Outerwear > Coats & Jackets,,NOT_IN_INVENTORY
Apparel & Accessories,644,771,LOW,RISER,New Balance Men's 740,New Balance,Apparel & Accessories > Shoes,00198686086101,NOT_IN_INVENTORY
Apparel & Accessories,645,1212,LOW,RISER,Color Kids Coverall W. Fake Fur,COLOR KIDS,Apparel & Accessories > Clothing > Baby & Toddler Clothing > Baby & Toddler Outerwear,"05714226196656,05713438887277,05713438887451",NOT_IN_INVENTORY
Apparel & Accessories,646,1081,LOW,RISER,Fjallraven Kiruna Padded Parka Women's,Fjällräven,Apparel & Accessories > Clothing > Outerwear > Coats & Jackets,"07323450266080,07323451210174,07323450646707",NOT_IN_INVENTORY
Apparel & Accessories,647,985,LOW,RISER,Under Armour Men's Rival Woven Windbreaker,Under Armour,Apparel & Accessories > Clothing > Outerwear > Coats & Jackets,"00197779850360,00197779852807,00197779851145",NOT_IN_INVENTORY
Apparel & Accessories,648,496,LOW,FLAT,Wheat Kids Thermo Jacket Thilde,Wheat,Apparel & Accessories > Clothing > Baby & Toddler Clothing > Baby & Toddler Outerwear,"05715596140928,05715596263160,05715596917742",IN_STOCK
Apparel & Accessories,649,422,LOW,FLAT,Only Oregon Alva Shirt,ONLY,Apparel & Accessories > Clothing > Shirts & Tops,"05715950733292,05715950733278,05715950733261",IN_STOCK
Apparel & Accessories,650,2319,LOW,RISER,Calvin Klein Mens 3 Pack,Calvin Klein,Apparel & Accessories > Clothing > Underwear & Socks > Underwear,"05051145283358,08719114322466,05051145283365",NOT_IN_INVENTORY
Apparel & Accessories,651,1232,LOW,RISER,"adidas Women's Sneakers ""Ghost Sprint",adidas,Apparel & Accessories > Shoes,"04069991470250,04068807096776,04068805913174",NOT_IN_INVENTORY
Apparel & Accessories,652,743,LOW,FLAT,Salomon XT-Whisper,Salomon,Apparel & Accessories > Shoes,"00198720334687,00198720329812,00198720334557",NOT_IN_INVENTORY
Apparel & Accessories,653,424,LOW,FLAT,Kids adidas Adizero Evo SL Running Shoes,adidas,Apparel & Accessories > Shoes,"04068812752261,04068816425529,04068812752315",IN_STOCK
Apparel & Accessories,655,312,LOW,FLAT,Baby Wheat Mittens Rain Rily,Wheat,Apparel & Accessories > Clothing Accessories > Baby & Toddler Clothing Accessories > Baby & Toddler Gloves & Mittens,"05715023910506,05715023910568,05715023910490",IN_STOCK
Apparel & Accessories,656,330,LOW,FLAT,Hype The Detail Mesh Blouse,HYPE.,Apparel & Accessories > Clothing > Shirts & Tops,"05701586141594,05701586012351,05701586012337",IN_STOCK
Apparel & Accessories,657,1385,LOW,RISER,Bisgaard Fred boy,bisgaard,Apparel & Accessories > Shoes,"05715796162812,05715796162805,05715796162874",OUT_OF_STOCK
Apparel & Accessories,658,2200,LOW,RISER,women Only,ONLY,Apparel & Accessories > Clothing > Outerwear > Coats & Jackets,"05715604364230,05715913130823,05715604364209",NOT_IN_INVENTORY
Apparel & Accessories,659,1371,LOW,RISER,Men Puma Accelerate Nitro Sqd 5 Trainers,PUMA,Apparel & Accessories > Shoes,"04070032923253,04070032923451,04070032926544",IN_STOCK
Apparel & Accessories,660,456,LOW,FLAT,Konges Sløjd Children's Jody Teddy Jacket,Konges Sløjd,Apparel & Accessories > Clothing > Baby & Toddler Clothing > Baby & Toddler Outerwear,"05715681294185,05715681230053,05715681293973",IN_STOCK
Apparel & Accessories,661,449,LOW,FLAT,Kids' Snowsuits En Fant Snow Suit m. Faux Fur Parisian Night,EN FANT,Apparel & Accessories > Clothing > Outerwear > Coats & Jackets,"05713438857614,05713438857645,05713438857591",NOT_IN_INVENTORY
Apparel & Accessories,662,1210,LOW,RISER,Levi's 501 Original Jeans,Levi’s,Apparel & Accessories > Clothing > Pants,"05401128669721,00196524920112,05401105688882",IN_STOCK
Apparel & Accessories,663,1492,LOW,RISER,Nike Women's Cortez,Nike,Apparel & Accessories > Shoes,"00197593659880,00197593629203,00197593668110",IN_STOCK
Apparel & Accessories,664,1073,LOW,RISER,Crocs Women's Classic Ballet Shoes,Crocs,Apparel & Accessories > Shoes,"00198445359910,00198445359927,00198445359897",NOT_IN_INVENTORY
Apparel & Accessories,665,2189,LOW,RISER,Woman Woden Ronja Algae Multi,Woden,Apparel & Accessories > Shoes,"05713326545531,05713326650372,05713326650211",IN_STOCK
Apparel & Accessories,666,1828,LOW,RISER,Skechers Women's Waterproof Bobs Sport B Flex,Skechers,Apparel & Accessories > Shoes,"00199025010368,00199025010382,00199025022262",NOT_IN_INVENTORY
Apparel & Accessories,672,1190,LOW,RISER,Levi's Ribcage Wide Leg Women's Jeans,Levi’s,Apparel & Accessories > Clothing > Pants,"00198402548845,00198402548654,05401128154029",NOT_IN_INVENTORY
Apparel & Accessories,673,1023,LOW,RISER,Women's Pavement Tanja Vintage Sand,Pavement,Apparel & Accessories > Shoes,"05715638354429,05715638354412,05715638354269",IN_STOCK
Apparel & Accessories,674,1968,LOW,RISER,adidas F50 Hyperfast League FG Soccer Cleats,adidas,Apparel & Accessories > Shoes,"04068818093405,04068818089729,04068818093542",IN_STOCK
Apparel & Accessories,675,789,LOW,RISER,Vero Moda Sweater Women,Vero Moda,Apparel & Accessories > Clothing > Shirts & Tops,"05715607966585,05715607966592,05715871351254",NOT_IN_INVENTORY
Apparel & Accessories,676,1063,LOW,RISER,Nike Mercurial Zoom Vapor 16 Pro FG,Nike,Apparel & Accessories > Shoes,"00198726527618,00198482853020,00198726555727",IN_STOCK
Apparel & Accessories,677,756,LOW,FLAT,Nike Mercurial Vapor 16 Academy Soccer Cleats,Nike,Apparel & Accessories > Shoes,"00198482870522,00198482612382,00198726463718",IN_STOCK
Apparel & Accessories,678,379,LOW,FLAT,liiteguard Protech Sports socks,Liiteguard,Apparel & Accessories > Clothing > Underwear & Socks > Socks,"05714776000359,05714776007402,05714776007426",IN_STOCK
Apparel & Accessories,680,906,LOW,RISER,Kids Bundgaard Basil,Bundgaard,Apparel & Accessories > Shoes,"05711875776246,05711875776093,05711875776215",NOT_IN_INVENTORY
Apparel & Accessories,681,494,LOW,FLAT,Children's Konges Sløjd Alpi Jacket,Konges Sløjd,Apparel & Accessories > Clothing > Baby & Toddler Clothing > Baby & Toddler Outerwear,"05715681290262,05715681290217,05715681290255",IN_STOCK
Apparel & Accessories,683,1363,LOW,RISER,Pieces Pcjorma LONG Classic coat Women's,PIECES,Apparel & Accessories > Clothing > Outerwear > Coats & Jackets,"05715825858655,05715825858662,05715833359168",NOT_IN_INVENTORY
Apparel & Accessories,684,1284,LOW,RISER,UGG Women's Classic Micro,UGG,Apparel & Accessories > Shoes,"00198605275302,00198605275265,00198605433085",IN_STOCK
Apparel & Accessories,685,871,LOW,RISER,Patagonia Men's Retro Pile Jacket,Patagonia,Apparel & Accessories > Clothing > Outerwear > Coats & Jackets,"00198077203643,00199346190954,00198077201977",IN_STOCK
Apparel & Accessories,686,790,LOW,RISER,adidas Manchester United 26/27 Away Jersey Men's,adidas,Apparel & Accessories > Clothing > Shirts & Tops,"04068817727714,04068817727752,04068817727707",IN_STOCK
Apparel & Accessories,687,2537,LOW,RISER,UGG Toddler Tasman II,UGG,Apparel & Accessories > Shoes,"00196565631596,00196565631534,00196565631497",IN_STOCK
Apparel & Accessories,688,730,LOW,FLAT,Sofie Schnoor Enisesw Trenchcoat Women's,Sofie Schnoor,Apparel & Accessories > Clothing > Outerwear > Coats & Jackets,"05715795248760,05715795248715,05715795248739",IN_STOCK
Apparel & Accessories,689,359,LOW,FLAT,Kids Bisgaard Pacson Boot,bisgaard,Apparel & Accessories > Shoes,"05715243933156,05715243933248,05715243933019",IN_STOCK
Apparel & Accessories,690,234,LOW,FLAT,Jacket Rains,RAINS,Apparel & Accessories > Clothing > Outerwear > Coats & Jackets,"05711747496777,05711747496913,05711747496883",IN_STOCK
Apparel & Accessories,691,989,LOW,RISER,Hummel Hattrick F.G. JR Football boots artificial grass for kids,Hummel,Apparel & Accessories > Shoes,"05715819543406,05715819543475,05715819543345",NOT_IN_INVENTORY
Apparel & Accessories,692,949,LOW,RISER,New Balance Women's FuelCell Rebel v5,New Balance,Apparel & Accessories > Shoes,"00199062826861,00198689510665,00198688736004",IN_STOCK
Apparel & Accessories,693,1299,LOW,RISER,Only Women Sweatshirts,ONLY,Apparel & Accessories > Clothing > Pants,"05715908763197,05715872154359,05715872262610",NOT_IN_INVENTORY
Apparel & Accessories,696,683,LOW,FLAT,Kids Salomon Xa Pro Wp Trail Running Shoes,Salomon,Apparel & Accessories > Shoes,"00198720569690,00198720569423,00198720569515",NOT_IN_INVENTORY
Apparel & Accessories,697,1747,LOW,RISER,Mens adidas Team 23 Sleeve,adidas,Apparel & Accessories > Clothing > Underwear & Socks > Socks,"04066752050898,04066752050904,04066752066264",IN_STOCK
Apparel & Accessories,699,1089,LOW,RISER,adidas Kids F50 League FG MG,adidas,Apparel & Accessories > Shoes,"04067906406899,04068812165948,04068812177071",NOT_IN_INVENTORY
Apparel & Accessories,700,1760,LOW,RISER,Hype The Detail Tight Logo,HYPE.,Apparel & Accessories > Clothing > Underwear & Socks > Hosiery,"05701480679797,05701586547969,05701480682032",IN_STOCK
Apparel & Accessories,702,723,LOW,FLAT,Naline Knit Blouse Sage Green Neo Noir,Neo Noir,Apparel & Accessories > Clothing > Shirts & Tops,"05715641261905,05715641261899,05715641261882",IN_STOCK
Apparel & Accessories,703,1822,LOW,RISER,New Balance 740 Black Metallic,New Balance,Apparel & Accessories > Shoes,"00198688697879,00198689502400,00198688697633",NOT_IN_INVENTORY
Apparel & Accessories,704,1577,LOW,RISER,Nike Men's Mercurial Vapor 17 Pro Soccer Cleats,Nike,Apparel & Accessories > Shoes,"00198729740052,00198729743886,00198729741790",IN_STOCK
Apparel & Accessories,706,731,LOW,FLAT,Skechers s,Skechers,Apparel & Accessories > Shoes,"00199703668942,00199703669000,00195969763551",IN_STOCK
Apparel & Accessories,707,477,LOW,FLAT,Kids' Mp Black Cotton Tights Baby,MP Denmark,Apparel & Accessories > Clothing > Underwear & Socks > Hosiery,"05712644460175,05712644460144,05709688361377",NOT_IN_INVENTORY
Apparel & Accessories,708,1779,LOW,RISER,Nike Women's Air Max 95 OG,Nike,Apparel & Accessories > Shoes,"00197862763041,00197862721492,03667508149401",NOT_IN_INVENTORY
Apparel & Accessories,709,701,LOW,FLAT,Only Pleat-Front Pants 'ONLLINDA' female green melange size L,ONLY,Apparel & Accessories > Clothing > Pants,,NOT_IN_INVENTORY
Apparel & Accessories,711,862,LOW,RISER,Mikk-Line Winter Jacket AOP Children's,Mikk-Line,Apparel & Accessories > Clothing > Outerwear > Coats & Jackets,"05715073733223,05715073733124,05715073434526",NOT_IN_INVENTORY
Apparel & Accessories,713,694,LOW,FLAT,Birkenstock Arizona Prof Black Narrow,Birkenstock,Apparel & Accessories > Shoes,"04061416079369,04061416079642,04061416079765",NOT_IN_INVENTORY
Apparel & Accessories,714,339,LOW,FLAT,Kids NAME IT Name Nmfdaisy Ls Slim Dress,NAME IT,Apparel & Accessories > Clothing > Dresses,"05715910546474,05715910546603,05715910546597",NOT_IN_INVENTORY
Apparel & Accessories,715,381,LOW,FLAT,Woman Woden Le Wp Booties,Woden,Apparel & Accessories > Shoes,"05713326567687,05713326735567,05713326567328",IN_STOCK
Apparel & Accessories,716,1175,LOW,RISER,adidas Women's SL 72 OG,adidas,Apparel & Accessories > Shoes,"04067886644021,04067886644038,04067892344939",IN_STOCK
Apparel & Accessories,717,610,LOW,FLAT,New Balance Men's U204lv1_li 204L Unisex Shoes Heron Blue/Vintage Indigo/NB Navy,New Balance,Apparel & Accessories > Shoes,"00199062917002,00199062916975,00199062916944",NOT_IN_INVENTORY
Apparel & Accessories,719,1388,LOW,RISER,Phenumb Copenhagen Cameron Kvinde Langskaftede Støvler Str,phenumb,Apparel & Accessories > Shoes,"05740008270962,05740008270641,05740008270825",IN_STOCK
Apparel & Accessories,720,2690,LOW,RISER,adidas Women's Terrex Anylander Hiking Shoes,adidas,Apparel & Accessories > Shoes,"04067907362019,04067907363023,04067888136739",NOT_IN_INVENTORY
Apparel & Accessories,721,828,LOW,RISER,Women's T-shirt Pieces Ria,PIECES,Apparel & Accessories > Clothing > Shirts & Tops,"05715728043608,05715728043585,05715606801993",IN_STOCK
Apparel & Accessories,722,459,LOW,FLAT,Flip Flops Havaianas Top,Havaianas,Apparel & Accessories > Shoes,"07891109486207,07909843379850,07891109486221",NOT_IN_INVENTORY
Apparel & Accessories,723,293,LOW,FLAT,Kids' Lil'atelier Aop Lil,NAME IT,Apparel & Accessories > Clothing > Outerwear > Rain Suits,"05715729063636,05715729063520,05715874410729",NOT_IN_INVENTORY
Apparel & Accessories,725,850,LOW,RISER,Hugo Boss Men's 3 Pack,HUGO BOSS,Apparel & Accessories > Clothing > Underwear & Socks > Underwear,"04063535095565,04063545706444,04021419122523",IN_STOCK
Apparel & Accessories,726,1449,LOW,RISER,Blundstone 585 Chelsea,Blundstone,Apparel & Accessories > Shoes,"09315891436151,09315891436076,09315891436182",NOT_IN_INVENTORY
Apparel & Accessories,727,209,LOW,SINKER,Helly Hansen Women's Seven J Jacket,Helly Hansen,Apparel & Accessories > Clothing > Outerwear > Coats & Jackets,"07040053222557,07040053222397,07040053222380",NOT_IN_INVENTORY
Apparel & Accessories,728,490,LOW,FLAT,Bareen Oversized Hoodie Men,Bareen,Apparel & Accessories > Clothing > Shirts & Tops,"05740027811382,05740027811399,05740027811375",NOT_IN_INVENTORY
Apparel & Accessories,729,910,LOW,RISER,Havaianas Brown Top Tiras Flip Flops Women,Havaianas,Apparel & Accessories > Shoes,"07909989679647,07909989679623,07909989679654",NOT_IN_INVENTORY
Apparel & Accessories,730,826,LOW,RISER,Vero Moda Chloe Long Trench Coat Women,Vero Moda,Apparel & Accessories > Clothing > Outerwear > Coats & Jackets,"05715676374052,05715676374045,05715518556905",NOT_IN_INVENTORY
Apparel & Accessories,731,328,LOW,FLAT,Viking Gravel Neo,Viking Footwear,Apparel & Accessories > Shoes,"07054978228730,07054978228631,07054978228594",NOT_IN_INVENTORY
Apparel & Accessories,732,872,LOW,RISER,Levi's Women's Cinch Barrel Jeans,Levi’s,Apparel & Accessories > Clothing > Pants,"00198627419654,00199105407316,05401187402253",NOT_IN_INVENTORY
Apparel & Accessories,737,880,VERY_LOW,FLAT,adidas Women's Dayready Wide-Leg Track Pants,adidas,Apparel & Accessories > Clothing > Pants,"04068804308612,04068804308261,04068804305321",IN_STOCK
Apparel & Accessories,738,1022,VERY_LOW,FLAT,KEEN Women's Jasper Zionic,KEEN,Apparel & Accessories > Shoes,"00195208657160,00195208777141,00195208657153",IN_STOCK
Apparel & Accessories,739,267,VERY_LOW,SINKER,Children Mikk-Line Thermal Boot,Mikk-Line,Apparel & Accessories > Shoes,"05715073549381,05715073221218,05715073776534",NOT_IN_INVENTORY
Apparel & Accessories,741,1082,VERY_LOW,FLAT,adidas Men's Firebird Track Jacket,adidas,Apparel & Accessories > Clothing > Outerwear > Coats & Jackets,"04068821293717,04068821298736,04068821298675",IN_STOCK
Apparel & Accessories,742,469,VERY_LOW,SINKER,Woman Pieces Highskin Skinny Jeans,PIECES,Apparel & Accessories > Clothing > Pants,"05713440593814,05713441165133,05713440437477",NOT_IN_INVENTORY
Apparel & Accessories,743,518,VERY_LOW,SINKER,New Balance Men's FuelCell Rebel v5,New Balance,Apparel & Accessories > Shoes,"00198689441129,00198689440849,00198686827650",IN_STOCK
Apparel & Accessories,744,924,VERY_LOW,FLAT,Women's Triumph True Shape Sensation Minimizer Bra,Triumph,Apparel & Accessories > Clothing > Underwear & Socks > Bras,"07613113766232,07613139578222,07613114475430",IN_STOCK
Apparel & Accessories,745,607,VERY_LOW,SINKER,Samsøe Samsøe Alma Coat,Samsøe & Samsøe,Apparel & Accessories > Clothing > Outerwear > Coats & Jackets,"05711453435312,05711453435329,05711453059211",IN_STOCK
Apparel & Accessories,747,672,VERY_LOW,SINKER,Resteröds Gunnar 7PACK GOTS Trunks Men's,Resteröds,Apparel & Accessories > Clothing > Underwear & Socks > Underwear,"05701586234784,05709405898605,05701586234791",IN_STOCK
Apparel & Accessories,751,587,VERY_LOW,SINKER,adidas Terrex Ax4r Kids Hiking Shoes,adidas,Apparel & Accessories > Shoes,"04068812517877,04068812521294,04068812491405",NOT_IN_INVENTORY
Apparel & Accessories,752,1040,VERY_LOW,FLAT,Asics Gel-NYC 2.0,ASICS,Apparel & Accessories > Shoes,"04573690011879,04571633850240,04571633805547",IN_STOCK
Apparel & Accessories,753,598,VERY_LOW,SINKER,Horka Outdoor Boots Greenwich short,VAUDE,Apparel & Accessories > Clothing > Outerwear > Coats & Jackets,"07318574244373,00886454652473,03608291608768",IN_STOCK
Apparel & Accessories,754,2181,VERY_LOW,FLAT,New Balance 1906A,New Balance,Apparel & Accessories > Shoes,"00198689399215,00198689398461,00198689398690",NOT_IN_INVENTORY
Apparel & Accessories,755,1065,VERY_LOW,FLAT,Puma Replicatch SD Men's Sneaker,PUMA,Apparel & Accessories > Shoes,"04069161620119,04069161620188,04069161624964",IN_STOCK
Apparel & Accessories,756,928,VERY_LOW,FLAT,Classic Ultra Mini UGG Men's,UGG,Apparel & Accessories > Shoes,"00195719888282,00195719888312,00195719888329",IN_STOCK
Apparel & Accessories,758,1733,VERY_LOW,FLAT,New Balance Men's Fresh Foam X Hierro v9,New Balance,Apparel & Accessories > Shoes,"00198688580690,00199062886919,00198688580768",IN_STOCK
Apparel & Accessories,762,1274,VERY_LOW,FLAT,Georg Jensen Torun Bangle Sterling,Georg Jensen,Apparel & Accessories > Jewelry > Bracelets,"05713275162575,05705140297901,05713275161912",NOT_IN_INVENTORY
Apparel & Accessories,764,4759,VERY_LOW,FLAT,Casual Only women's jeans with cotton,ONLY,Apparel & Accessories > Clothing > Pants,"05715911701377,05715911701384,05715502730397",NOT_IN_INVENTORY
Apparel & Accessories,765,1062,VERY_LOW,FLAT,Man New Balance Trainers,New Balance,Apparel & Accessories > Shoes,"00198689402045,00198686360096",NOT_IN_INVENTORY
Apparel & Accessories,766,849,VERY_LOW,FLAT,The North Face Boys Never Stop Synthetic Jacket,The North Face,Apparel & Accessories > Clothing > Outerwear > Coats & Jackets,"00198269052110,00198269085163,00198269051991",NOT_IN_INVENTORY
Apparel & Accessories,767,646,VERY_LOW,SINKER,girl Bisgaard Thermo Rubber Boot,bisgaard,Apparel & Accessories > Shoes,"05715243982215,05715243982260,05715243982369",NOT_IN_INVENTORY
Apparel & Accessories,769,714,VERY_LOW,SINKER,Salomon Men's X Ultra 360 GTX Hiking Shoes,Salomon,Apparel & Accessories > Shoes,"00195751786539,00195751786522,00195751786553",IN_STOCK
Apparel & Accessories,770,2262,VERY_LOW,FLAT,Women's Vila Courdie High Waist Jeans,VILA,Apparel & Accessories > Clothing > Skirts,"05715801602838,05715801507041,05715801602807",NOT_IN_INVENTORY
Apparel & Accessories,771,821,VERY_LOW,FLAT,Only Juicy Jeans Women,ONLY,Apparel & Accessories > Clothing > Pants,"05715872401439,05715214334647,05715727090344",IN_STOCK
Apparel & Accessories,772,1076,VERY_LOW,FLAT,Salomon Women's X Ultra 360 Edge,Salomon,Apparel & Accessories > Shoes,"00198720278356,00198720524408,00198720278295",NOT_IN_INVENTORY
Apparel & Accessories,773,1038,VERY_LOW,FLAT,Baby Mikk-Line Cotton Fleece Balaclava Ears Melange,Mikk-Line,Apparel & Accessories > Clothing Accessories > Balaclavas,"05715073499075,05715073706265,05715073394356",NOT_IN_INVENTORY
Apparel & Accessories,774,769,VERY_LOW,FLAT,Woman Pieces oversized Sweatshirt,PIECES,Apparel & Accessories > Clothing > Shirts & Tops,"05715112880512,05715312706322,05715719783148",NOT_IN_INVENTORY
Apparel & Accessories,776,439,VERY_LOW,SINKER,Fjällräven Fjallraven Poncho,Fjällräven,Apparel & Accessories > Clothing > Outerwear > Coats & Jackets,"07323450082239,07323450082215,07323450168001",NOT_IN_INVENTORY
Apparel & Accessories,777,979,VERY_LOW,FLAT,Air Max Plus Nike Men's,Nike,Apparel & Accessories > Shoes,"00886915289309,00198488604879,00886915289316",NOT_IN_INVENTORY
Apparel & Accessories,778,846,VERY_LOW,FLAT,Kids Baby MP Wool Rib Tights,MP Denmark,Apparel & Accessories > Clothing > Underwear & Socks > Hosiery,"05712644944811,05712644944835,05712644944859",IN_STOCK
Apparel & Accessories,780,966,VERY_LOW,FLAT,JJXX Trousers Women's Jxruby Trousers,Jjxx,Apparel & Accessories > Clothing > Pants,"05715906298721,05715913686047,05715906298714",NOT_IN_INVENTORY
Apparel & Accessories,782,1145,VERY_LOW,FLAT,Birkenstock Men's Utti Lace,Birkenstock,Apparel & Accessories > Shoes,"04066648324201,04066648324249,04067707712946",IN_STOCK
Apparel & Accessories,784,1198,VERY_LOW,FLAT,Kids Wheat Cuddle Thermo Coverall,Wheat,Apparel & Accessories > Clothing > Baby & Toddler Clothing > Baby & Toddler Outerwear,"05715596562898,05715596563260,05715596563222",NOT_IN_INVENTORY
Apparel & Accessories,786,2385,VERY_LOW,FLAT,Claudio 10-pack bamboo Socks,Claudio,Apparel & Accessories > Clothing > Underwear & Socks > Socks,"05703405114420,05703405114444",NOT_IN_INVENTORY
Apparel & Accessories,788,2192,VERY_LOW,FLAT,Bisgaard Hamilton Children's,bisgaard,Apparel & Accessories > Shoes,"05715796162164,05715796162393,05715796162386",IN_STOCK
Apparel & Accessories,789,2735,VERY_LOW,FLAT,Kids Bisgaard Barefoot Becky Tex,bisgaard,Apparel & Accessories > Shoes,"05715243975699,05715243902350,05715243975705",NOT_IN_INVENTORY
Apparel & Accessories,790,252,VERY_LOW,SINKER,Woman Pieces Barrel Leg Pants,PIECES,Apparel & Accessories > Clothing > Pants,"05715906697401,05715906799457,05715906799501",IN_STOCK
Apparel & Accessories,791,1001,VERY_LOW,FLAT,Nike Women's Alate Minimalist Sports Bra,Nike,Apparel & Accessories > Clothing > Underwear & Socks > Bras,"00197860124233,00197860133051,00197860111158",NOT_IN_INVENTORY
Apparel & Accessories,794,1268,VERY_LOW,FLAT,New Balance Men's 574,New Balance,Apparel & Accessories > Shoes,"00199062948419,00199062948495,00198686558196",NOT_IN_INVENTORY
Apparel & Accessories,795,1086,VERY_LOW,FLAT,Low Waist Baggy Soft Jeans,NA-KD,Apparel & Accessories > Clothing > Pants,07325949835548,NOT_IN_INVENTORY
Apparel & Accessories,797,1077,VERY_LOW,FLAT,Barbour Men's Ashby Jacket,Barbour,Apparel & Accessories > Clothing > Outerwear > Coats & Jackets,"05020985189502,00885798234246,05020985189182",NOT_IN_INVENTORY
Apparel & Accessories,799,972,VERY_LOW,FLAT,Women's Saucony Guide 19,Saucony,Apparel & Accessories > Shoes,"00195021619345,00195021618461,00195021620402",IN_STOCK
Apparel & Accessories,801,813,VERY_LOW,FLAT,Women's 3/4 Blazer Pieces,PIECES,Apparel & Accessories > Clothing > Outerwear > Coats & Jackets,"05715221805338,05714486084342,05715726945799",IN_STOCK
Apparel & Accessories,802,510,VERY_LOW,SINKER,Pieces Barrel fit Pcmimmi Mw Tie Wide Leg Women's,PIECES,Apparel & Accessories > Clothing > Pants,"05715914391100,05715912676698,05715914391124",NOT_IN_INVENTORY
Apparel & Accessories,803,1502,VERY_LOW,FLAT,Mens adidas 6-Pack Trefoil Cushion Crew Socks,adidas,Apparel & Accessories > Clothing > Underwear & Socks > Socks,"04067905450756,04066759860742,04066766614765",IN_STOCK
Apparel & Accessories,804,1050,VERY_LOW,FLAT,adidas Real Madrid Home Jersey 25/26 Kids,adidas,Apparel & Accessories > Clothing > Shirts & Tops,"04068811953263,04068811953294,04068811953256",IN_STOCK
Apparel & Accessories,806,1200,VERY_LOW,FLAT,Women's 1-Piece swimsuit Arena Dynamo,arena,Apparel & Accessories > Clothing > Swimwear,"03468336966419,03468336967478,03468336966778",NOT_IN_INVENTORY
Apparel & Accessories,807,314,VERY_LOW,SINKER,"Day et Men's Waterproof Anorak Raincoat, Adjustable Hood, Water Column Pressure 10,000 mm",DAY ET,Apparel & Accessories > Clothing > Outerwear > Coats & Jackets,"05714669168852,05714669168869,05714669168876",IN_STOCK
Apparel & Accessories,809,0,VERY_LOW,RELATIVE_DEMAND_CHANGE_TYPE_ENUM_UNSPECIFIED,Mikk-Line Heart AOP Children's Winter Jacket Waist AOP,Mikk-Line,Apparel & Accessories > Clothing > Outerwear > Coats & Jackets,"05715073731120,05715073731106,05715073731113",IN_STOCK
Apparel & Accessories,811,1582,VERY_LOW,FLAT,adidas Women's Vl Court Bold Shoes,adidas,Apparel & Accessories > Shoes,"04068806716934,04068806474810,04068806716927",IN_STOCK
Apparel & Accessories,812,727,VERY_LOW,SINKER,Salomon Kids Speedcross Shoes,Salomon,Apparel & Accessories > Shoes,"00198720535060,00198720535015,00198720535022",NOT_IN_INVENTORY
Apparel & Accessories,813,1730,VERY_LOW,FLAT,KEEN Men's Jasper Zionic,KEEN,Apparel & Accessories > Shoes,"00195208523052,00199289100898,00195208968679",IN_STOCK
Apparel & Accessories,815,875,VERY_LOW,FLAT,Mikk-Line Wool Baby Suit Melange Denver,Mikk-Line,Apparel & Accessories > Clothing > Baby & Toddler Clothing > Baby One-Pieces,"05715073230760,05715073230791,05715073230807",NOT_IN_INVENTORY
Apparel & Accessories,816,1651,VERY_LOW,FLAT,adidas Women's Crazyquick LS Padel Shoes,adidas,Apparel & Accessories > Shoes,"04067903949771,04067907629174,04068812901225",IN_STOCK
Apparel & Accessories,817,525,VERY_LOW,SINKER,Birkenstock Women's Boston Shearling,Birkenstock,Apparel & Accessories > Shoes,"04067708252847,04067708252281,04067707789269",IN_STOCK
Apparel & Accessories,819,2889,VERY_LOW,FLAT,ASICS Women's Gel-Contend 10 Running Shoes,ASICS,Apparel & Accessories > Shoes,"04571633761713,04571633750748,04571633781544",NOT_IN_INVENTORY
Apparel & Accessories,821,807,VERY_LOW,FLAT,Pieces - Oversized Cord Shirt - Women - Polyester/Nylon - XXL - Brown,PIECES,Apparel & Accessories > Clothing > Shirts & Tops,"05715833220178,05715305301466,05715833677958",NOT_IN_INVENTORY
Apparel & Accessories,823,1225,VERY_LOW,FLAT,adidas Men's VL Court 3.0,adidas,Apparel & Accessories > Shoes,"04067889047027,04067903109878,04067903117521",IN_STOCK
Apparel & Accessories,824,975,VERY_LOW,FLAT,adidas Women's Tokyo,adidas,Apparel & Accessories > Shoes,"04068812295119,04068812295089,04067892203687",NOT_IN_INVENTORY
Apparel & Accessories,825,815,VERY_LOW,FLAT,adidas Women's Tokyo,adidas,Apparel & Accessories > Shoes,"04068812295119,04068812295089,04067892203687",NOT_IN_INVENTORY
Apparel & Accessories,826,257,VERY_LOW,SINKER,Women Weather Report Pack'way W Packable Jacket W-Pro 10,Weather Report,Apparel & Accessories > Clothing > Outerwear > Coats & Jackets,"05715863542684,05715863542592,05715863542509",NOT_IN_INVENTORY
Apparel & Accessories,827,2030,VERY_LOW,FLAT,HALO Trail Trainers,Microsoft,Apparel & Accessories > Shoes,"05715598104119,05715598104058,05715598104027",NOT_IN_INVENTORY
Apparel & Accessories,828,1606,VERY_LOW,FLAT,Converse All Star Chuck Taylor,Converse,Apparel & Accessories > Shoes,"00886952772697,00886952772659,00886952782306",IN_STOCK
Apparel & Accessories,831,1341,VERY_LOW,FLAT,Arizona Birkenstock Women's,Birkenstock,Apparel & Accessories > Shoes,"04066648957102,04061418679000,04066648912965",IN_STOCK
Apparel & Accessories,832,1137,VERY_LOW,FLAT,Knitted Short Sleeve Wool Blend Sweater,NA-KD,Apparel & Accessories > Clothing > Shirts & Tops,"07325949658710,07325949658697,07325949658680",NOT_IN_INVENTORY
Apparel & Accessories,833,589,VERY_LOW,SINKER,Salomon XT-6,Salomon,Apparel & Accessories > Shoes,"00193128252786,00193128415969,00198720325777",NOT_IN_INVENTORY
Apparel & Accessories,834,1029,VERY_LOW,FLAT,Soccer Socks Hummel Adult Essential,Hummel,Apparel & Accessories > Clothing > Underwear & Socks > Socks,"05715598186412,05715598186283,05715598187099",IN_STOCK
Apparel & Accessories,835,446,VERY_LOW,SINKER,Neo Noir Skirt 'Bovary' female,Neo Noir,Apparel & Accessories > Clothing > Skirts,"05711554987802,05711554987819,05711554672357",IN_STOCK
Apparel & Accessories,836,1746,VERY_LOW,FLAT,Kids' Konges Sløjd Nohr Snowsuit,Konges Sløjd,Apparel & Accessories > Clothing > Outerwear > Snow Pants & Suits,"05715681298794,05715681298565,05715681298886",NOT_IN_INVENTORY
Apparel & Accessories,838,537,VERY_LOW,SINKER,Only & Sons New Kodyl Overshirt,ONLY & SONS,Apparel & Accessories > Clothing > Shirts & Tops,"05715214732252,05715908032347,05715872536575",IN_STOCK
Apparel & Accessories,839,279,VERY_LOW,SINKER,Woman Woden Lia Wp Booties,Woden,Apparel & Accessories > Shoes,"05713326733624,05713326733617,05713326733648",IN_STOCK
Apparel & Accessories,840,981,VERY_LOW,FLAT,Women's Saucony Endorphin Azura,Saucony,Apparel & Accessories > Shoes,"00195021645085,00195021644644,00195021624714",NOT_IN_INVENTORY
Apparel & Accessories,842,1507,VERY_LOW,FLAT,Women phenumb copenhagen Martina Long Leather Boots,phenumb,Apparel & Accessories > Shoes,"05740008239389,05740008239372,05740008239402",IN_STOCK
Apparel & Accessories,843,1108,VERY_LOW,FLAT,Vero Moda Vmkara Buttondown blouse Women's,Vero Moda,Apparel & Accessories > Clothing > Shirts & Tops,"05715914996046,05715907675439,05715949527697",NOT_IN_INVENTORY
Apparel & Accessories,846,1103,VERY_LOW,FLAT,adidas Women's Adizero Adios Pro 4,adidas,Apparel & Accessories > Shoes,"04068812358708,04068812358739,04068812358784",IN_STOCK
Apparel & Accessories,847,400,VERY_LOW,SINKER,NA-KD Round Neck Wool Blend Knitted Sweater,NA-KD,Apparel & Accessories > Clothing > Shirts & Tops,"07325949626467,07325949626474",NOT_IN_INVENTORY
Apparel & Accessories,848,936,VERY_LOW,FLAT,Woman Pieces Silke Wide Leg Jeans,PIECES,Apparel & Accessories > Clothing > Pants,"05715726907568,05715726907537,05715908880290",NOT_IN_INVENTORY
Apparel & Accessories,849,691,VERY_LOW,SINKER,Lindbergh Chino Pants 'Superflex' male,Lindbergh,Apparel & Accessories > Clothing > Pants,"05715789729268,05715789729152,05715891106049",IN_STOCK
Apparel & Accessories,850,2306,VERY_LOW,FLAT,"Hunkøn Sasha Shirt, L, Shirts, Black - Long-sleeved, Women",Hunkøn,Apparel & Accessories > Clothing > Shirts & Tops,"05715252182071,05715252182064,05715252182057",IN_STOCK
Apparel & Accessories,851,716,VERY_LOW,SINKER,Nike Kids Park First Layer,Nike,Apparel & Accessories > Clothing > Shirts & Tops,"00823233815704,00823233825741,00823233806627",IN_STOCK
Apparel & Accessories,852,1057,VERY_LOW,FLAT,Glerups Slip-On Leather,Glerups,Apparel & Accessories > Shoes,"05710715004730,05710715004372,05710715004747",NOT_IN_INVENTORY
Apparel & Accessories,855,1658,VERY_LOW,FLAT,ASICS Mens Gel NYC,ASICS,Apparel & Accessories > Shoes,"04571633253133,04571633837739,04550456223998",NOT_IN_INVENTORY
Apparel & Accessories,856,461,VERY_LOW,SINKER,Children's Hummel X-Light 2.0 Mid Tex Trainers,Hummel,Apparel & Accessories > Shoes,"05715688275095,05715688275040,05715688275101",NOT_IN_INVENTORY
Apparel & Accessories,858,2105,VERY_LOW,FLAT,Merrell Women's Moab 3,Merrell,Apparel & Accessories > Shoes,"00195022078394,00195022078370,00194713940996",IN_STOCK
Apparel & Accessories,859,2960,VERY_LOW,FLAT,Joha Wool Socks,Joha,Apparel & Accessories > Clothing > Underwear & Socks > Socks,"05705492426837,05705492426820,05705492043317",NOT_IN_INVENTORY
Apparel & Accessories,861,867,VERY_LOW,FLAT,BY IC Adeliaic Day dress Women's,BYIC,Apparel & Accessories > Clothing > Dresses,"05714725094545,05714725094569,05714725094552",NOT_IN_INVENTORY
Apparel & Accessories,862,2173,VERY_LOW,FLAT,Women's blazer Kaffe Sakura,Kaffe,Apparel & Accessories > Clothing > Outerwear > Coats & Jackets,"05715375485875,05715375485905,05715296142369",IN_STOCK
Apparel & Accessories,863,685,VERY_LOW,SINKER,Children's Hummel Top Star Turf Football boots,Hummel,Apparel & Accessories > Shoes,"05715819091891,05715819460499,05715688299480",NOT_IN_INVENTORY
Apparel & Accessories,864,2390,VERY_LOW,FLAT,PRADA Women's Sunglasses 17WS,Prada,Apparel & Accessories > Clothing Accessories > Sunglasses,"08056597418478,08056597435581,08056262360217",NOT_IN_INVENTORY
Apparel & Accessories,865,1395,VERY_LOW,FLAT,UGG Kids' Classic Ultra Mini,UGG,Apparel & Accessories > Shoes,"00199727017795,00199727017832,00198605289316",NOT_IN_INVENTORY
Apparel & Accessories,866,1437,VERY_LOW,FLAT,adidas Kids Handball Spezial,adidas,Apparel & Accessories > Shoes,"04067888538380,04068816718553,04067888538427",NOT_IN_INVENTORY
Apparel & Accessories,867,808,VERY_LOW,FLAT,adidas Terrex Ax4r Mid Kids Hiking,adidas,Apparel & Accessories > Shoes,"04068812525308,04068805690433,04067888508994",NOT_IN_INVENTORY
Apparel & Accessories,868,160,VERY_LOW,SINKER,Children MarMar Copenhagen Oddy Rain Set,Marmar Copenhagen,Apparel & Accessories > Clothing > Outerwear > Rain Suits,"05715522279227,05715522368556,05715522368426",IN_STOCK
Apparel & Accessories,869,527,VERY_LOW,SINKER,En Fant Thermal Set W.Glitter,EN FANT,Apparel & Accessories > Clothing > Outfit Sets,"05713438213861,05713438213762,05713438605239",IN_STOCK
Apparel & Accessories,870,2257,VERY_LOW,FLAT,Salomon exeo gore-tex zapatilla trekking mujer,Salomon,Apparel & Accessories > Shoes,"00195751605830,00195751605656,00195751605816",NOT_IN_INVENTORY
Apparel & Accessories,873,1195,VERY_LOW,FLAT,Woman Pieces Dress 'PCKamil' female,PIECES,Apparel & Accessories > Clothing > Dresses,"05715733645880,05715947022613,05715947022637",IN_STOCK
Apparel & Accessories,874,1066,VERY_LOW,FLAT,New Balance 740,New Balance,Apparel & Accessories > Shoes,"00198686338774,00198686338781,00198686350332",NOT_IN_INVENTORY
Apparel & Accessories,878,925,VERY_LOW,FLAT,adidas Real Madrid 26/27 Away Jersey Men's,adidas,Apparel & Accessories > Clothing > Shirts & Tops,"04069991260424,04069991289241,04069991289258",IN_STOCK
Apparel & Accessories,879,1496,VERY_LOW,FLAT,Crocs Kids' Classic Glitter Clog,Crocs,Apparel & Accessories > Shoes,"00198445288005,00198445287770,00198445288012",NOT_IN_INVENTORY
Apparel & Accessories,880,3532,VERY_LOW,FLAT,Salomon Sportstyle XT 6 GTX Unisex Trainers,Salomon,Apparel & Accessories > Shoes,"00198720578593,00198720578548,00198720578524",NOT_IN_INVENTORY
Apparel & Accessories,883,1035,VERY_LOW,FLAT,Babies Joha Onesie,Joha,Apparel & Accessories > Clothing > Baby & Toddler Clothing > Baby One-Pieces,"05705492347255,05705492421290,05705492347231",NOT_IN_INVENTORY
Apparel & Accessories,884,749,VERY_LOW,SINKER,Woman Object tailored Wide Leg Pants,Object,Apparel & Accessories > Clothing > Pants,"05715361846581,05715605238196,05715361846635",IN_STOCK
Apparel & Accessories,886,793,VERY_LOW,FLAT,Baby Mikk-Line Grey Balaclava,Mikk-Line,Apparel & Accessories > Clothing Accessories > Balaclavas,"05715073425753,05715073361662,05715073425722",IN_STOCK
Apparel & Accessories,887,1617,VERY_LOW,FLAT,Premium Selection Knitted Mohair Blend Round Neck Sweater,NA-KD,Apparel & Accessories > Clothing > Shirts & Tops,"07325949665220,07325949665176,07325949665152",NOT_IN_INVENTORY
Apparel & Accessories,888,1013,VERY_LOW,FLAT,Women's Vero Moda T-Shirt,Vero Moda,Apparel & Accessories > Clothing > Shirts & Tops,"05715909379717,05715909379724,05715910047926",IN_STOCK
Apparel & Accessories,889,1131,VERY_LOW,FLAT,Kids Bisgaard Eddie Snow Boots,bisgaard,Apparel & Accessories > Shoes,"05715243973992,05715243974067,05715243974005",IN_STOCK
Apparel & Accessories,890,2228,VERY_LOW,FLAT,liiteguard Shintech Running Knee high socks,Liiteguard,Apparel & Accessories > Clothing > Underwear & Socks > Socks,"05714776000564,05714776000557,05714776000588",IN_STOCK
Apparel & Accessories,891,1401,VERY_LOW,FLAT,Neo Noir Women Rista Blouse Top In Satin Wrap Look,Neo Noir,Apparel & Accessories > Clothing > Shirts & Tops,"05715641570779,05715641441253,05715641570786",IN_STOCK
Apparel & Accessories,892,1004,VERY_LOW,FLAT,adidas Women's Handball Spezial,adidas,Apparel & Accessories > Shoes,"04066765220004,04066765223685,04066765223616",NOT_IN_INVENTORY
Apparel & Accessories,893,984,VERY_LOW,FLAT,Konges Sløjd Kids Juno Bomber Jacket,Konges Sløjd,Apparel & Accessories > Clothing > Baby & Toddler Clothing > Baby & Toddler Outerwear,"05715681200070,05715681200100,05715681200506",NOT_IN_INVENTORY
Apparel & Accessories,895,1427,VERY_LOW,FLAT,Toddler set Hummel Nule Mini Thermo,Hummel,Apparel & Accessories > Clothing > Baby & Toddler Clothing > Baby & Toddler Outfits,"05700498163311,05700498163298,05700498163274",NOT_IN_INVENTORY
Apparel & Accessories,897,1436,VERY_LOW,FLAT,adidas Samba,adidas,Apparel & Accessories > Shoes,"04067892061362,04068805832581,04067892061515",IN_STOCK
Apparel & Accessories,900,350,VERY_LOW,SINKER,Woman Vero Moda Pants,Vero Moda,Apparel & Accessories > Clothing > Pants,"05715609257872,05715609257841,05715610220612",NOT_IN_INVENTORY
Apparel & Accessories,901,1024,VERY_LOW,FLAT,Brooks Men's Adrenaline GTS 25,Brooks,Apparel & Accessories > Shoes,"00195394687668,00195394752168,00195394687705",IN_STOCK
Apparel & Accessories,902,471,VERY_LOW,SINKER,Children's hummel Youth Top Star Firm Ground Cleats,Hummel,Apparel & Accessories > Shoes,"05715819455754,05715819455761",OUT_OF_STOCK
Apparel & Accessories,903,0,VERY_LOW,RELATIVE_DEMAND_CHANGE_TYPE_ENUM_UNSPECIFIED,Paul Smith Loves Barbour Women's Chelsea Welly,Barbour,Apparel & Accessories > Shoes,,NOT_IN_INVENTORY
Apparel & Accessories,905,1302,VERY_LOW,FLAT,Nike Barcelona Little Kids Home Kit 26/27,Nike,Apparel & Accessories > Clothing > Outfit Sets,"00198731034804,00198731014660,00198730930633",NOT_IN_INVENTORY
Apparel & Accessories,906,3012,VERY_LOW,FLAT,Merrell Men's Moab 3,Merrell,Apparel & Accessories > Shoes,"00194713942457,00194713942488,00194713942440",NOT_IN_INVENTORY
Apparel & Accessories,907,744,VERY_LOW,SINKER,Brooks Women's Adrenaline GTS 25,Brooks,Apparel & Accessories > Shoes,"00195394878752,00195394667288,00195394878769",IN_STOCK
Apparel & Accessories,908,2018,VERY_LOW,FLAT,Salomon Quicklace Kit,Salomon,Apparel & Accessories > Shoe Accessories > Shoelaces,"00195751333061,00195751333078,00195751333047",NOT_IN_INVENTORY
Apparel & Accessories,910,1552,VERY_LOW,FLAT,Womens adidas Barrel Leg Pants,adidas,Apparel & Accessories > Clothing > Pants,"04068804037574,04068804040635,04068804040581",NOT_IN_INVENTORY
Apparel & Accessories,911,1443,VERY_LOW,FLAT,adidas Kids Gazelle,adidas,Apparel & Accessories > Shoes,"04067904583943,04067904580102,04067904595281",OUT_OF_STOCK
Apparel & Accessories,912,2334,VERY_LOW,FLAT,Asics Women's Gel-Venture 11 Trail Running Shoes,ASICS,Apparel & Accessories > Shoes,"04571633781100,04571633744228,04571633346125",NOT_IN_INVENTORY
Apparel & Accessories,913,848,VERY_LOW,FLAT,New Balance 740,New Balance,Apparel & Accessories > Shoes,"00198686030265,00198686030289,00198686030272",IN_STOCK
Apparel & Accessories,915,1087,VERY_LOW,FLAT,Converse All Star Hi Chuck Taylor,Converse,Apparel & Accessories > Shoes,"00194436182543,00022859470957,00886952781323",NOT_IN_INVENTORY
Apparel & Accessories,917,574,VERY_LOW,SINKER,Haglöfs Korp Proof Jacket Men,Haglöfs,Apparel & Accessories > Clothing > Outerwear > Coats & Jackets,"07318841881348,07318841881263,07318841681290",NOT_IN_INVENTORY
Apparel & Accessories,918,1824,VERY_LOW,FLAT,Selected Wilma Trench Coat Brown 34 Woman,Selected,Apparel & Accessories > Clothing > Outerwear > Coats & Jackets,"05715909140195,05715866193913,05715716413437",IN_STOCK
Apparel & Accessories,920,761,VERY_LOW,FLAT,Mid Waist Suit Pants,NA-KD,Apparel & Accessories > Clothing > Pants,07325949469101,NOT_IN_INVENTORY
Apparel & Accessories,921,1509,VERY_LOW,FLAT,Under Armour Women's Assert 11 Running Shoes,Under Armour,Apparel & Accessories > Shoes,"00198633815884,00198633815914",NOT_IN_INVENTORY
Apparel & Accessories,922,1962,VERY_LOW,FLAT,adidas Originals Women's Classic Firebird Shorts,adidas,Apparel & Accessories > Clothing > Shorts,"04068821989375,04068818983393,04068821836860",IN_STOCK
Apparel & Accessories,923,1566,VERY_LOW,FLAT,Inwear Lapel Classic coat Women's,InWear,Apparel & Accessories > Clothing > Outerwear > Coats & Jackets,"05715575710913,05715575710760,05715751449545",NOT_IN_INVENTORY
Apparel & Accessories,925,535,VERY_LOW,SINKER,Tretorn DAWN coat Women's Classic coat,Tretorn,Apparel & Accessories > Clothing > Outerwear > Coats & Jackets,"07333250686421,07333250686452,07333250686438",NOT_IN_INVENTORY
Apparel & Accessories,927,736,VERY_LOW,SINKER,Nike Shox TL Big Kids' Shoes,Nike,Apparel & Accessories > Shoes,"00198487568189,00198487567854,00198487568905",NOT_IN_INVENTORY
Apparel & Accessories,928,1594,VERY_LOW,FLAT,Skechers Men's Dynamight Trainers,Skechers,Apparel & Accessories > Shoes,"00190872915325,00190872946213,00190872915332",NOT_IN_INVENTORY
Apparel & Accessories,929,427,VERY_LOW,SINKER,Crocs Men's All Terrain Lined Clogs,Crocs,Apparel & Accessories > Shoes,"00198445251535,00198445251542,00196265397099",IN_STOCK
Apparel & Accessories,930,1955,VERY_LOW,FLAT,Pieces Triangle knit Scarf Women,PIECES,Apparel & Accessories > Clothing Accessories > Scarves & Shawls,"05715723334237,05715908788848,05715723341006",IN_STOCK
Apparel & Accessories,933,2675,VERY_LOW,FLAT,ASICS Men's Gel-Cumulus 28,ASICS,Apparel & Accessories > Shoes,"04571633484148,04571633471179,04571633471124",IN_STOCK
Apparel & Accessories,937,513,VERY_LOW,SINKER,Vans Classic Slip On,Vans,Apparel & Accessories > Shoes,"00198266327822,00658100317841,00658100317803",NOT_IN_INVENTORY
Apparel & Accessories,938,1403,VERY_LOW,FLAT,ONLY Trousers Women's Onlyasmine Barrel FIT Trousers Trousers,ONLY,Apparel & Accessories > Clothing > Pants,"05715949937007,05715949937038,05715949937021",IN_STOCK
Apparel & Accessories,939,1015,VERY_LOW,FLAT,SUI AVA Rosa Hair Claw Women,SUI AVA,"Apparel & Accessories > Clothing Accessories > Hair Accessories > Hair Pins, Claws & Clips","05714058037257,05714058035925,05714058035901",IN_STOCK
Apparel & Accessories,940,843,VERY_LOW,FLAT,BY IC Avaic Light jacket Women's,BYIC,Apparel & Accessories > Clothing > Outerwear > Coats & Jackets,"05714725084690,05714725073281,05714725073267",IN_STOCK
Apparel & Accessories,941,1020,VERY_LOW,FLAT,Hoka Women's Clifton 11,Hoka One One,Apparel & Accessories > Shoes,"00198605944420,00198605944628,00198605941979",IN_STOCK
Apparel & Accessories,942,1085,VERY_LOW,FLAT,Rains Alta Long Puffer Jacket,RAINS,Apparel & Accessories > Clothing > Outerwear > Coats & Jackets,"05711747549398,05711747549381,05711747549510",IN_STOCK
Apparel & Accessories,945,726,VERY_LOW,SINKER,Joha Wool Baby Body,Joha,Apparel & Accessories > Clothing > Baby & Toddler Clothing > Baby One-Pieces,"05715346248959,05705492524625,05715346242438",IN_STOCK
Apparel & Accessories,947,1179,VERY_LOW,FLAT,INGA CHECK FLUFF STRIK NN SALE - LifeStyle Hedensted Creme,Neo Noir,Apparel & Accessories > Clothing > Shirts & Tops,"05715641499889,05715641499902,05715641499896",IN_STOCK
Apparel & Accessories,948,1386,VERY_LOW,FLAT,New Era MLB 59Fifty New York Yankees Cap men,New Era,Apparel & Accessories > Clothing Accessories > Hats,"00195131197900,00195131197962,00195131197924",NOT_IN_INVENTORY
Apparel & Accessories,950,1221,VERY_LOW,FLAT,Fjallraven Expedition Down Lite Jacket Women's,Fjällräven,Apparel & Accessories > Clothing > Outerwear > Coats & Jackets,"07323450730468,07323450360573,07323450730451",NOT_IN_INVENTORY
Apparel & Accessories,951,923,VERY_LOW,FLAT,Konges Sløjd Alfe Pants in Cocoa Dot Girl,Konges Sløjd,Apparel & Accessories > Clothing > Pants,"05715681311066,05715681311035,05715681310991",NOT_IN_INVENTORY
Apparel & Accessories,952,2483,VERY_LOW,FLAT,Vero Moda Vmanne Manteaux,Vero Moda,Apparel & Accessories > Clothing > Outerwear > Coats & Jackets,"05715727530666,05715727530635,05715727530680",NOT_IN_INVENTORY
Apparel & Accessories,954,4477,VERY_LOW,FLAT,Womens Vero Moda Vmvinceline Vestes,Vero Moda,Apparel & Accessories > Clothing > Outerwear > Coats & Jackets,"05715914575968,05715833456980,05715914575951",NOT_IN_INVENTORY
Apparel & Accessories,955,1878,VERY_LOW,FLAT,Crocs Women's Crafted Vegan Suede Stitch Clog,Crocs,Apparel & Accessories > Shoes,"00198445518935,00198445518928,00198445518850",NOT_IN_INVENTORY
Apparel & Accessories,957,1724,VERY_LOW,FLAT,Nike Women's Structure 26,Nike,Apparel & Accessories > Shoes,"00198481342501,00198481529568,00198729869944",IN_STOCK
Apparel & Accessories,958,2408,VERY_LOW,FLAT,Pieces Pckomma Triangle Scarf Women's NOOS BC Scarf,PIECES,Apparel & Accessories > Clothing Accessories > Scarves & Shawls,"05715947710770,05715908935006,05715945869319",NOT_IN_INVENTORY
Apparel & Accessories,959,1067,VERY_LOW,FLAT,New Balance 1906L,New Balance,Apparel & Accessories > Shoes,"00198688468745,00198688469353,00198688469360",NOT_IN_INVENTORY
Apparel & Accessories,962,1027,VERY_LOW,FLAT,Pieces top Women's Pcbella 3/4 Boatneck Long sleeved top,PIECES,Apparel & Accessories > Clothing > Shirts & Tops,"05715999182655,05715999182556,05715999182662",NOT_IN_INVENTORY
Apparel & Accessories,963,4918,VERY_LOW,FLAT,Mos Mosh Women's Mmnova Hooded Quilted Coat,Mos Mosh,Apparel & Accessories > Clothing > Outerwear > Coats & Jackets,,NOT_IN_INVENTORY
Apparel & Accessories,964,3186,VERY_LOW,FLAT,Didriksons Frida Womens Parka,Didriksons,Apparel & Accessories > Clothing > Outerwear > Coats & Jackets,"07333371304655,07333371304846,07333371304433",NOT_IN_INVENTORY
Apparel & Accessories,967,1912,VERY_LOW,FLAT,BLS Hafnia Samurai Hardshell,BLS Hafnia,Apparel & Accessories > Clothing > Outerwear > Coats & Jackets,"05715029071737,05715029071744,05715029071850",IN_STOCK
Apparel & Accessories,968,2103,VERY_LOW,FLAT,Fjallraven Men's Skogso Padded Jacket,Fjällräven,Apparel & Accessories > Clothing > Outerwear > Coats & Jackets,"07323451112232,07323451112263,07323450536398",NOT_IN_INVENTORY
Apparel & Accessories,969,976,VERY_LOW,FLAT,Tretorn Kids Lunar Hybrid Boots,Tretorn,Apparel & Accessories > Shoes,"07333250695034,07333250695058,07333250695010",NOT_IN_INVENTORY
Apparel & Accessories,970,2804,VERY_LOW,FLAT,Kids Mikk-Line Melange Wool Footies,Mikk-Line,Apparel & Accessories > Shoes,"05715073234157,05715073234164,05715073234133",IN_STOCK
Apparel & Accessories,971,488,VERY_LOW,SINKER,Kids' Konges Sløjd Tavi Fleece Sweatshirt,Konges Sløjd,Apparel & Accessories > Clothing > Baby & Toddler Clothing > Baby & Toddler Tops,"05715681303320,05715681303290,05715681303337",IN_STOCK
Apparel & Accessories,972,345,VERY_LOW,SINKER,Love & Divine Love1510-1 20394,love & divine,Apparel & Accessories > Clothing > Shirts & Tops,"05714862776434,05714862776441,05714862776472",IN_STOCK
Apparel & Accessories,973,1748,VERY_LOW,FLAT,SILFEN Stacy tiramisu,SILFEN,"Apparel & Accessories > Handbags, Wallets & Cases > Handbags",05740009108158,NOT_IN_INVENTORY
Apparel & Accessories,974,914,VERY_LOW,FLAT,Woden Women's Line,Woden,Apparel & Accessories > Shoes,"05713326591729,05713326592542,05713326591699",NOT_IN_INVENTORY
Apparel & Accessories,977,1132,VERY_LOW,FLAT,Women H2o Trek Sandal,H2O - Sportswear,Apparel & Accessories > Shoes,"05711891359942,05711891360450,05711891359966",NOT_IN_INVENTORY
Apparel & Accessories,979,917,VERY_LOW,FLAT,Man Jack & Jones Dave Classic CJ 363 Jeans,JACK & JONES,Apparel & Accessories > Clothing > Pants,"05715715308499,05715715308574,05715715308604",NOT_IN_INVENTORY
Apparel & Accessories,980,554,VERY_LOW,SINKER,Women's shorts adidas ADI365 Formotion Iconic,adidas,Apparel & Accessories > Clothing > Shorts,"04068817185002,04068822614153,04068822596473",IN_STOCK
Apparel & Accessories,981,1545,VERY_LOW,FLAT,Children's Hummel Sobi Thermoset tracksuit,Hummel,Apparel & Accessories > Clothing > Outfit Sets,"05700497640424,05700497640547,05700497640400",NOT_IN_INVENTORY
Apparel & Accessories,982,1095,VERY_LOW,FLAT,Levi's Men's 501 Original Fit Jeans,Levi’s,Apparel & Accessories > Clothing > Pants,"05412456185401,05412130208693,05401128021703",NOT_IN_INVENTORY
Apparel & Accessories,983,1325,VERY_LOW,FLAT,Name It Set 'Nmfmoon' girl pink floral,NAME IT,Apparel & Accessories > Clothing > Outfit Sets,"05715906171284,05715906171260,05715906171253",NOT_IN_INVENTORY
Apparel & Accessories,987,888,VERY_LOW,FLAT,Keen Kids' Jasper Zionic,KEEN,Apparel & Accessories > Shoes,"00195208994128,00195208994142,00195208994135",NOT_IN_INVENTORY
Apparel & Accessories,990,1231,VERY_LOW,FLAT,Keen Women's Uneek,KEEN,Apparel & Accessories > Shoes,"00191190980460,00191190980439,00191190085158",IN_STOCK
Apparel & Accessories,992,792,VERY_LOW,FLAT,The North Face Men's Antora Jacket,The North Face,Apparel & Accessories > Clothing > Outerwear > Coats & Jackets,"00197642877951,00197641080673,00197641080581",IN_STOCK
Apparel & Accessories,993,781,VERY_LOW,FLAT,Kids MarMar Odin Thermo Pants,Marmar Copenhagen,Apparel & Accessories > Clothing > Pants,"05715522370931,05715522281121,05715522280964",IN_STOCK
Apparel & Accessories,994,632,VERY_LOW,SINKER,Asics Jog 100S,ASICS,Apparel & Accessories > Shoes,"04571633570414,04571633570513,04571633570469",IN_STOCK
Apparel & Accessories,995,863,VERY_LOW,FLAT,Bisgaard Rubber Boots girl brown,bisgaard,Apparel & Accessories > Shoes,"05715243979109,05715243730373,05715243979185",IN_STOCK
Apparel & Accessories,996,2083,VERY_LOW,FLAT,Wide Strap Lace Balconette Bra,NA-KD,Apparel & Accessories > Clothing > Underwear & Socks > Bras,07325949695197,NOT_IN_INVENTORY
Apparel & Accessories,998,1535,VERY_LOW,FLAT,Triumph Amourette Bra,Triumph,Apparel & Accessories > Clothing > Underwear & Socks > Bras,"07613114526736,07613113546117,07613137835464",NOT_IN_INVENTORY
Apparel & Accessories,999,264,VERY_LOW,SINKER,Children Wheat Rain Jacket,Wheat,Apparel & Accessories > Clothing > Outerwear > Rain Suits,"05715596118224,05715596264242,05715596229340",NOT_IN_INVENTORY
Apparel & Accessories,1002,951,VERY_LOW,FLAT,Becksondergaard rallo lottie woven tote bag,Becksöndergaard,"Apparel & Accessories > Handbags, Wallets & Cases > Handbags","05710531509242,05710531504940,05710531616865",IN_STOCK
Apparel & Accessories,1003,1432,VERY_LOW,FLAT,adidas Junior Youth F50 League 'Lamine Yamal' Laceless FG,adidas,Apparel & Accessories > Shoes,"04068814613904,04068814615168,04068814613898",NOT_IN_INVENTORY
Apparel & Accessories,1006,2351,VERY_LOW,FLAT,Children's adidas Black Rapid Court Mid Winterized shoes,adidas,Apparel & Accessories > Shoes,"04067903015810,04067903019481,04069987677151",IN_STOCK
Apparel & Accessories,1008,940,VERY_LOW,FLAT,Modström Tailormd dress Women's Cocktail dress / Party dress,Modström,Apparel & Accessories > Clothing > Dresses,"05714980543604,05714980543598,05714980543581",IN_STOCK
Apparel & Accessories,1012,1121,VERY_LOW,FLAT,Levi's Ribcage Full Length Women's Jeans,Levi’s,Apparel & Accessories > Clothing > Pants,"05401128251087,05401187702834,05401157447987",IN_STOCK
Apparel & Accessories,1013,667,VERY_LOW,SINKER,34,Viking Footwear,Apparel & Accessories > Shoes,"07054978407838,07054978407821,07054978407845",IN_STOCK
Apparel & Accessories,1015,2657,VERY_LOW,FLAT,Jack & Jones Men's Single Breasted Suits,JACK & JONES,Apparel & Accessories > Clothing > Suits > Pant Suits,"05715909955393,05715909955362,05715422484264",NOT_IN_INVENTORY
Apparel & Accessories,1017,838,VERY_LOW,FLAT,Kids Name It Performance Jacket,NAME IT,Apparel & Accessories > Clothing > Outerwear > Coats & Jackets,"05715865625316,05715832406429,05715874945269",NOT_IN_INVENTORY
Apparel & Accessories,1018,2302,VERY_LOW,FLAT,Nike Men's Air Monarch IV,Nike,Apparel & Accessories > Shoes,"00198487218619,00885259556658,00826215327448",NOT_IN_INVENTORY
Apparel & Accessories,1020,1151,VERY_LOW,FLAT,Fjallraven Sten Jacket Men's,Fjällräven,Apparel & Accessories > Clothing > Outerwear > Coats & Jackets,"07323450115869,07323450115883,07392158859306",NOT_IN_INVENTORY
Apparel & Accessories,1021,1276,VERY_LOW,FLAT,Kids' Huttelihut Jacket Ears Cotton Fleece,Huttelihut,Apparel & Accessories > Clothing Accessories > Balaclavas,"05713438929434,05713438062308,05713438062346",NOT_IN_INVENTORY
Apparel & Accessories,1022,1581,VERY_LOW,FLAT,Asics Upcourt 6 GS Court Shoes Kids,ASICS,Apparel & Accessories > Shoes,"04550457686754,04550457686730,04550457686778",OUT_OF_STOCK
Apparel & Accessories,1023,3316,VERY_LOW,FLAT,Lindbergh Lindbergh Classic Plain Suit Men's SET Suit,Lindbergh,Apparel & Accessories > Clothing > Suits > Pant Suits,"05715891364913,05715891365026,05715891364890",NOT_IN_INVENTORY
Apparel & Accessories,1024,1440,VERY_LOW,FLAT,Womens New Balance White of Crew Socks 10 Pack,New Balance,Apparel & Accessories > Clothing > Underwear & Socks > Socks,"08718718028910,08718718028965,08718718028941",NOT_IN_INVENTORY
Apparel & Accessories,1025,3115,VERY_LOW,FLAT,Men T-shirt Nike Dynamic Fit Park20,Nike,Apparel & Accessories > Clothing > Shirts & Tops,"00194502377644,00194502377828,00194502377811",IN_STOCK
Apparel & Accessories,1027,2179,VERY_LOW,FLAT,Hoka Men's Arahi 8,Hoka One One,Apparel & Accessories > Shoes,"00198605498152,00198605185366,00198605562785",IN_STOCK
Apparel & Accessories,1029,934,VERY_LOW,FLAT,Kids Angulus Glitter Tex-Boot Glitter Velcro,Angulus,Apparel & Accessories > Shoes,"05714408621747,05714408951790,05714408858129",IN_STOCK
Apparel & Accessories,1030,1370,VERY_LOW,FLAT,Children's Mikk-Line Nylon Jacket,Mikk-Line,Apparel & Accessories > Clothing > Baby & Toddler Clothing > Baby & Toddler Outerwear,"05715073544423,05715073544560,05715073470807",NOT_IN_INVENTORY
Apparel & Accessories,1031,1204,VERY_LOW,FLAT,New Surplus,Neo Noir,Apparel & Accessories > Clothing > Shirts & Tops,"05715641305920,05715641416060,05715641416053",IN_STOCK
Apparel & Accessories,1032,825,VERY_LOW,FLAT,Barbour Women's Cottingham Wax Jacket,Barbour,Apparel & Accessories > Clothing > Outerwear > Coats & Jackets,"05063669359327,05063669359365,05063669359334",IN_STOCK
Apparel & Accessories,1033,696,VERY_LOW,SINKER,Neo Noir Women Fenli Shirt Blouse,Neo Noir,Apparel & Accessories > Clothing > Shirts & Tops,"05715641565140,05715641565133,05715641565126",IN_STOCK
Apparel & Accessories,1036,2194,VERY_LOW,FLAT,Mens adidas Handball Spezial,adidas,Apparel & Accessories > Shoes,"04060512040815,04067888603682,04069987886713",NOT_IN_INVENTORY
Apparel & Accessories,1038,6555,VERY_LOW,FLAT,Women's adidas Blousy Oversized Track Top,adidas,Apparel & Accessories > Clothing > Outerwear > Coats & Jackets,"04069994276927,04069994273186,04069994273216",NOT_IN_INVENTORY
Apparel & Accessories,1039,0,VERY_LOW,RELATIVE_DEMAND_CHANGE_TYPE_ENUM_UNSPECIFIED,Kids Name It Delicioso Christmas Nknvismas Ls Nightset,NAME IT,Apparel & Accessories > Clothing > Sleepwear & Loungewear > Pajamas,,NOT_IN_INVENTORY
Apparel & Accessories,1040,3607,VERY_LOW,FLAT,Kids' Konges Sløjd Roi Rain Boot,Konges Sløjd,Apparel & Accessories > Shoes,"05715681093290,05715681093337,05715681093306",NOT_IN_INVENTORY
Apparel & Accessories,1041,1702,VERY_LOW,FLAT,Oakley Eyejacket Redux Sunglasses,Oakley,Apparel & Accessories > Clothing Accessories > Sunglasses,"00888392408402,00888392408365,00888392666130",NOT_IN_INVENTORY
Apparel & Accessories,1042,1078,VERY_LOW,FLAT,Nike Men's Air Force 1 07 LV8,Nike,Apparel & Accessories > Shoes,"00198959680630,00198959692541,00198730360515",NOT_IN_INVENTORY
Apparel & Accessories,1043,571,VERY_LOW,SINKER,Kids Hummel Lavender Gray Gym Shoe,Hummel,Apparel & Accessories > Shoes,"05715598620220,05715688774017,05715688774000",NOT_IN_INVENTORY
Apparel & Accessories,1044,1183,VERY_LOW,FLAT,Womens Only Pants 'ONLCLEVER' female,ONLY,Apparel & Accessories > Clothing > Pants,"05715826061863,05715945502797,05715826061870",NOT_IN_INVENTORY
Apparel & Accessories,1046,2330,VERY_LOW,FLAT,Puma Women's Speedcat Wedge,PUMA,Apparel & Accessories > Shoes,"04069162835604,04069162836984,04070032768021",NOT_IN_INVENTORY
Apparel & Accessories,1048,1374,VERY_LOW,FLAT,Womens adidas Originals Satin Polka Dots Track Top,adidas,Apparel & Accessories > Clothing > Outerwear > Coats & Jackets,"04068817319162,04069992015337,04069992018963",NOT_IN_INVENTORY
Apparel & Accessories,1051,1544,VERY_LOW,FLAT,Only Girls Coat 'Kogjuta' girl,The Original Big Wheel,Apparel & Accessories > Clothing > Outerwear > Coats & Jackets,"05715910252573,05715910252528,05715910252559",NOT_IN_INVENTORY
Apparel & Accessories,1053,1497,VERY_LOW,FLAT,Matinique Between-Seasons Coat 'Mac Miles' male plain colored,Matinique,Apparel & Accessories > Clothing > Outerwear > Coats & Jackets,"05714344362148,05714344314666,05714344314680",IN_STOCK
Apparel & Accessories,1054,1119,VERY_LOW,FLAT,Pieces long sleeve T-shirt Women,PIECES,Apparel & Accessories > Clothing > Shirts & Tops,"05715908911215,05715905504120,05715908911178",NOT_IN_INVENTORY
Apparel & Accessories,1055,1416,VERY_LOW,FLAT,Puma Men's Deviate Nitro 4,PUMA,Apparel & Accessories > Shoes,"04069161659157,04069161661679,04070033046456",IN_STOCK
Apparel & Accessories,1056,1784,VERY_LOW,FLAT,New Balance Women's Fresh Foam X Hierro v9,New Balance,Apparel & Accessories > Shoes,"00199062862173,00199062854581,00199062862203",IN_STOCK
Apparel & Accessories,1057,1943,VERY_LOW,FLAT,adidas Manchester United Training Jersey Men's 26/27,adidas,Apparel & Accessories > Clothing > Shirts & Tops,"04069994841675,04069994840951,04069994842436",NOT_IN_INVENTORY
Apparel & Accessories,1059,2786,VERY_LOW,FLAT,Skechers s,Skechers,Apparel & Accessories > Shoes,"00199703668942,00199703669000,00195969763551",NOT_IN_INVENTORY
Apparel & Accessories,1060,823,VERY_LOW,FLAT,Jbs Boxer shorts male mixed colors logo print,JBS,Apparel & Accessories > Clothing > Underwear & Socks > Underwear,"05709405847931,05709405095967,05709405847962",IN_STOCK
Apparel & Accessories,1061,995,VERY_LOW,FLAT,"Billi Bi Shoes, 36, Loafers, Brown - Flat Women",Billi Bi,Apparel & Accessories > Shoes,"05711217615035,05711217614946,05711217562834",NOT_IN_INVENTORY
Apparel & Accessories,1062,1528,VERY_LOW,FLAT,MANGO Padded anorak with toggle fastenings,MANGO,Apparel & Accessories > Clothing > Outerwear > Coats & Jackets,"08447692455619,08447692455596,08447692455589",IN_STOCK
Apparel & Accessories,1063,3590,VERY_LOW,FLAT,Garment Project Moccasins 'Ollie' male,Garment Project,Apparel & Accessories > Shoes,"05713399397174,05713399422296,05713399397198",IN_STOCK
Apparel & Accessories,1064,2164,VERY_LOW,FLAT,Barbour Women's Kilnwick Quilted Jacket,Barbour,Apparel & Accessories > Clothing > Outerwear > Coats & Jackets,"05063669361245,05063669360668,05063669360729",IN_STOCK
Apparel & Accessories,1065,2108,VERY_LOW,FLAT,Neo Noir Dalma Flannel Check Skjorte,Neo Noir,Apparel & Accessories > Clothing > Shirts & Tops,"05715641637861,05715641637885,05715641637892",IN_STOCK
Apparel & Accessories,1067,4627,VERY_LOW,FLAT,Children's hiking shoes Whistler Nocara,Whistler,Apparel & Accessories > Shoes,"05715738332068,05715738332082,05715863561272",NOT_IN_INVENTORY
Apparel & Accessories,1069,1120,VERY_LOW,FLAT,Women's Triumph Essential Minimizer Bra,Triumph,Apparel & Accessories > Clothing > Underwear & Socks > Bras,"07613137796147,07613112852585,07613112859560",IN_STOCK
Apparel & Accessories,1071,645,VERY_LOW,SINKER,Birkenstock Arizona Kids,Birkenstock,Apparel & Accessories > Shoes,"04067707380220,04067707048526,04067707766727",NOT_IN_INVENTORY
Apparel & Accessories,1073,856,VERY_LOW,FLAT,Fjallraven Men's Keb Trousers,Fjällräven,Apparel & Accessories > Clothing > Pants,"07323450916053,07323450915179,07323450916664",NOT_IN_INVENTORY
Apparel & Accessories,1075,540,VERY_LOW,SINKER,Neo Noir Ulline Trenchcoat,Neo Noir,Apparel & Accessories > Clothing > Outerwear > Coats & Jackets,"05715641508246,05715641508253,05715641508277",IN_STOCK
Apparel & Accessories,1076,1472,VERY_LOW,FLAT,The North Face Snowquest Jacket Kids,The North Face,Apparel & Accessories > Clothing > Outerwear > Coats & Jackets,"00197804071043,00197804071395,00197804071494",IN_STOCK
Apparel & Accessories,1078,2260,VERY_LOW,FLAT,Nike Men's Revolution 8 Running Shoes,Nike,Apparel & Accessories > Shoes,"00197862903539,00197862930054,00197862922745",NOT_IN_INVENTORY
Apparel & Accessories,1080,1163,VERY_LOW,FLAT,adidas Barreda Shoes,adidas,Apparel & Accessories > Shoes,"04067904284208,04068801854679,04068806094445",NOT_IN_INVENTORY
Apparel & Accessories,1082,1549,VERY_LOW,FLAT,Viking Kids Equip Warm WP 1V,Viking Footwear,Apparel & Accessories > Shoes,"07054977958089,07054977958096,07054977974775",NOT_IN_INVENTORY
Apparel & Accessories,1083,1136,VERY_LOW,FLAT,Name It Bitter Chocolate Avery Mules Children's,NAME IT,Apparel & Accessories > Shoes,"05715602975216,05715602975247,05715602975230",NOT_IN_INVENTORY
Apparel & Accessories,1084,3710,VERY_LOW,FLAT,Salomon XT-EVO,Salomon,Apparel & Accessories > Shoes,"00198720574953,00198720575004,00198720574717",NOT_IN_INVENTORY
Apparel & Accessories,1085,1470,VERY_LOW,FLAT,Nike Dri-FIT Park VIII Short-Sleeve Soccer Jersey Men's,Nike,Apparel & Accessories > Clothing > Shirts & Tops,"00198488998480,00198488495071",IN_STOCK
Apparel & Accessories,1086,712,VERY_LOW,SINKER,Pieces Ruched Cinch Waist T-Shirt Women,PIECES,Apparel & Accessories > Clothing > Shirts & Tops,"05716000770441,05716000770410,05715908435049",IN_STOCK
Apparel & Accessories,1087,866,VERY_LOW,FLAT,Joha Wool Baby Body,Joha,Apparel & Accessories > Clothing > Baby & Toddler Clothing > Baby One-Pieces,"05715346248959,05705492524625,05715346242438",NOT_IN_INVENTORY
Apparel & Accessories,1089,799,VERY_LOW,FLAT,Kids' NAME IT Name Suit,NAME IT,Apparel & Accessories > Clothing > Outerwear > Snow Pants & Suits,"05715729186922,05715729186939,05715729186854",NOT_IN_INVENTORY
Apparel & Accessories,1091,1047,VERY_LOW,FLAT,adidas Men's Adizero Boston 13,adidas,Apparel & Accessories > Shoes,"04068812358234,04068812299759,04068809170672",IN_STOCK
Apparel & Accessories,1093,1366,VERY_LOW,FLAT,Nike Men's Air Max TL 2.5,Nike,Apparel & Accessories > Shoes,"00198728552373,00197600809550,00198959694200",NOT_IN_INVENTORY
Apparel & Accessories,1094,1633,VERY_LOW,FLAT,New Balance Women's Fresh Foam Arishi v4,New Balance,Apparel & Accessories > Shoes,"00198689577514,00198688779940,00198688786191",NOT_IN_INVENTORY
Apparel & Accessories,1095,1780,VERY_LOW,FLAT,Boy tracksuit Hummel Track,Hummel,Apparel & Accessories > Clothing > Outfit Sets,"05715819531168,05715819530918,05715819530895",NOT_IN_INVENTORY
Apparel & Accessories,1096,1122,VERY_LOW,FLAT,BY IC Ameliaic Maxi dress Women's,BYIC,Apparel & Accessories > Clothing > Dresses,"05714725097515,05714725098574,05714725100505",IN_STOCK
Apparel & Accessories,1098,2071,VERY_LOW,FLAT,Vero Moda Maternity Tessa Wide Leg Jeans,Vero Moda,Apparel & Accessories > Clothing > Pants,"05715826973470,05715833210001,05715833210018",NOT_IN_INVENTORY
Apparel & Accessories,1099,950,VERY_LOW,FLAT,Women's adidas Essentials Woven Training Pants,adidas,Apparel & Accessories > Clothing > Pants,"04068809908442,04068809912197,04068809908534",NOT_IN_INVENTORY
Apparel & Accessories,1101,1973,VERY_LOW,FLAT,Woman Vila Claudia Button Coat,VILA,Apparel & Accessories > Clothing > Outerwear > Coats & Jackets,"05715361438250,05715361767411,05715361767404",NOT_IN_INVENTORY
Apparel & Accessories,1102,4400,VERY_LOW,FLAT,girl NAME IT Name Nmmmarlow Parka Jacket Fo,NAME IT,Apparel & Accessories > Clothing > Outerwear > Coats & Jackets,"05715874945139,05715874945122,05715874945030",NOT_IN_INVENTORY
Apparel & Accessories,1103,2434,VERY_LOW,FLAT,Kids Mikk-Line Prewalker Wool,Mikk-Line,Apparel & Accessories > Shoes,"05715073780173,05715073780135,05715073773021",NOT_IN_INVENTORY
Apparel & Accessories,1104,1810,VERY_LOW,FLAT,Keen Women's Targhee IV Waterproof Hiking,KEEN,Apparel & Accessories > Shoes,"00195208420610,00195208704024,00195208704017",NOT_IN_INVENTORY
Apparel & Accessories,1107,342,VERY_LOW,SINKER,Viking Kids Jolly Wellington Boots,Viking Footwear,Apparel & Accessories > Shoes,"07054977655629,07054977655568,07054978031316",NOT_IN_INVENTORY
Apparel & Accessories,1108,690,VERY_LOW,SINKER,Children's Set Hummel Shimmer,Hummel,Apparel & Accessories > Clothing > Outfit Sets,"05715819766706,05715598720203,05715598720166",NOT_IN_INVENTORY
Apparel & Accessories,1109,3307,VERY_LOW,FLAT,NAME IT Name Mex Balaclava Baby,NAME IT,Apparel & Accessories > Clothing Accessories > Balaclavas,"05715832381405,05715832381412,05715832381429",NOT_IN_INVENTORY
Apparel & Accessories,1111,1556,VERY_LOW,FLAT,adidas Men's Campus 00s,adidas,Apparel & Accessories > Shoes,"04066749842659,04066749842635,04066749842666",IN_STOCK
Apparel & Accessories,1112,374,VERY_LOW,SINKER,Children's jersey Hummel Shimmer,Hummel,Apparel & Accessories > Clothing > Shirts & Tops,"05715598041117,05715688832809,05715688832977",IN_STOCK
Apparel & Accessories,1113,897,VERY_LOW,FLAT,McKINLEY Linda Parka,McKINLEY,Apparel & Accessories > Clothing > Outerwear > Coats & Jackets,"07322913852532,07322913852549,07322913837379",IN_STOCK
Apparel & Accessories,1114,2036,VERY_LOW,FLAT,Kids shoes Hummel Multiplay Flex Vc 2.0,Hummel,Apparel & Accessories > Shoes,"05715819703091,05715819702742,05715819702957",IN_STOCK
Apparel & Accessories,1115,1935,VERY_LOW,FLAT,Austin Men Shoes - Bordeaux Polido - 41 / Burgundy,Playboy,Apparel & Accessories > Shoes,"05710821445335,05710821239378,05710821248752",IN_STOCK
Apparel & Accessories,1116,1333,VERY_LOW,FLAT,Boy Hummel Urban Tex Jacket,Hummel,Apparel & Accessories > Clothing > Outerwear > Coats & Jackets,"05700498164639,05700498164615,05700498164738",IN_STOCK
Apparel & Accessories,1118,755,VERY_LOW,SINKER,Children's Hummel Daylight Glitter Trainers,Hummel,Apparel & Accessories > Shoes,"05715819087023,05715819492827,05715819087009",NOT_IN_INVENTORY
Apparel & Accessories,1119,260,VERY_LOW,SINKER,Tretorn Light Rainponcho,Tretorn,Apparel & Accessories > Clothing > Outerwear > Coats & Jackets,"07392136827341,07392136827334",NOT_IN_INVENTORY
Apparel & Accessories,1120,1809,VERY_LOW,FLAT,Nike Kids' P-6000,Nike,Apparel & Accessories > Shoes,"00198726881789,00198726904372,00198726867417",IN_STOCK
Apparel & Accessories,1121,1376,VERY_LOW,FLAT,Neo Noir Bretti Paisley Drop Dress Dark Taupe/Light Blue,Neo Noir,Apparel & Accessories > Clothing > Dresses,"05715641442021,05715641569162,05715641569179",IN_STOCK
Apparel & Accessories,1123,1098,VERY_LOW,FLAT,Only Sweater 'ONLSimoni' female grey melange size XXL,ONLY,Apparel & Accessories > Clothing > Shirts & Tops,"05715910442288,05715910442295,05715832951066",IN_STOCK
Apparel & Accessories,1126,1580,VERY_LOW,FLAT,Hummel Zap Slipper Slippers child,Hummel,Apparel & Accessories > Shoes,"05700497355045,05700497382843,05700497354987",NOT_IN_INVENTORY
Apparel & Accessories,1127,2584,VERY_LOW,FLAT,adidas Women's Handball Spezial,adidas,Apparel & Accessories > Shoes,"04066765220004,04066765223685,04066765223616",NOT_IN_INVENTORY
Apparel & Accessories,1128,1458,VERY_LOW,FLAT,Women's Pieces shirt female,PIECES,Apparel & Accessories > Clothing > Shirts & Tops,"05715908683044,05715429002850,05715510439312",IN_STOCK
Apparel & Accessories,1132,991,VERY_LOW,FLAT,Wheat Snowsuit Laffa Kids',Wheat,Apparel & Accessories > Clothing > Baby & Toddler Clothing > Baby & Toddler Outerwear,"05715596516969,05715596516891,05715596516938",NOT_IN_INVENTORY
Apparel & Accessories,1133,1272,VERY_LOW,FLAT,Baby Mikk-Line Grey Balaclava,Mikk-Line,Apparel & Accessories > Clothing Accessories > Balaclavas,"05715073425753,05715073361662,05715073425722",NOT_IN_INVENTORY
Apparel & Accessories,1134,1109,VERY_LOW,FLAT,Authentic Vans,Vans,Apparel & Accessories > Shoes,"00198268654490,00198268500681,00198268500834",IN_STOCK
Apparel & Accessories,1136,1216,VERY_LOW,FLAT,Hummel Infant & Infant Crosslite Winter Mid Shoes,Hummel,Apparel & Accessories > Shoes,"05715688274401,05715688274371,05715688274418",NOT_IN_INVENTORY
Apparel & Accessories,1137,1008,VERY_LOW,FLAT,adidas Women's Handball Spezial,adidas,Apparel & Accessories > Shoes,"04066765220004,04066765223685,04066765223616",NOT_IN_INVENTORY
Apparel & Accessories,1139,1074,VERY_LOW,FLAT,Jack & Jones Carter Long Sleeve Shirt Men,JACK & JONES,Apparel & Accessories > Clothing > Shirts & Tops,"05715909470070,05715909469937,05715909469968",NOT_IN_INVENTORY
Apparel & Accessories,1140,2070,VERY_LOW,FLAT,adidas Kids Team Base Tee,adidas,Apparel & Accessories > Clothing > Shirts & Tops,"04064044313126,04064045215528,04064044309471",NOT_IN_INVENTORY
Apparel & Accessories,1141,606,VERY_LOW,SINKER,Waterproof jacket for kids Didriksons Talvi,Didriksons,Apparel & Accessories > Clothing > Outerwear > Coats & Jackets,"07333371274248,07333371274224,07333371274200",NOT_IN_INVENTORY
Apparel & Accessories,1142,1924,VERY_LOW,FLAT,Nike Men's Manoa Leather,Nike,Apparel & Accessories > Shoes,"00198483569746,00198481707577,00198483556456",IN_STOCK
Apparel & Accessories,1143,0,VERY_LOW,RELATIVE_DEMAND_CHANGE_TYPE_ENUM_UNSPECIFIED,Fransa Frevilla JA 4 Summer jacket Women's,Fransa,Apparel & Accessories > Clothing > Outerwear > Coats & Jackets,"05715753487095,05715753487156,05715880230878",NOT_IN_INVENTORY
Apparel & Accessories,1145,450,VERY_LOW,SINKER,Children Rainsuit Mika Wheat,Wheat,Apparel & Accessories > Clothing > Baby & Toddler Clothing > Baby & Toddler Outerwear,"05715596297417,05715596923026,05715596922999",IN_STOCK
Apparel & Accessories,1146,555,VERY_LOW,SINKER,Baby Trainers Hummel Crosslite,Hummel,Apparel & Accessories > Shoes,"05700498385072,05715688462877,05715819011288",IN_STOCK
Apparel & Accessories,1147,2047,VERY_LOW,FLAT,Georg Jensen Damask STRIPE 1979 Bathrobe,Georg Jensen,Apparel & Accessories > Clothing > Sleepwear & Loungewear > Robes,"05708150225278,05708150225292,05708150225285",NOT_IN_INVENTORY
Apparel & Accessories,1148,2632,VERY_LOW,FLAT,Kids hummel Youth Top Star Indoor Velcro 2.0 Cleats,Hummel,Apparel & Accessories > Shoes,"05715819698076,05715819698311,05715819698083",IN_STOCK
Apparel & Accessories,1149,1064,VERY_LOW,FLAT,adidas Men's Liverpool 26/27 Home Jersey,adidas,Apparel & Accessories > Clothing > Shirts & Tops,"04069989005815,04069989005808,04069989005846",IN_STOCK
Apparel & Accessories,1152,960,VERY_LOW,FLAT,En Fant Athletic Suit kids,EN FANT,Apparel & Accessories > Clothing > Outfit Sets,"05714625445522,05714625445638,05714625445737",NOT_IN_INVENTORY
Apparel & Accessories,1153,2159,VERY_LOW,FLAT,Asics Men's Gel-Venture 11 Running Shoes,ASICS,Apparel & Accessories > Shoes,"04571633765216,04571633370151,04571633353741",NOT_IN_INVENTORY
Apparel & Accessories,1154,3036,VERY_LOW,FLAT,Nike Men's Air Max Invigor,Nike,Apparel & Accessories > Shoes,"00888410206942,00888410206966,00193153206785",NOT_IN_INVENTORY
Apparel & Accessories,1156,1560,VERY_LOW,FLAT,"Rethinkit Studios Quilted Jacket ""Lyon Women's",Rethinkit,Apparel & Accessories > Clothing > Outerwear > Coats & Jackets,"05740019002835,05740019002828,05740019002804",IN_STOCK
Apparel & Accessories,1157,1254,VERY_LOW,FLAT,Nike Women's Revolution 8 Running Shoes,Nike,Apparel & Accessories > Shoes,"00197862894738,00197862925159,00197862923827",NOT_IN_INVENTORY
Apparel & Accessories,1159,937,VERY_LOW,FLAT,Nike Kids' Jr. Mercurial Superfly 10 Academy,Nike,Apparel & Accessories > Shoes,"00198482496548,00198729634634,00198482839727",IN_STOCK
Apparel & Accessories,1160,1320,VERY_LOW,FLAT,Pieces Skirt 'PCBozzy' female brown plain colored,PIECES,Apparel & Accessories > Clothing > Skirts,"05715908880122,05715908880092,05715908880108",IN_STOCK
Apparel & Accessories,1161,1687,VERY_LOW,FLAT,Woman Vero Moda Karla Teddy Jacket,Vero Moda,Apparel & Accessories > Clothing > Outerwear > Coats & Jackets,"05715905819101,05715905819088,05715905819118",NOT_IN_INVENTORY
Apparel & Accessories,1162,1257,VERY_LOW,FLAT,Asics Gel Venture 6,ASICS,Apparel & Accessories > Shoes,"04570158747561,04570158747707,04571633563935",NOT_IN_INVENTORY
Apparel & Accessories,1163,1171,VERY_LOW,FLAT,Boys Timberland Authentic Boat Shoe,Timberland,Apparel & Accessories > Shoes,"00198268054566,00198268052708,00198268052920",NOT_IN_INVENTORY
Apparel & Accessories,1165,1158,VERY_LOW,FLAT,Girl's skirt Hummel Gradient,Hummel,Apparel & Accessories > Clothing > Skirts,"05715917218619,05715917218541,05715917218572",NOT_IN_INVENTORY
Apparel & Accessories,1166,1599,VERY_LOW,FLAT,Fruit of the Loom Men's EverSoft Fleece Elastic Bottom Sweatpants,Fruit of the Loom,Apparel & Accessories > Clothing > Pants,"04262555890208,04059106318270,05059699386358",OUT_OF_STOCK
Apparel & Accessories,1167,5637,VERY_LOW,FLAT,Mos Mosh Mmnova Square Down coat Women's Down coat,Mos Mosh,Apparel & Accessories > Clothing > Outerwear > Coats & Jackets,"05715591389209,05715591388721,05715591389186",NOT_IN_INVENTORY
Apparel & Accessories,1170,2714,VERY_LOW,FLAT,Old Skool Vans,Vans,Apparel & Accessories > Shoes,"00198269946525,00198269946563,00198268778745",IN_STOCK
Apparel & Accessories,1171,649,VERY_LOW,SINKER,BY IC Andreaic Occasion wear Women's,BYIC,Apparel & Accessories > Clothing > Dresses,"05714725087080,05714725080272,05714725080289",IN_STOCK
Apparel & Accessories,1174,1238,VERY_LOW,FLAT,Nike Men's Air Max Moto 2K,Nike,Apparel & Accessories > Shoes,"00198727461423,00198488843575,00198488844404",NOT_IN_INVENTORY
Apparel & Accessories,1175,1426,VERY_LOW,FLAT,NAME IT Name Nmnmattia Sherpa Jacket Pb1 Children's,NAME IT,Apparel & Accessories > Clothing > Outerwear > Coats & Jackets,"05715874107735,05715874107766,05715874107612",NOT_IN_INVENTORY
Apparel & Accessories,1176,870,VERY_LOW,FLAT,Kids Bundgaard Glitter Siggi,Bundgaard,Apparel & Accessories > Shoes,"05711875773757,05711875773719,05711875773733",IN_STOCK
Apparel & Accessories,1177,1351,VERY_LOW,FLAT,Björn Borg Mens Bjorn Borg Cotton Stretch Boxers 3 Pack,Björn Borg,Apparel & Accessories > Clothing > Underwear & Socks > Underwear,"07321465653185,07321465653055,07321465652843",IN_STOCK
Apparel & Accessories,1179,2495,VERY_LOW,FLAT,Copenhagen Shoes SAY MORE Classic ankle boots Women's,Copenhagen Shoes,Apparel & Accessories > Shoes,"05715334738776,05715334738783,05715334738769",NOT_IN_INVENTORY
Apparel & Accessories,1181,1585,VERY_LOW,FLAT,Fjallraven Women's Vardag Anorak,Fjällräven,Apparel & Accessories > Clothing > Outerwear > Coats & Jackets,"07323450864064,07323450982720,07323450639822",NOT_IN_INVENTORY
Apparel & Accessories,1183,1164,VERY_LOW,FLAT,Bianco Maralyn Slingback,Bianco,Apparel & Accessories > Shoes,"05715389137371,05715389351425,05715389351364",IN_STOCK
Apparel & Accessories,1184,1187,VERY_LOW,FLAT,Crocs Kids Classic Cozzzy Slipper,Crocs,Apparel & Accessories > Shoes,"00196265880577,00196265880430,00196265880560",NOT_IN_INVENTORY
Apparel & Accessories,1185,4171,VERY_LOW,FLAT,Womens adidas Originals High Rise Barrel Leg Denim Jeans,adidas,Apparel & Accessories > Clothing > Pants,"04069996825383,04069996825246,04069996825864",NOT_IN_INVENTORY
Apparel & Accessories,1187,2741,VERY_LOW,FLAT,Neo Noir Women Rhea Quilted Jacket,Neo Noir,Apparel & Accessories > Clothing > Outerwear > Coats & Jackets,"05715641262827,05715641501384,05715641501377",IN_STOCK
Apparel & Accessories,1188,688,VERY_LOW,SINKER,Bisgaard Edon boy Tex Vinterstøvler,bisgaard,Apparel & Accessories > Shoes,"05715243946064,05715243946002,05715243945999",IN_STOCK
Apparel & Accessories,1189,2001,VERY_LOW,FLAT,Skechers s,Skechers,Apparel & Accessories > Shoes,"00192283463648,00194880159863,00194880412814",NOT_IN_INVENTORY
Apparel & Accessories,1190,1764,VERY_LOW,FLAT,High Neck Oversized Short Trenchcoat,NA-KD,Apparel & Accessories > Clothing > Outerwear > Coats & Jackets,"07325949607381,07325949607398,07325949607411",NOT_IN_INVENTORY
Apparel & Accessories,1194,2458,VERY_LOW,FLAT,Georg Jensen Moonlight Grapes Ring,Georg Jensen,Apparel & Accessories > Jewelry > Rings,"05713275167655,05713275220466,05713275167679",NOT_IN_INVENTORY
Apparel & Accessories,1195,3099,VERY_LOW,FLAT,Kids Grunt Grliv Baggy Jogger Pants,Grunt,Apparel & Accessories > Clothing > Pants,"05715387627713,05715387627812,05715387627706",NOT_IN_INVENTORY
Apparel & Accessories,1196,1160,VERY_LOW,FLAT,Color Kids Coverall W. Fake Fur,COLOR KIDS,Apparel & Accessories > Clothing > Outerwear > Snow Pants & Suits,"05714226196656,05713438887277,05713438887451",IN_STOCK
Apparel & Accessories,1197,1285,VERY_LOW,FLAT,Levi's Women's Middy Loose Bootcut Jeans,Levi’s,Apparel & Accessories > Clothing > Pants,"05401187753485,05401187753409,05401187753447",NOT_IN_INVENTORY
Apparel & Accessories,1200,1467,VERY_LOW,FLAT,Huttelihut Balaclava Wool Alpaca Pompoms Baby,Huttelihut,Apparel & Accessories > Clothing Accessories > Balaclavas,"05714999356820,05714999356868,05713438486111",IN_STOCK
Apparel & Accessories,1201,1887,VERY_LOW,FLAT,Merrell Men's Moab 3,Merrell,Apparel & Accessories > Shoes,"00194713935008,00194917163665,00194713961397",IN_STOCK
Apparel & Accessories,1203,1667,VERY_LOW,FLAT,Bisgaard Girls Jax Sneakers Rose Gold,bisgaard,Apparel & Accessories > Shoes,"05715796226781,05715796226729,05715796226699",NOT_IN_INVENTORY
Apparel & Accessories,1205,1282,VERY_LOW,FLAT,AISO No-slip strips,AISO,Apparel & Accessories > Clothing > Underwear & Socks > Bra Accessories > Breast Petals & Concealers,05745000795178,NOT_IN_INVENTORY
Apparel & Accessories,1206,1021,VERY_LOW,FLAT,Mos Mosh Esti Knit Vest,Mos Mosh,Apparel & Accessories > Clothing > Shirts & Tops,"05715591447848,05715591447855,05715591447831",NOT_IN_INVENTORY
Apparel & Accessories,1207,1692,VERY_LOW,FLAT,adidas Kids F50 Hyperfast Elite FG Soccer Cleats,adidas,Apparel & Accessories > Shoes,"04069989082670,04068818052129,04068818075333",NOT_IN_INVENTORY
Apparel & Accessories,1208,2170,VERY_LOW,FLAT,FLEUR DRAPY SATIN BLUSE NN,Neo Noir,Apparel & Accessories > Clothing > Shirts & Tops,"05715641027846,05715641027754,05715641027761",IN_STOCK
Apparel & Accessories,1209,1237,VERY_LOW,FLAT,Dr. Martens Women's Adrian,Dr. Martens,Apparel & Accessories > Shoes,"00883985989016,00883985989085,00883985989108",NOT_IN_INVENTORY
Apparel & Accessories,1210,1422,VERY_LOW,FLAT,Levi's Women's 94 Baggy Jeans,Levi’s,Apparel & Accessories > Clothing > Pants,"05401157473757,05401157473764,05401157463796",NOT_IN_INVENTORY
Apparel & Accessories,1211,178,VERY_LOW,SINKER,Hunter Boots Downpour Short Boot,Hunter,Apparel & Accessories > Shoes,"05063447331422,05063447331415,05063447331521",NOT_IN_INVENTORY
Apparel & Accessories,1212,2585,VERY_LOW,FLAT,Jack & Jones bill wide fit pleat front smart pants,JACK & JONES,Apparel & Accessories > Clothing > Pants,"05715608304546,05715607234943,05715608304669",IN_STOCK
Apparel & Accessories,1214,2023,VERY_LOW,FLAT,Women ONLY Onlbretty Skirt Detail Trousers Wvn Ex,ONLY,Apparel & Accessories > Clothing > Pants,"05715912393915,05715912393977,05715912393953",NOT_IN_INVENTORY
Apparel & Accessories,1215,855,VERY_LOW,FLAT,Pilgrim HALO Earrings Women's,Pilgrim,Apparel & Accessories > Jewelry > Earrings,"05700560130777,05700560130807",NOT_IN_INVENTORY
Apparel & Accessories,1216,766,VERY_LOW,FLAT,Kids' minipop Bamboo Socks 3-Pack Noos Baby,Mini-Pop,Apparel & Accessories > Clothing > Underwear & Socks > Socks,"05740030012714,05740030012622,05740030012738",IN_STOCK
Apparel & Accessories,1219,2229,VERY_LOW,FLAT,adidas Predator Elite FG,adidas,Apparel & Accessories > Shoes,"04068801086025,04068811640200,04067907656996",IN_STOCK
Apparel & Accessories,1221,2149,VERY_LOW,FLAT,Womens adidas Originals Sst 2.0 Long Track Sweat Pants,adidas,Apparel & Accessories > Clothing > Pants,"04069996685680,04069996677975,04069996678019",NOT_IN_INVENTORY
Apparel & Accessories,1223,1157,VERY_LOW,FLAT,Dickies Men's Original 874 Work Pants,Dickies,Apparel & Accessories > Clothing > Pants,"00195441257967,00195441256496,00195441258346",IN_STOCK
Apparel & Accessories,1224,1697,VERY_LOW,FLAT,Nike Kids' Mercurial Superfly 11 Academy High Soccer Cleats,Nike,Apparel & Accessories > Shoes,"00198958361127,00198960533062,00198958441072",IN_STOCK
Apparel & Accessories,1225,861,VERY_LOW,FLAT,Women's adidas Adizero Boston 13,adidas,Apparel & Accessories > Shoes,"04068812314766,04068812311109,04069987464799",IN_STOCK
Apparel & Accessories,1226,550,VERY_LOW,SINKER,Socks Nike Kids Basic Crew,Nike,Apparel & Accessories > Clothing > Underwear & Socks > Socks,"00633716673697,00617847548680,00617847548673",NOT_IN_INVENTORY
Apparel & Accessories,1229,1837,VERY_LOW,FLAT,Nike Women's Air Max 90,Nike,Apparel & Accessories > Shoes,"00198959701106,00195866187702,00198959666948",NOT_IN_INVENTORY
Apparel & Accessories,1231,1774,VERY_LOW,FLAT,Bison AOP Superflex 5 Pocket Bukser,Bison,Apparel & Accessories > Clothing > Pants,"05715789010830,05715651757344,05715789011103",NOT_IN_INVENTORY
Apparel & Accessories,1232,0,VERY_LOW,RELATIVE_DEMAND_CHANGE_TYPE_ENUM_UNSPECIFIED,Salomon XT-6 | Brun | Størrelse: 42 2/3 | Unisex | Sneakers | NAKED CPH,Salomon,Apparel & Accessories > Shoes,,NOT_IN_INVENTORY
Apparel & Accessories,1234,1749,VERY_LOW,FLAT,Oval Square Active Hood Jacket Kvinde Black Dunjakker Str,oval square,Apparel & Accessories > Clothing > Outerwear > Coats & Jackets,"05715409371662,05715409371488,05715409371471",IN_STOCK
Apparel & Accessories,1235,3144,VERY_LOW,FLAT,Object Strickjacke Rippstrick Wickel Cardigan Women's,Object,Apparel & Accessories > Clothing > Shirts & Tops,"05715801529692,05715801688351,05715801688344",NOT_IN_INVENTORY
Apparel & Accessories,1237,797,VERY_LOW,FLAT,Tailored Plunge Longline Corset,NA-KD,Apparel & Accessories > Clothing > Shirts & Tops,"07325949613375,07325949613382,07325949613368",NOT_IN_INVENTORY
Apparel & Accessories,1239,3374,VERY_LOW,FLAT,Joha Brown Jumpsuit Baby,Joha,Apparel & Accessories > Clothing > Baby & Toddler Clothing > Baby & Toddler Sleepwear,,NOT_IN_INVENTORY
Apparel & Accessories,1242,2532,VERY_LOW,FLAT,Nike Women's Free Metcon 7 Shoes,Nike,Apparel & Accessories > Shoes,"00198728791680,00198959523937,00198728785115",IN_STOCK
Apparel & Accessories,1243,519,VERY_LOW,SINKER,The North Face Women's Quest Insulated Jacket,The North Face,Apparel & Accessories > Clothing > Outerwear > Coats & Jackets,"00198266151137,00198266151199,00198266150925",NOT_IN_INVENTORY
Apparel & Accessories,1245,2182,VERY_LOW,FLAT,Bundgaard Petit Flower Baby,Bundgaard,Apparel & Accessories > Shoes,"05711875772583,05711875772545,05711875789338",NOT_IN_INVENTORY
Apparel & Accessories,1247,0,VERY_LOW,RELATIVE_DEMAND_CHANGE_TYPE_ENUM_UNSPECIFIED,Kids Skechers Storm Blazer Trainers,Skechers,Apparel & Accessories > Shoes,"00199025278782,00199025278805,00199025278713",NOT_IN_INVENTORY
Apparel & Accessories,1248,1553,VERY_LOW,FLAT,Merrell Men's Moab Speed 2 GTX,Merrell,Apparel & Accessories > Shoes,"00195021257318,00195019754256,00195019753976",IN_STOCK
Apparel & Accessories,1251,2340,VERY_LOW,FLAT,adidas Set Kids,adidas,Apparel & Accessories > Clothing > Outfit Sets,"04069996861909,04067905710973,04067894304894",NOT_IN_INVENTORY
Apparel & Accessories,1252,2593,VERY_LOW,FLAT,Didriksons Thelma Womens Parka,Didriksons,Apparel & Accessories > Clothing > Outerwear > Coats & Jackets,"07333371140758,07333371140642,07333371280980",NOT_IN_INVENTORY
Apparel & Accessories,1253,1324,VERY_LOW,FLAT,Nike Kids' V5 RNR,Nike,Apparel & Accessories > Shoes,"00198729111906,00198488098463,00198729128171",IN_STOCK
Apparel & Accessories,1254,3597,VERY_LOW,FLAT,Woman Jjxx Vera Jacket,Jjxx,Apparel & Accessories > Clothing > Outerwear > Coats & Jackets,"05715906153464,05715906153426,05715913465789",IN_STOCK
Apparel & Accessories,1255,1446,VERY_LOW,FLAT,Sport Pool Sliders Women,H2O - Sportswear,Apparel & Accessories > Shoes,"05711891396756,05711891396879,05711891396862",NOT_IN_INVENTORY
Apparel & Accessories,1256,2065,VERY_LOW,FLAT,Name It tights girl,NAME IT,Apparel & Accessories > Clothing > Underwear & Socks > Hosiery,"05715308097922,05715308097915,05715308098080",NOT_IN_INVENTORY
Apparel & Accessories,1257,773,VERY_LOW,FLAT,Tretorn Garpa,Tretorn,Apparel & Accessories > Shoes,"07333250626168,07333250626243,07333250537075",NOT_IN_INVENTORY
Apparel & Accessories,1258,373,VERY_LOW,SINKER,adidas Men's Terrex Anylander s Hiking Shoes,adidas,Apparel & Accessories > Shoes,"04068812450020,04068812449932,04068812442377",NOT_IN_INVENTORY
Apparel & Accessories,1259,2684,VERY_LOW,FLAT,Double Breasted Light Coat,NA-KD,Apparel & Accessories > Clothing > Outerwear > Coats & Jackets,"07325949607640,07325949607657,07325949607633",NOT_IN_INVENTORY
Apparel & Accessories,1260,1249,VERY_LOW,FLAT,Men's Saucony Triumph 23,Saucony,Apparel & Accessories > Shoes,"00195021631200,00195021193609,00195021193616",IN_STOCK
Apparel & Accessories,1261,2391,VERY_LOW,FLAT,adidas Originals Women's Camouflage Adilenium Track Pants,adidas,Apparel & Accessories > Clothing > Pants,"04069997322065,04069997322010,04069997322102",NOT_IN_INVENTORY
Apparel & Accessories,1268,637,VERY_LOW,SINKER,Arena Women's Solid Team Challenge Swimsuit,arena,Apparel & Accessories > Clothing > Swimwear,"03468336641439,03468336641286,03468337484103",NOT_IN_INVENTORY
Apparel & Accessories,1269,1508,VERY_LOW,FLAT,liiteguard Ultralight Sports socks,Liiteguard,Apparel & Accessories > Clothing > Underwear & Socks > Socks,"05714776003343,05714776003336,05714776003350",IN_STOCK
Apparel & Accessories,1270,1208,VERY_LOW,FLAT,ONLY Wideleg Trousers Women's Onlmiles WIDE LEG FIT Wideleg Trousers Trousers,ONLY,Apparel & Accessories > Clothing > Pants,"05715950254629,05715948651058,05715948651096",IN_STOCK
Apparel & Accessories,1271,944,VERY_LOW,FLAT,Pieces Barrel Leg Jeans Women,PIECES,Apparel & Accessories > Clothing > Pants,"05715908846586,05715908846524,05715947693257",IN_STOCK
Apparel & Accessories,1273,2165,VERY_LOW,FLAT,Men's Asics GT-2000 14,ASICS,Apparel & Accessories > Shoes,"04571633327414,04570158932585,04570158919456",IN_STOCK
Apparel & Accessories,1274,858,VERY_LOW,FLAT,The North Face Boys' Zipline Rain Jacket,The North Face,Apparel & Accessories > Clothing > Outerwear > Coats & Jackets,"00197642747414,00197642747674",NOT_IN_INVENTORY
Apparel & Accessories,1276,1049,VERY_LOW,FLAT,Men's adidas Fc Copenhagen 26/27 Away Jersey,adidas,Apparel & Accessories > Clothing > Shirts & Tops,"04069993097516,04069993097523,04069993097547",IN_STOCK
Apparel & Accessories,1277,1399,VERY_LOW,FLAT,adidas Men's VL Court 3.0,adidas,Apparel & Accessories > Shoes,"04067889047027,04067903109878,04067903117521",NOT_IN_INVENTORY
Apparel & Accessories,1278,999,VERY_LOW,FLAT,Whistler Schneeanzug Courtney Snowsuit Women's,Whistler,Apparel & Accessories > Clothing > Outerwear > Snow Pants & Suits,"05714201724102,05714201724089,05714201724126",NOT_IN_INVENTORY
Apparel & Accessories,1279,1251,VERY_LOW,FLAT,New BALANCE Men's 1000,New Balance,Apparel & Accessories > Shoes,"00198686338132,00199062718821,00198688612476",IN_STOCK
Apparel & Accessories,1280,1283,VERY_LOW,FLAT,Men Short Nike Dri-FIT Strike,Nike,Apparel & Accessories > Clothing > Shorts,"00195244557288,00195244557271,00195244557424",NOT_IN_INVENTORY
Apparel & Accessories,1281,1031,VERY_LOW,FLAT,Vans Old Skool,Vans,Apparel & Accessories > Shoes,"00198266419558,00700053804272,00198266420325",NOT_IN_INVENTORY
Apparel & Accessories,1282,780,VERY_LOW,FLAT,Children's EN FANT Fant Jacket Quilt,EN FANT,Apparel & Accessories > Clothing > Outerwear > Coats & Jackets,"05713438857683,05713438857973,05713438857850",IN_STOCK
Apparel & Accessories,1284,3397,VERY_LOW,FLAT,adidas Men's Spiritain 2000,adidas,Apparel & Accessories > Shoes,"04069987792281,04069987792298,04069987792304",IN_STOCK
Apparel & Accessories,1287,1037,VERY_LOW,FLAT,Nike Dri-FIT Park First Layer Men's,Nike,Apparel & Accessories > Clothing > Shirts & Tops,"00823233716193,00823233716162,00823233720077",IN_STOCK
Apparel & Accessories,1291,1286,VERY_LOW,FLAT,Wide Jersey headbands 5-Pack Wide fabric headbands in 5 colors,HairLust,Apparel & Accessories > Clothing Accessories > Hair Accessories > Headbands,"05714628003521,05714628004788",NOT_IN_INVENTORY
Apparel & Accessories,1292,1425,VERY_LOW,FLAT,Women's Pieces T-shirt,PIECES,Apparel & Accessories > Clothing > Shirts & Tops,"05715607035618,05715726780802,05715724662803",NOT_IN_INVENTORY
Apparel & Accessories,1293,2168,VERY_LOW,FLAT,Jack & Jones Fusion Technical Jacket,JACK & JONES,Apparel & Accessories > Clothing > Outerwear > Coats & Jackets,"05715868531546,05715829369669,05715868531522",NOT_IN_INVENTORY
Apparel & Accessories,1296,1094,VERY_LOW,FLAT,Hoka Men's Speedgoat 7,Hoka One One,Apparel & Accessories > Shoes,"00198605520549,00198605826719,00198605520457",IN_STOCK
Apparel & Accessories,1300,1533,VERY_LOW,FLAT,Baby MP Denmark Socks Cotton,MP Denmark,Apparel & Accessories > Clothing > Baby & Toddler Clothing > Baby & Toddler Socks & Tights,"05712644787487,05712644596300,05712644877874",IN_STOCK
Apparel & Accessories,1303,3567,VERY_LOW,FLAT,Kids name it Nkndunne Wide Swe Pant Unb,NAME IT,Apparel & Accessories > Clothing > Pants,"05715910525639,05715910526322,05715910525813",NOT_IN_INVENTORY
Apparel & Accessories,1304,7882,VERY_LOW,FLAT,Bisgaard Kids Pippi Lamb Boots,bisgaard,Apparel & Accessories > Shoes,"05715796224848,05715796224831,05715796224817",NOT_IN_INVENTORY
Apparel & Accessories,1305,5072,VERY_LOW,FLAT,MMAlva Loisa Wool Coat Mos Mosh at Lewis Yates,Mos Mosh,Apparel & Accessories > Clothing > Outerwear > Coats & Jackets,"05715591481316,05715591481293,05715591481323",IN_STOCK
Apparel & Accessories,1306,1069,VERY_LOW,FLAT,Salomon XT-6,Salomon,Apparel & Accessories > Shoes,"00193128252786,00193128415969,00198720325777",NOT_IN_INVENTORY
Apparel & Accessories,1307,7410,VERY_LOW,FLAT,women Pavement Marin Brown,Pavement,Apparel & Accessories > Shoes,"05715638065332,05715638065356,05715638068548",IN_STOCK
Apparel & Accessories,1308,2374,VERY_LOW,FLAT,Mikk-Line Wool Mittens Baby,Mikk-Line,Apparel & Accessories > Clothing Accessories > Baby & Toddler Clothing Accessories > Baby & Toddler Gloves & Mittens,"05715073360061,05715073360313,05715073479039",IN_STOCK
Apparel & Accessories,1310,882,VERY_LOW,FLAT,NAME IT Name Long Pants boy,NAME IT,Apparel & Accessories > Clothing > Pants,"05713727940904,05713727940911,05713727940461",IN_STOCK
Apparel & Accessories,1312,544,VERY_LOW,SINKER,H2O Voss III Regnjakke,H2O - Sportswear,Apparel & Accessories > Clothing > Outerwear > Coats & Jackets,"05712100752394,05712100570127,05712100752400",IN_STOCK
Apparel & Accessories,1314,6428,VERY_LOW,FLAT,ONLY Onlkalibu Jumper Women's,ONLY,Apparel & Accessories > Clothing > Shirts & Tops,"05715830654297,05715830654310,05715830654327",NOT_IN_INVENTORY
Apparel & Accessories,1315,1981,VERY_LOW,FLAT,New Balance Women's 574,New Balance,Apparel & Accessories > Shoes,"00198689558445,00198689558308,00198689558384",IN_STOCK
Apparel & Accessories,1316,2337,VERY_LOW,FLAT,Vero Moda loose pull on Pants,Vero Moda,Apparel & Accessories > Clothing > Pants,"05715946874596,05715611698311,05715946874602",NOT_IN_INVENTORY
Apparel & Accessories,1317,2238,VERY_LOW,FLAT,Converse Kids Chuck Taylor All Star,Converse,Apparel & Accessories > Shoes,"00886952772765,00886952772734,00886952772680",NOT_IN_INVENTORY
Apparel & Accessories,1318,2187,VERY_LOW,FLAT,New Balance Everyday Crew 3 Pairs,New Balance,Apparel & Accessories > Clothing > Underwear & Socks > Socks,"00197968259028,00196941647128,00196941647135",NOT_IN_INVENTORY
Apparel & Accessories,1320,5123,VERY_LOW,FLAT,HALO Essential Tracksuit bottoms,Microsoft,Apparel & Accessories > Clothing > Pants,"05715598285689,05715598285672,05715454209798",NOT_IN_INVENTORY
Apparel & Accessories,1322,432,VERY_LOW,SINKER,Children Celavi Rain Set,CeLaVi,Apparel & Accessories > Clothing > Outerwear > Rain Suits,"05713438900495,05713438383687,05713438900457",IN_STOCK
Apparel & Accessories,1324,1306,VERY_LOW,FLAT,Mikk-Line Wool Baby Jacket Kids',Mikk-Line,Apparel & Accessories > Clothing > Baby & Toddler Clothing > Baby & Toddler Outerwear,"05715073228866,05715073228835,05715073228828",NOT_IN_INVENTORY
Apparel & Accessories,1325,1273,VERY_LOW,FLAT,Women's adidas ADI365 Formotion shorts,adidas,Apparel & Accessories > Clothing > Shorts,"04068822642224,04068822642262,04068822642170",NOT_IN_INVENTORY
Apparel & Accessories,1326,0,VERY_LOW,RELATIVE_DEMAND_CHANGE_TYPE_ENUM_UNSPECIFIED,Løstsiddende skjorte fra Neo Noir LifeStyle Hedensted Chocolate Plum,Neo Noir,Apparel & Accessories > Clothing > Shirts & Tops,"05715641583687,05715641583670,05715641583663",IN_STOCK
Apparel & Accessories,1330,720,VERY_LOW,SINKER,Mango Women's Turtleneck knitted sweater,MANGO,Apparel & Accessories > Clothing > Shirts & Tops,"08447542033509,08447542033486,08447542033479",IN_STOCK
Apparel & Accessories,1331,3359,VERY_LOW,FLAT,Konges Sløjd Kids Juno Pants,Konges Sløjd,Apparel & Accessories > Clothing > Baby & Toddler Clothing > Baby & Toddler Bottoms,"05715681304587,05715681296011,05715681295922",NOT_IN_INVENTORY
Apparel & Accessories,1334,988,VERY_LOW,FLAT,Women Pieces Pcjune Ls Pleated Detail Shirt Wvnd2D,PIECES,Apparel & Accessories > Clothing > Shirts & Tops,"05715947785228,05715947069915,05715949056135",NOT_IN_INVENTORY
Apparel & Accessories,1335,133,VERY_LOW,SINKER,Konges Sløjd Born to Sparkle Girl Calina Rain Set,Konges Sløjd,Apparel & Accessories > Clothing > Outerwear > Rain Suits,"05715681291979,05715681291962,05715681291993",IN_STOCK
Apparel & Accessories,1336,983,VERY_LOW,FLAT,Hiking Shoes adidas Kids Terrex Gore-Tex Mid,adidas,Apparel & Accessories > Shoes,"04067888200430,04067888479751,04067888480795",NOT_IN_INVENTORY
Apparel & Accessories,1337,2429,VERY_LOW,FLAT,Helly Hansen Women's Adore Puffy Parka,Helly Hansen,Apparel & Accessories > Clothing > Outerwear > Coats & Jackets,"07040055617276,07040055617306,07040059266401",IN_STOCK
Apparel & Accessories,1338,1253,VERY_LOW,FLAT,Fjallraven Men's Expedition Down Lite Jacket,Fjällräven,Apparel & Accessories > Clothing > Outerwear > Coats & Jackets,"07323450352950,07323451206696,07323451206610",NOT_IN_INVENTORY
Apparel & Accessories,1341,1071,VERY_LOW,FLAT,Name It Shopping Bag Nkfhasla Wide Pants Children's,NAME IT,Apparel & Accessories > Clothing > Pants,"05715912126124,05715912126117,05715912126100",IN_STOCK
Apparel & Accessories,1342,2086,VERY_LOW,FLAT,Helly Hansen Workwear 77590 Womens Luna BRZ Construction Trousers,Helly Hansen,Apparel & Accessories > Clothing > Pants,"07040058055228,07040058055181,07040058055198",NOT_IN_INVENTORY
Apparel & Accessories,1343,1161,VERY_LOW,FLAT,mbyM Amariellam Short coat Women's,Mbym,Apparel & Accessories > Clothing > Outerwear > Coats & Jackets,"05715555682384,05715555666322,05715555797668",IN_STOCK
Apparel & Accessories,1345,594,VERY_LOW,SINKER,Woman Woden Liv Waterproof Boot,Woden,Apparel & Accessories > Shoes,"05713326568042,05713326567809,05713326567816",IN_STOCK
Apparel & Accessories,1348,2308,VERY_LOW,FLAT,ICHI Women Blazer,Ichi,Apparel & Accessories > Clothing > Outerwear > Coats & Jackets,"05715750125884,05715750860754,05712434795913",NOT_IN_INVENTORY
Apparel & Accessories,1350,818,VERY_LOW,FLAT,Women's Noisy May Nmkilah L/S Scarfshirt,Noisy May,Apparel & Accessories > Clothing > Shirts & Tops,"05715998705237,05715998705244,05715998705299",IN_STOCK
Apparel & Accessories,1351,2009,VERY_LOW,FLAT,Only Jeans 'ONLGIANNA' female blue plain colored,ONLY,Apparel & Accessories > Clothing > Pants,"05715733038101,05715733894509,05715733894448",IN_STOCK
Apparel & Accessories,1352,1815,VERY_LOW,FLAT,New Balance Men's 574,New Balance,Apparel & Accessories > Shoes,"00198686440088,00198686440040,00198686440057",NOT_IN_INVENTORY
Apparel & Accessories,1356,1928,VERY_LOW,FLAT,Jjxx Relaxed Fit Shirt Women,Jjxx,Apparel & Accessories > Clothing > Shirts & Tops,"05715905745264,05715913484292,05715913484308",IN_STOCK
Apparel & Accessories,1359,1263,VERY_LOW,FLAT,The North Face Boys' Reversible Perrito Jacket,The North Face,Apparel & Accessories > Clothing > Outerwear > Coats & Jackets,"00197642736449,00197642736470,00197642736395",NOT_IN_INVENTORY
Apparel & Accessories,1361,2958,VERY_LOW,FLAT,Kids' Wheat Adi Tech Snowsuit,Wheat,Apparel & Accessories > Clothing > Baby & Toddler Clothing > Baby & Toddler Outerwear,"05715596064309,05715596922197,05715596064316",IN_STOCK
Apparel & Accessories,1362,1723,VERY_LOW,FLAT,Nike Women's Air Max 270,Nike,Apparel & Accessories > Shoes,"00887226241888,00198730212876,00198480916239",IN_STOCK
Apparel & Accessories,1363,301,VERY_LOW,SINKER,Children's Name It Maxi Jacket,NAME IT,Apparel & Accessories > Clothing > Baby & Toddler Clothing > Baby & Toddler Outerwear,"05715720081943,05715831488471,05715720081523",NOT_IN_INVENTORY
Apparel & Accessories,1364,2353,VERY_LOW,FLAT,Woman Pieces Silly Puff Knit Cardigan,PIECES,Apparel & Accessories > Clothing > Shirts & Tops,"05715947193412,05715908950597,05715947193405",IN_STOCK
Apparel & Accessories,1365,7483,VERY_LOW,FLAT,Fransa Winter Coat 'FRMAISE' female green plain colored,Fransa,Apparel & Accessories > Clothing > Outerwear > Coats & Jackets,,NOT_IN_INVENTORY
Apparel & Accessories,1367,3340,VERY_LOW,FLAT,High Neck Belted Short Coat,NA-KD,Apparel & Accessories > Clothing > Outerwear > Coats & Jackets,"07325949855805,07325949855799,07325949855843",NOT_IN_INVENTORY
Apparel & Accessories,1368,2032,VERY_LOW,FLAT,UGG Kids Tazz,UGG,Apparel & Accessories > Shoes,"00199727074644,00196565276308,00199727074637",NOT_IN_INVENTORY
Apparel & Accessories,1370,1801,VERY_LOW,FLAT,Nike Women's Air Force 1 07,Nike,Apparel & Accessories > Shoes,"00198486865661,00194957057801,00198486876889",NOT_IN_INVENTORY
Apparel & Accessories,1371,908,VERY_LOW,FLAT,Weather Report Rain trousers,Weather Report,Apparel & Accessories > Clothing > Outerwear > Rain Suits,"05715352458304,05715549066220,05715549066244",NOT_IN_INVENTORY
Apparel & Accessories,1373,1256,VERY_LOW,FLAT,Woman Woden Irene Black,Woden,Apparel & Accessories > Shoes,"05713326656855,05713326657500,05713326493375",IN_STOCK
Apparel & Accessories,1375,1634,VERY_LOW,FLAT,Playboy Style Dallas Leather Penny Loafer,Playboy,Apparel & Accessories > Shoes,"05710821241234,05710821241272,05710821241166",NOT_IN_INVENTORY
Apparel & Accessories,1376,772,VERY_LOW,FLAT,Ribbed Wrap Body,Joha,Apparel & Accessories > Clothing > Baby & Toddler Clothing > Baby One-Pieces,"05715346301906,05715346301944,05715346113479",NOT_IN_INVENTORY
Apparel & Accessories,1377,2135,VERY_LOW,FLAT,Birkenstock Women's Arizona Prof Birko-Flor Sandal,Birkenstock,Apparel & Accessories > Shoes,"04061416079048,04061416079208,04061416078881",NOT_IN_INVENTORY
Apparel & Accessories,1379,1571,VERY_LOW,FLAT,Women Billi Bi Long Boots,Billi Bi,Apparel & Accessories > Shoes,"05711217680002,05711217680026,05711217680064",IN_STOCK
Apparel & Accessories,1380,1726,VERY_LOW,FLAT,New Balance Men's s 520,New Balance,Apparel & Accessories > Shoes,"00196941109398,00198686627557,00199064038521",NOT_IN_INVENTORY
Apparel & Accessories,1381,1230,VERY_LOW,FLAT,Nike Women's Metcon 10 Shoes,Nike,Apparel & Accessories > Shoes,"00198482603120,00198959717466,00198482626938",IN_STOCK
Apparel & Accessories,1382,3298,VERY_LOW,FLAT,adidas Men's Manchester United 25/26 Home Jersey,adidas,Apparel & Accessories > Clothing > Shirts & Tops,"04068811846541,04068811846480,04068811846534",IN_STOCK
Apparel & Accessories,1383,1462,VERY_LOW,FLAT,Pilgrim Indie Bracelet,Pilgrim,Apparel & Accessories > Jewelry > Bracelets,"05700560078741,05700560078703,05700560078758",IN_STOCK
Apparel & Accessories,1385,1346,VERY_LOW,FLAT,adidas Galaxy 8 Men Running Shoes US,adidas,Apparel & Accessories > Shoes,"04069987562969,04069987562983,04069987562907",IN_STOCK
Apparel & Accessories,1386,1796,VERY_LOW,FLAT,adidas Men's Campus 00s,adidas,Apparel & Accessories > Shoes,"04066749842659,04066749842635,04066749842666",NOT_IN_INVENTORY
Apparel & Accessories,1388,670,VERY_LOW,SINKER,Vero Moda Cardigan Women's Awlina KNIT Cardigan Cardigan,Vero Moda,Apparel & Accessories > Clothing > Shirts & Tops,"05715947395663,05715947395717,05715947367462",IN_STOCK
Apparel & Accessories,1389,977,VERY_LOW,FLAT,Name It Wang kids Needle Xxi Wool Bodie 13199282,NAME IT,Apparel & Accessories > Clothing > Baby & Toddler Clothing > Baby One-Pieces,05715099318008,NOT_IN_INVENTORY
Apparel & Accessories,1390,3156,VERY_LOW,FLAT,Kids adidas F50 Hyperfast Club Indoor Football Shoes,adidas,Apparel & Accessories > Shoes,"04068817501758,04068817501734,04068817498058",NOT_IN_INVENTORY
Apparel & Accessories,1391,5680,VERY_LOW,FLAT,Hiking shoes Whistler Terun Q-lock WP,Whistler,Apparel & Accessories > Shoes,"05715738332853,05715738332778,05715738332839",NOT_IN_INVENTORY
Apparel & Accessories,1394,1706,VERY_LOW,FLAT,Women's Vero Moda Doffy Sweater,Vero Moda,Apparel & Accessories > Clothing > Shirts & Tops,"05713736510440,05715605112854,05715673654959",NOT_IN_INVENTORY
Apparel & Accessories,1398,678,VERY_LOW,SINKER,Women's waterproof jacket Weather Report Camelia,Weather Report,Apparel & Accessories > Clothing > Outerwear > Coats & Jackets,"05714522785363,05715738285944,05714522785417",NOT_IN_INVENTORY
Apparel & Accessories,1399,1046,VERY_LOW,FLAT,Jack & Jones Soho Ollie Sweater Men,JACK & JONES,Apparel & Accessories > Clothing > Shirts & Tops,"05715724519039,05715716669582,05715869755378",NOT_IN_INVENTORY
Apparel & Accessories,1401,2220,VERY_LOW,FLAT,adidas Women's Japan,adidas,Apparel & Accessories > Shoes,"04069987177231,04069987177156,04068815811941",NOT_IN_INVENTORY
Apparel & Accessories,1403,2875,VERY_LOW,FLAT,Ray Ban Sunglasses Wayfarer,Ray-Ban,Apparel & Accessories > Clothing Accessories > Sunglasses,"00805289126577,00805289126638,00805289126676",NOT_IN_INVENTORY
Apparel & Accessories,1406,0,VERY_LOW,RELATIVE_DEMAND_CHANGE_TYPE_ENUM_UNSPECIFIED,Wide Mid Waist Pocket Pants,NA-KD,Apparel & Accessories > Clothing > Pants,"07325949867839,07325949867761",NOT_IN_INVENTORY
Apparel & Accessories,1407,1575,VERY_LOW,FLAT,Women's Pieces Jacket Pcjorma HIGH NECK LONG Classic coat,PIECES,Apparel & Accessories > Clothing > Outerwear > Coats & Jackets,"05715951668920,05715950688349,05715951668890",NOT_IN_INVENTORY
Apparel & Accessories,1409,2544,VERY_LOW,FLAT,adidas Manchester United 25/26 Youth Third Jersey Kids,adidas,Apparel & Accessories > Clothing > Shirts & Tops,"04068806948502,04068806948540,04068806948526",NOT_IN_INVENTORY
Apparel & Accessories,1410,1718,VERY_LOW,FLAT,Children's Hummel Turbo Run 1.0,Hummel,Apparel & Accessories > Shoes,"05715819012957,05715917702477,05715819743653",NOT_IN_INVENTORY
Apparel & Accessories,1411,840,VERY_LOW,FLAT,Mango Kitten heel sandals Women,MANGO,Apparel & Accessories > Shoes,"08447692000475,08447692000512,08447692000543",IN_STOCK
Apparel & Accessories,1412,1519,VERY_LOW,FLAT,New Balance 990v4 Made in USA,New Balance,Apparel & Accessories > Shoes,"00196432312153,00196432312160,00196432312139",NOT_IN_INVENTORY
Apparel & Accessories,1414,1009,VERY_LOW,FLAT,ONLY High Waist Wide Leg Jeans Women,ONLY,Apparel & Accessories > Clothing > Pants,"05715914842244,05715914842213,05715872697177",NOT_IN_INVENTORY
Apparel & Accessories,1415,2989,VERY_LOW,FLAT,Levi's 555 Relaxed Straight Men's Jeans,Levi’s,Apparel & Accessories > Clothing > Pants,"05401235050719,05401235050726,05401157563557",IN_STOCK
Apparel & Accessories,1416,859,VERY_LOW,FLAT,ASICS Megablast,ASICS,Apparel & Accessories > Shoes,"04571633744037,04571633360695,04571633353697",NOT_IN_INVENTORY
Apparel & Accessories,1418,4313,VERY_LOW,FLAT,Jack & Jones Baggy Barrel Leg Jeans Men,JACK & JONES,Apparel & Accessories > Clothing > Pants,"05715950401054,05715950400996,05715950400989",NOT_IN_INVENTORY
Apparel & Accessories,1419,5577,VERY_LOW,FLAT,Women's Vero Moda Katrine Brushed Jacket,Vero Moda,Apparel & Accessories > Clothing > Outerwear > Coats & Jackets,"05715871836867,05715909859905,05715909859899",NOT_IN_INVENTORY
Apparel & Accessories,1421,1896,VERY_LOW,FLAT,adidas Kids' Jr. F50 Hyperfast Club Velcro FG/MG,adidas,Apparel & Accessories > Shoes,"04068817494081,04068817494111,04068818058619",NOT_IN_INVENTORY
Apparel & Accessories,1422,1335,VERY_LOW,FLAT,Woman Vero Moda Denim Shacket,Vero Moda,Apparel & Accessories > Clothing > Outerwear > Coats & Jackets,"05715719638516,05715865255537,05715865717417",NOT_IN_INVENTORY
Apparel & Accessories,1424,943,VERY_LOW,FLAT,Finstrikket tørklæde i cashmere-blanding fra Neo Noir,Neo Noir,Apparel & Accessories > Clothing Accessories > Scarves & Shawls,"05715641563825,05715641563818,05715641563788",IN_STOCK
Apparel & Accessories,1425,1864,VERY_LOW,FLAT,Vero Moda loose pull on Pants,Vero Moda,Apparel & Accessories > Clothing > Pants,"05715946874596,05715611698311,05715946874602",NOT_IN_INVENTORY
Apparel & Accessories,1427,4643,VERY_LOW,FLAT,balaclava Mikk-Line Fullface Baby,Mikk-Line,Apparel & Accessories > Clothing Accessories > Balaclavas,"05715073656997,05715073657178,05715073657406",NOT_IN_INVENTORY
Apparel & Accessories,1429,76,VERY_LOW,SINKER,HALO Raincover After Dark,Newline HALO,Apparel & Accessories > Clothing > Outerwear > Coats & Jackets,05715917315974,NOT_IN_INVENTORY
Apparel & Accessories,1431,907,VERY_LOW,FLAT,Baby Joha Wool Mittens,Joha,Apparel & Accessories > Clothing Accessories > Baby & Toddler Clothing Accessories > Baby & Toddler Gloves & Mittens,"05715346032466,05705492358923,05715346268506",IN_STOCK
Apparel & Accessories,1432,3424,VERY_LOW,FLAT,New BALANCE 204L,New Balance,Apparel & Accessories > Shoes,"00198688530220,00198687187500,00198688528548",NOT_IN_INVENTORY
Apparel & Accessories,1435,2795,VERY_LOW,FLAT,Nike Tiempo Maestro Elite FG Soccer Cleats,Nike,Apparel & Accessories > Shoes,"00198729936578,00198726593965,00198729898838",IN_STOCK
Apparel & Accessories,1437,497,VERY_LOW,SINKER,ASICS Men's Gel-DS Trainer 14,ASICS,Apparel & Accessories > Shoes,"04571633236433,04571633817502,04573690100689",NOT_IN_INVENTORY
Apparel & Accessories,1438,195,VERY_LOW,SINKER,Bareen Women's Logo Stretch Long Sleeve,Bareen,Apparel & Accessories > Clothing > Shirts & Tops,"05740027847336,05740027847039,05740027847343",NOT_IN_INVENTORY
Apparel & Accessories,1439,2492,VERY_LOW,FLAT,Weather Report Dayton Wasserdichte Stretch Funktions Parka,Weather Report,Apparel & Accessories > Clothing > Outerwear > Coats & Jackets,"05715325322410,05715863360035,05715571578340",NOT_IN_INVENTORY
Apparel & Accessories,1440,3217,VERY_LOW,FLAT,Lollys Laundry Fairhaven Wool Sweater,Lollys Laundry,Apparel & Accessories > Clothing > Shirts & Tops,"05712793388252,05712793388276,05712793521536",IN_STOCK
Apparel & Accessories,1441,2300,VERY_LOW,FLAT,Georg Jensen Damask Children's Bathrobe,Georg Jensen,Apparel & Accessories > Clothing > Sleepwear & Loungewear > Robes,"05708150225377,05708150225346,05708150225339",NOT_IN_INVENTORY
Apparel & Accessories,1443,0,VERY_LOW,RELATIVE_DEMAND_CHANGE_TYPE_ENUM_UNSPECIFIED,Maanesten Alberte øreringe,Maanesten,Apparel & Accessories > Jewelry > Earrings,05715336049306,NOT_IN_INVENTORY
Apparel & Accessories,1445,3451,VERY_LOW,FLAT,New Balance Kids' 9060,New Balance,Apparel & Accessories > Shoes,"00199062942431,00199062919983,00199062919952",NOT_IN_INVENTORY
Apparel & Accessories,1446,588,VERY_LOW,SINKER,Asics Men's Gel-1130,ASICS,Apparel & Accessories > Shoes,"04571633258374,04571633258442,04571633258459",IN_STOCK
Apparel & Accessories,1447,1863,VERY_LOW,FLAT,Mens adidas F50 League FG Soccer,adidas,Apparel & Accessories > Shoes,"04068812762178,04068812762154,04067892425393",NOT_IN_INVENTORY
Apparel & Accessories,1449,1769,VERY_LOW,FLAT,adidas Men's F50 Club FG Soccer Cleats,adidas,Apparel & Accessories > Shoes,"04068812638459,04067906366667,04068812638442",IN_STOCK
Apparel & Accessories,1450,1301,VERY_LOW,FLAT,Barbour Icons Transport Wax Jacket,Barbour,Apparel & Accessories > Clothing > Outerwear > Coats & Jackets,"05063669281192,05063669281185,05063669281239",NOT_IN_INVENTORY
Apparel & Accessories,1451,1799,VERY_LOW,FLAT,Kay Bojesen Bird Keychain,Kay Bojesen,Apparel & Accessories > Handbag & Wallet Accessories > Keychains,"05709513398080,05709513398325,05709513396659",IN_STOCK
Apparel & Accessories,1452,1418,VERY_LOW,FLAT,Timberland Women's Premium 6,Timberland,Apparel & Accessories > Shoes,"00197064631490,00197064631803,00197064631872",IN_STOCK
Apparel & Accessories,1456,454,VERY_LOW,SINKER,The North Face Kids Zipline Rain Jacket,The North Face,Apparel & Accessories > Clothing > Outerwear > Coats & Jackets,"00197642747810,00197642747469,00197642747612",NOT_IN_INVENTORY
Apparel & Accessories,1459,1838,VERY_LOW,FLAT,Wheat Flowers Puffer Jacket Eli Children's,Wheat,Apparel & Accessories > Clothing > Outerwear > Coats & Jackets,"05715596520409,05715596916394,05715596916370",IN_STOCK
Apparel & Accessories,1461,2555,VERY_LOW,FLAT,Liewood Zella Thermo Set Classic,Liewood,Apparel & Accessories > Clothing > Outfit Sets,"05715493556174,05715493556143,05715493516604",IN_STOCK
Apparel & Accessories,1462,3009,VERY_LOW,FLAT,Saucony ProGrid Guide 7,Saucony,Apparel & Accessories > Shoes,"00195021936381,00195021675075,00195021936305",IN_STOCK
Apparel & Accessories,1463,2421,VERY_LOW,FLAT,Kids hummel Top Star Vc 2.0 Fg Football Boots,Hummel,Apparel & Accessories > Shoes,"05715819710563,05715819710471,05715819710594",IN_STOCK
Apparel & Accessories,1464,1902,VERY_LOW,FLAT,Men BOSS Jeans Maine,HUGO BOSS,Apparel & Accessories > Clothing > Pants,"04063538346022,04063539150253,04063538346039",NOT_IN_INVENTORY
Apparel & Accessories,1465,2074,VERY_LOW,FLAT,New Balance Kids' 1906,New Balance,Apparel & Accessories > Shoes,"00197375864433,00197376906859,00198687962510",IN_STOCK
Apparel & Accessories,1466,1444,VERY_LOW,FLAT,Boy Skechers Elite Sport Tread Aquavek Trainers,Skechers,Apparel & Accessories > Shoes,"00199703282025,00198739822366,00199703282032",IN_STOCK
Apparel & Accessories,1467,2061,VERY_LOW,FLAT,Nike Men's Mercurial Superfly 11 Academy Soccer Cleats,Nike,Apparel & Accessories > Shoes,"00198958432087,00198729687661,00198729699350",IN_STOCK
Apparel & Accessories,1468,964,VERY_LOW,FLAT,Kids' NAME IT Name Nbnmeeko Fleece Suit,NAME IT,Apparel & Accessories > Clothing > Baby & Toddler Clothing > Baby One-Pieces,"05715874948017,05715874948031,05715874948048",NOT_IN_INVENTORY
Apparel & Accessories,1470,1130,VERY_LOW,FLAT,Women H2O Rubber Boots,H2O - Sportswear,Apparel & Accessories > Shoes,"05711891400132,05711891400088,05711891400101",NOT_IN_INVENTORY
Apparel & Accessories,1471,1290,VERY_LOW,FLAT,Baby Angulus Chelsea Boots,Angulus,Apparel & Accessories > Shoes,"05714408850987,05714408850918,05714408850925",IN_STOCK
Apparel & Accessories,1472,3026,VERY_LOW,FLAT,Keen Women's Jasper,KEEN,Apparel & Accessories > Shoes,"00199289140207,00871209565320,00199289140917",NOT_IN_INVENTORY
Apparel & Accessories,1475,3580,VERY_LOW,FLAT,Salomon Women's Aero Glide 4 GRVL,Salomon,Apparel & Accessories > Shoes,"00198720316928,00198720316904,00198720316812",NOT_IN_INVENTORY
Apparel & Accessories,1476,2925,VERY_LOW,FLAT,Levi's 568 Loose Straight Men's Jeans,Levi’s,Apparel & Accessories > Clothing > Pants,"05401157612903,05401128942817,05401157994702",IN_STOCK
Apparel & Accessories,1477,911,VERY_LOW,FLAT,Kids Hummel Loose Softshell Jacket,Hummel,Apparel & Accessories > Clothing > Outerwear > Coats & Jackets,"05715819770192,05715819770222,05715819209487",NOT_IN_INVENTORY
Apparel & Accessories,1480,4832,VERY_LOW,FLAT,Fransa Frcory DR 2 Shirt dress Women's,Fransa,Apparel & Accessories > Clothing > Dresses,"05715753943256,05715753943263,05715753956003",IN_STOCK
Apparel & Accessories,1482,2197,VERY_LOW,FLAT,Billi Bi Ballet pumps Women's,Billi Bi,Apparel & Accessories > Shoes,"05711217617961,05711217617886,05711217617923",IN_STOCK
Apparel & Accessories,1485,1479,VERY_LOW,FLAT,Birkenstock Amsterdam Wrapped,Birkenstock,Apparel & Accessories > Shoes,"04067708021955,04067708011796,04067708021917",IN_STOCK
Apparel & Accessories,1486,0,VERY_LOW,RELATIVE_DEMAND_CHANGE_TYPE_ENUM_UNSPECIFIED,Vans LX Old Skool 36,Vans,Apparel & Accessories > Shoes,"00199390263635,00199390264281,00198268793960",NOT_IN_INVENTORY
Apparel & Accessories,1487,1421,VERY_LOW,FLAT,New Balance Women's Ellipse v1,New Balance,Apparel & Accessories > Shoes,"00198688794493,00198688794448,00198689462896",IN_STOCK
Apparel & Accessories,1488,2320,VERY_LOW,FLAT,adidas Women's Gazelle Bold,adidas,Apparel & Accessories > Shoes,"04067903238813,04067907894596,04066756483852",IN_STOCK
Apparel & Accessories,1491,3372,VERY_LOW,FLAT,Fransa Frtenya WA 1 Waistcoat Women's,Fransa,Apparel & Accessories > Clothing > Outerwear > Vests,"05715880552086,05715880161325,05715880552093",NOT_IN_INVENTORY
Apparel & Accessories,1494,231,VERY_LOW,SINKER,Neo Noir baggy suit bukser LifeStyle Hedensted,Neo Noir,Apparel & Accessories > Clothing > Pants,"05715641561777,05715641561784,05715641474817",IN_STOCK
Apparel & Accessories,1496,6718,VERY_LOW,FLAT,Babies Huttelihut Melange Pram Suit Pixie Wool Fleece,Huttelihut,Apparel & Accessories > Clothing > Baby & Toddler Clothing > Baby & Toddler Outerwear,"05713438946752,05713438946790,05713438946769",NOT_IN_INVENTORY
Apparel & Accessories,1499,1631,VERY_LOW,FLAT,Under Armour Men's Tech Short Sleeve Shirt,Under Armour,Apparel & Accessories > Clothing > Shirts & Tops,"00192006314264,00192006314295,00192006315056",IN_STOCK
Apparel & Accessories,1500,561,VERY_LOW,SINKER,ONLY Taylor high waist barrel leg jeans in dark blue,ONLY,Apparel & Accessories > Clothing > Pants,"05715830941168,05715828065630,05715830941175",NOT_IN_INVENTORY
Apparel & Accessories,1502,1215,VERY_LOW,FLAT,Pieces Zip-Up Hoodie 'BUCUBA' female,PIECES,Apparel & Accessories > Clothing > Shirts & Tops,"05715951976292,05715951976261,05715951976278",NOT_IN_INVENTORY
Apparel & Accessories,1503,1407,VERY_LOW,FLAT,Didriksons Kids Migisi Coverall Blue,Didriksons,Apparel & Accessories > Clothing > Outerwear > Snow Pants & Suits,"07333371310182,07333371310175,07332627980476",NOT_IN_INVENTORY
Apparel & Accessories,1504,4406,VERY_LOW,FLAT,Girls adidas Originals Wide Leg Fleece Pants,adidas,Apparel & Accessories > Clothing > Pants,"04069995407788,04069995411402,04069995411396",NOT_IN_INVENTORY
Apparel & Accessories,1507,2891,VERY_LOW,FLAT,Woden Woden Stiefel Tristan BOOT II Unisex Baby shoes for kids,Woden,Apparel & Accessories > Shoes,"05713326672954,05713326672961,05713326557817",NOT_IN_INVENTORY
Apparel & Accessories,1509,1795,VERY_LOW,FLAT,Puma Deviate Nitro 4 Women's,PUMA,Apparel & Accessories > Shoes,"04069161645945,04069161644498,04069161644450",IN_STOCK
Apparel & Accessories,1511,4683,VERY_LOW,FLAT,Womens Helly Hansen Workwear W Luna Brz Work Pant,Helly Hansen,Apparel & Accessories > Clothing > Pants,"07040058407911,07040058407898,07040058055433",NOT_IN_INVENTORY
Apparel & Accessories,1516,2268,VERY_LOW,FLAT,Waterproof jacket for kids Didriksons Neptun,Didriksons,Apparel & Accessories > Clothing > Outerwear > Coats & Jackets,,NOT_IN_INVENTORY
Apparel & Accessories,1517,3851,VERY_LOW,FLAT,Womens Didriksons Umi Full Zip,Didriksons,Apparel & Accessories > Clothing > Outerwear > Coats & Jackets,"07333371418994,07333371419007,07333371419014",NOT_IN_INVENTORY
Apparel & Accessories,1519,2774,VERY_LOW,FLAT,Woman Vila trench Coat,VILA,Apparel & Accessories > Clothing > Outerwear > Coats & Jackets,"05715801815832,05715800815277,05715801815870",NOT_IN_INVENTORY
Apparel & Accessories,1520,1712,VERY_LOW,FLAT,Jbs Of Denmark Panty male,JBS,Apparel & Accessories > Clothing > Underwear & Socks > Underwear,"05709405781754,05709405781747,05709405781884",IN_STOCK
Apparel & Accessories,1521,2542,VERY_LOW,FLAT,Pieces ribbed jersey pants in beige,PIECES,Apparel & Accessories > Clothing > Pants,"05715911356683,05715914501387,05715906718847",NOT_IN_INVENTORY
Apparel & Accessories,1523,2726,VERY_LOW,FLAT,adidas Real Madrid Home Jersey 26/27 Kids,adidas,Apparel & Accessories > Clothing > Shirts & Tops,"04069989445017,04069989444997,04069989445000",IN_STOCK
Apparel & Accessories,1525,2447,VERY_LOW,FLAT,hummel Adult hmlCore Football Tube,Hummel,Apparel & Accessories > Clothing > Underwear & Socks > Socks,"05715598267517,05715598267548,05715598267579",IN_STOCK
Apparel & Accessories,1526,1727,VERY_LOW,FLAT,Jack & Jones Austin Clean Check Shirt Men,JACK & JONES,Apparel & Accessories > Clothing > Shirts & Tops,"05715868029326,05715868029401,05715868029395",NOT_IN_INVENTORY
Apparel & Accessories,1528,7732,VERY_LOW,FLAT,Asics Sportstyle Gelcumulus 16 Unisex Trainers,ASICS,Apparel & Accessories > Shoes,"04573690101860,04573690101839,04573690101778",NOT_IN_INVENTORY
Apparel & Accessories,1530,1525,VERY_LOW,FLAT,Only Gray Polyester Women's Skirt,ONLY,Apparel & Accessories > Clothing > Skirts,"05715908554290,05715614670208,05715908250949",NOT_IN_INVENTORY
Apparel & Accessories,1531,1495,VERY_LOW,FLAT,Wheat Kids Sal Ski Pants,Wheat,Apparel & Accessories > Clothing > Outerwear > Snow Pants & Suits,"05715596522830,05715596919296,05715596522625",IN_STOCK
Apparel & Accessories,1533,962,VERY_LOW,FLAT,Lil' Children'sAtelier Nmmlamedow03 Puffer Jkt Fo Lil,NAME IT,Apparel & Accessories > Clothing > Outerwear > Coats & Jackets,"05715910167457,05715910167464,05715910167471",NOT_IN_INVENTORY
Apparel & Accessories,1538,2295,VERY_LOW,FLAT,Marie Jo Padded Bra Avero,Marie Jo,Apparel & Accessories > Clothing > Underwear & Socks > Bras,"05400977760054,05400977202530,05400977656142",IN_STOCK
Apparel & Accessories,1540,5314,VERY_LOW,FLAT,Skechers Women's Slip-Ins Contour Foam Cozy Fit,Skechers,Apparel & Accessories > Shoes,"00199252014931,00199025626200,00198376770969",NOT_IN_INVENTORY
Apparel & Accessories,1542,1788,VERY_LOW,FLAT,Fjallraven High Coast Pocket,Fjällräven,"Apparel & Accessories > Handbags, Wallets & Cases > Handbags","07323450680084,07323450680091,07323450680107",IN_STOCK
Apparel & Accessories,1543,7476,VERY_LOW,FLAT,Culture Curhaena LONG Sleeve Day dress Women's,Culture,Apparel & Accessories > Clothing > Dresses,"05715576832409,05715576832416,05715752505806",IN_STOCK
Apparel & Accessories,1544,1141,VERY_LOW,FLAT,Joha Jumpsuit Rib Dark,Joha,Apparel & Accessories > Clothing > Baby & Toddler Clothing > Baby One-Pieces,05715346301401,NOT_IN_INVENTORY
Apparel & Accessories,1545,4623,VERY_LOW,FLAT,Billi Bi Slipons Women's,Billi Bi,Apparel & Accessories > Shoes,"05711217620305,05711217620329,05711217620343",IN_STOCK
Apparel & Accessories,1546,1413,VERY_LOW,FLAT,Bareen Loose Fit Jeans Men,Bareen,Apparel & Accessories > Clothing > Pants,"05740027826782,05740027811122,05740027811108",NOT_IN_INVENTORY
Apparel & Accessories,1547,4997,VERY_LOW,FLAT,ONLY high Wide Leg Jeans,ONLY,Apparel & Accessories > Clothing > Pants,"05715907813770,05715831679954,05715831679916",NOT_IN_INVENTORY
Apparel & Accessories,1548,1870,VERY_LOW,FLAT,Women Pilgrim Nancy necklace 50 cm,Pilgrim,Apparel & Accessories > Jewelry > Necklaces,"05700560132207,05700560132191",IN_STOCK
Apparel & Accessories,1549,2115,VERY_LOW,FLAT,adidas Gazelle Indoor,adidas,Apparel & Accessories > Shoes,"04068812967375,04067897477908,04068812967436",IN_STOCK
Apparel & Accessories,1550,1657,VERY_LOW,FLAT,Toddler Hummel Moon Tex Suit,Hummel,Apparel & Accessories > Clothing > Baby & Toddler Clothing > Baby & Toddler Outerwear,"05700498163410,05700498934669,05700498934652",NOT_IN_INVENTORY
Apparel & Accessories,1553,1056,VERY_LOW,FLAT,Mens Double A by Wood Wood silas chino pants,Wood Wood,Apparel & Accessories > Clothing > Pants,"05715575214886,05715751955596,05715575214954",IN_STOCK
Baby & Toddler,1,1,VERY_HIGH,FLAT,BIBS Pacifier 2 Pack,BIBS,Baby & Toddler > Baby Health > Pacifiers & Teethers,"05713795240173,05713795020171,05744005386343",IN_STOCK
Baby & Toddler,5,47,MEDIUM,RISER,Bugaboo Voziček Donkey 6 Single,Bugaboo,Baby & Toddler > Baby Transport > Baby Strollers,"08717447575689,08717447331728,08717447472254",IN_STOCK
Baby & Toddler,6,10,MEDIUM,FLAT,BIBS Pacifier 2 Pack Supreme Silicone,BIBS,Baby & Toddler > Baby Health > Pacifiers & Teethers,"05713795060368,05744005382970,05713795060139",NOT_IN_INVENTORY
Baby & Toddler,9,72,MEDIUM,RISER,BIBS Pacifier 2 Pack GLOW,BIBS,Baby & Toddler > Baby Health > Pacifiers & Teethers,"05713795198955,05713795198948,05713795220021",IN_STOCK
Baby & Toddler,12,28,MEDIUM,FLAT,BIBS Try It Collection,BIBS,Baby & Toddler > Baby Health > Pacifiers & Teethers,"05713795217069,05713795222896,05713795222872",NOT_IN_INVENTORY
Baby & Toddler,14,22,MEDIUM,FLAT,Bibs Round Colour Pacifier bundle,BIBS,Baby & Toddler > Baby Health > Pacifiers & Teethers,"05713795267545,05713795266838,05744005381157",NOT_IN_INVENTORY
Baby & Toddler,16,9,MEDIUM,FLAT,Leander Changing Matty,Leander,Baby & Toddler > Diapering > Changing Mats & Trays,"05707770607846,05707770039692,05707770602407",IN_STOCK
Baby & Toddler,18,14,MEDIUM,FLAT,STOKKE FLEXI BATH X-LARGE,Stokke,Baby & Toddler > Baby Bathing > Baby Bathtubs & Bath Seats,"07040355359128,07040355359012,07040355359142",IN_STOCK
Baby & Toddler,31,33,LOW,FLAT,BIBS Baby Bottle Latex,BIBS,Baby & Toddler > Nursing & Feeding > Baby Bottles,"05713795265404,05713795265411,05713795265343",IN_STOCK
Baby & Toddler,38,16,LOW,SINKER,Haakaa Baby Nail Trimmer Electric Safe Baby Nail Clippers Baby Nail File Kit Manicure Set,Haakaa,Baby & Toddler > Baby Health > Baby Health & Grooming Kits,"09421903711687,09420060224672",NOT_IN_INVENTORY
Baby & Toddler,39,15,LOW,SINKER,Stokke Flexi Bath,Stokke,Baby & Toddler > Baby Bathing > Baby Bathtubs & Bath Seats,"07040355319122,07040355319139,07040355319016",IN_STOCK
Baby & Toddler,44,93,LOW,FLAT,Bugaboo Fox 5 Renew Complete Stroller,Bugaboo,Baby & Toddler > Baby Transport > Baby Strollers,"08717447655176,08717447160274,08717447565901",IN_STOCK
Baby & Toddler,49,145,LOW,RISER,BIBS Pacifier 2 Pack,BIBS,Baby & Toddler > Baby Health > Pacifiers & Teethers,"05713795279166,05713795279159,05713795228577",IN_STOCK
Baby & Toddler,69,63,LOW,FLAT,Baby wrap Moonboon,Moonboon,Baby & Toddler > Baby Transport > Baby Carriers,"05744001614839,05744001614952,05744001614822",IN_STOCK
Baby & Toddler,73,86,VERY_LOW,SINKER,Joha Wool Nature Nursing Pads,Joha,Baby & Toddler > Nursing & Feeding > Nursing Pads & Shields,"05705492769071,05705492769026,05705492025566",NOT_IN_INVENTORY
Baby & Toddler,75,78,VERY_LOW,SINKER,BIBS Baby Muslin Cloth,BIBS,Baby & Toddler > Nursing & Feeding,"05713795242153,05713795219322,05713795219308",NOT_IN_INVENTORY
Baby & Toddler,76,81,VERY_LOW,SINKER,Bibs Baby Feeder,BIBS,Baby & Toddler > Baby Health > Pacifiers & Teethers,"05713795261932,05713795261918,05713795261925",NOT_IN_INVENTORY
Baby & Toddler,79,192,VERY_LOW,FLAT,Philips Avent Manual Breast Pump,Avent,Baby & Toddler > Nursing & Feeding > Breast Pumps,"08720689003483,08720689003568",IN_STOCK
Baby & Toddler,82,50,VERY_LOW,SINKER,Sebra changing mat,Sebra,Baby & Toddler > Diapering > Changing Mats & Trays,"05704680066596,05704680068217,05704680070333",IN_STOCK
Baby & Toddler,85,188,VERY_LOW,FLAT,Haakaa Generation 1 Silicone Breast Pump,Haakaa,Baby & Toddler > Nursing & Feeding > Breast Pumps,09420060203240,NOT_IN_INVENTORY
Baby & Toddler,86,91,VERY_LOW,SINKER,Moon Nursing Pillow,Taiyo Yuden,Baby & Toddler > Nursing & Feeding > Nursing Pillows,"05713846004419,05713846032481,05713846033952",IN_STOCK
Baby & Toddler,92,112,VERY_LOW,FLAT,Caramma Support Bottle,Caramma,Baby & Toddler > Nursing & Feeding > Baby Bottles,"05745001176006,05745001176013",IN_STOCK
Baby & Toddler,97,211,VERY_LOW,FLAT,Done By Deer Quilted Stroller Bag,Done by Deer,Baby & Toddler > Baby Transport Accessories > Baby Stroller Accessories,05712643060352,NOT_IN_INVENTORY
Baby & Toddler,99,94,VERY_LOW,FLAT,Lily Nursing Organizer,Rarewaves,Baby & Toddler > Diapering > Diaper Organizers,"05713846069890,05713846039343,05713846061443",IN_STOCK
Baby & Toddler,105,162,VERY_LOW,FLAT,Braun Nasal Aspirator,Braun,Baby & Toddler > Baby Health > Nasal Aspirators,04022167001016,NOT_IN_INVENTORY
Baby & Toddler,108,100,VERY_LOW,FLAT,Vanilla COPENHAGEN Transparent Straw Bottle Tritan,Vanilla Copenhagen,Baby & Toddler > Nursing & Feeding > Sippy Cups,"05710098008899,05710098008875",NOT_IN_INVENTORY
Baby & Toddler,110,125,VERY_LOW,FLAT,Done by deer Waterproof travel changing mat,Done by Deer,Baby & Toddler > Diapering > Changing Mats & Trays,"05712643054481,05712643067399,05712643054450",NOT_IN_INVENTORY
Baby & Toddler,111,23,VERY_LOW,SINKER,Stokke Flexi Bath X-Large,Stokke,Baby & Toddler > Baby Bathing > Baby Bathtubs & Bath Seats,07040355359050,NOT_IN_INVENTORY
Health & Beauty,1,1,VERY_HIGH,FLAT,Eyelash Growth Serum,Sanzi Beauty,Health & Beauty > Personal Care > Cosmetics > Makeup > Eye Makeup,"05700002061676,05744007030855,05700002061607",IN_STOCK
Health & Beauty,4,2,VERY_HIGH,FLAT,Kerastase Genesis Anti-Hair Serum,Kérastase,Health & Beauty > Personal Care > Hair Care > Hair Loss Treatments,"03474636858002,03474637319014",IN_STOCK
Health & Beauty,11,10,HIGH,FLAT,Celimax The Vita A Retinal Shot Tightening Booster,Celimax,Health & Beauty > Personal Care > Cosmetics > Skin Care > Lotion & Moisturizer,08809700320812,OUT_OF_STOCK
Health & Beauty,12,17,HIGH,FLAT,Medicube PDRN Pink Collagen Volume Multi Balm,Medicube,Health & Beauty > Personal Care > Cosmetics > Skin Care > Lotion & Moisturizer,"08800366241305,08800289467707",IN_STOCK
Health & Beauty,14,6,HIGH,FLAT,Kérastase Nutritive 8H Magic Night Serum,Kérastase,Health & Beauty > Personal Care > Hair Care > Hair Styling Products,"03474637269111,03474637155025",IN_STOCK
Health & Beauty,17,2081,HIGH,RISER,By Terry Tea To Tan Face Body,BY TERRY,Health & Beauty > Personal Care > Cosmetics > Skin Care > Tanning Products,"03700076461121,03700076461114",OUT_OF_STOCK
Health & Beauty,23,24,HIGH,FLAT,No 4 Olaplex Bond Maintenance Shampoo,Olaplex,Health & Beauty > Personal Care > Hair Care > Shampoo & Conditioner,"00850018802598,00850018802444,00896364002756",IN_STOCK
Health & Beauty,28,22,HIGH,FLAT,Redken Acidic Bonding Concentrate Leave-In Treatment,Redken,Health & Beauty > Personal Care > Hair Care > Hair Styling Products,"00884486456380,03474637327217",IN_STOCK
Health & Beauty,32,46,HIGH,RISER,Genesis Bain Hydra-Fortifiant Shampoo Kerastase,Kérastase,Health & Beauty > Personal Care > Hair Care > Shampoo & Conditioner,"03474636857814,03474636857852,03474636857845",IN_STOCK
Health & Beauty,36,154,HIGH,RISER,Dyson Airwrap i.d. Multi-Styler,Dyson,Health & Beauty > Personal Care > Hair Care > Hair Styling Tools > Hair Dryers,"05025155117378,05025155112342,05025155117309",IN_STOCK
Health & Beauty,38,54,HIGH,RISER,Color Fresh Mask Wella,Wella,Health & Beauty > Personal Care > Hair Care > Hair Color,"04064666324753,04064666324746,04064666324739",IN_STOCK
Health & Beauty,43,70,HIGH,RISER,Color Touch Color Wella,Wella,Health & Beauty > Personal Care > Hair Care > Hair Color,"04064666579665,08005610528700,04064666579726",NOT_IN_INVENTORY
Health & Beauty,45,58,HIGH,RISER,Armani Stronger With You Intensely Eau de Parfum,Armani,Health & Beauty > Personal Care > Cosmetics > Perfume & Cologne,"03614272225695,03614272225718,03614272225701",IN_STOCK
Health & Beauty,49,50,HIGH,RISER,Philips OneBlade 360 Blade Shaver 3 Combs,Philips,Health & Beauty > Personal Care > Shaving & Grooming,08720689029070,NOT_IN_INVENTORY
Health & Beauty,53,20,HIGH,FLAT,Libre Eau de Parfum Yves Saint Laurent,Saint Laurent,Health & Beauty > Personal Care > Cosmetics > Perfume & Cologne,"03614272648401,03614272648418,03614273941136",IN_STOCK
Health & Beauty,56,15,HIGH,FLAT,K18 AirWash Dry Shampoo,K18,Health & Beauty > Personal Care > Hair Care > Shampoo & Conditioner,00858511000817,IN_STOCK
Health & Beauty,57,11,HIGH,FLAT,L'Oréal Paris L'Oreal Paris Revitalift Laser Eye Bag Instant Eraser,L'Oréal Paris,Health & Beauty > Personal Care > Cosmetics > Skin Care > Lotion & Moisturizer,03600524186234,NOT_IN_INVENTORY
Health & Beauty,59,137,HIGH,RISER,Anua Azelaic Acid 10 Hyaluron Redness Soothing Serum,Anua,Health & Beauty > Personal Care > Cosmetics > Skin Care > Lotion & Moisturizer,08809640739019,OUT_OF_STOCK
Health & Beauty,60,80,HIGH,RISER,Philips OneBlade Pro,Philips,Health & Beauty > Personal Care > Shaving & Grooming,08720689027137,IN_STOCK
Health & Beauty,62,348,HIGH,RISER,RevitaLash Advanced Eyelash Conditioner,RevitaLash,Health & Beauty > Personal Care > Cosmetics > Makeup > Eye Makeup,"00818426021901,00893689001228,00810047210030",IN_STOCK
Health & Beauty,63,126,HIGH,RISER,Nutri Color Filters Revlon,Revlon,Health & Beauty > Personal Care > Hair Care > Hair Color,"08007376047136,08007376047235,08007376047013",NOT_IN_INVENTORY
Health & Beauty,64,44,HIGH,FLAT,Hair mask K18 Molecular Repair,K18,Health & Beauty > Personal Care > Hair Care > Shampoo & Conditioner,"00858511001128,00858511001135,00858511001098",NOT_IN_INVENTORY
Health & Beauty,66,37,HIGH,FLAT,glowie Eyelash serum,glowie,Health & Beauty > Personal Care > Cosmetics > Makeup > Eye Makeup,05700002303813,NOT_IN_INVENTORY
Health & Beauty,67,77,HIGH,RISER,Philips Oneblade Face And Body,Philips,Health & Beauty > Personal Care > Shaving & Grooming,08720689029100,NOT_IN_INVENTORY
Health & Beauty,69,23,HIGH,FLAT,The Ordinary Glycolic Acid 7%,The Ordinary,Health & Beauty > Personal Care > Cosmetics > Skin Care > Toners & Astringents,"00769915234053,00769915234060,00769915195743",IN_STOCK
Health & Beauty,71,45,HIGH,RISER,L'Oreal Casting Creme Gloss,L'Oréal Paris,Health & Beauty > Personal Care > Hair Care > Hair Color,"03600520986449,03600520986555,03600521189269",NOT_IN_INVENTORY
Health & Beauty,74,34,HIGH,FLAT,Dr.Althea 345 Relief Cream,Dr. Althea,Health & Beauty > Personal Care > Cosmetics > Skin Care > Lotion & Moisturizer,08809447256221,IN_STOCK
Health & Beauty,78,30,HIGH,FLAT,Clinique Moisture Surge 100H Auto-Replenishing Hydrator,Clinique,Health & Beauty > Personal Care > Cosmetics > Skin Care > Lotion & Moisturizer,"00192333066911,00192333066928,00192333066935",IN_STOCK
Health & Beauty,80,52,MEDIUM,FLAT,M2 Beauté Eyelash Activating Serum 4 ml,M2 Beauté,Health & Beauty > Personal Care > Cosmetics > Makeup > Eye Makeup,04260180219951,NOT_IN_INVENTORY
Health & Beauty,82,59,MEDIUM,FLAT,Donna Born In Roma Valentino Eau de Parfum,Valentino,Health & Beauty > Personal Care > Cosmetics > Perfume & Cologne,"03614272761421,03614272761438,03614272761445",IN_STOCK
Health & Beauty,84,29,MEDIUM,SINKER,The Ordinary Salicylic Acid 2% Solution,The Ordinary,Health & Beauty > Personal Care > Cosmetics > Skin Care > Lotion & Moisturizer,00769915199581,OUT_OF_STOCK
Health & Beauty,91,32,MEDIUM,SINKER,Prada Paradoxe Eau de Parfum,Prada,Health & Beauty > Personal Care > Cosmetics > Perfume & Cologne,"03614273760713,03614273760652,03614273760164",IN_STOCK
Health & Beauty,95,84,MEDIUM,FLAT,Lavinde Copenhagen Beyond Volume & Curl Mascara,LAVINDE COPENHAGEN,Health & Beauty > Personal Care > Cosmetics > Makeup > Eye Makeup,"05714377700016,05700002067333,05714377700023",IN_STOCK
Health & Beauty,97,162,MEDIUM,FLAT,The Ordinary Multi-Peptide Lash and Brow Serum,The Ordinary,Health & Beauty > Personal Care > Cosmetics > Makeup > Eye Makeup,00769915230420,OUT_OF_STOCK
Health & Beauty,99,61,MEDIUM,FLAT,Olaplex No.7 Bonding Oil,Olaplex,Health & Beauty > Personal Care > Hair Care > Hair Styling Products,"00850018802888,00850018802895,00850045076832",IN_STOCK
Health & Beauty,107,87,MEDIUM,FLAT,Mascara Maybelline Lash Sensational Sky High,Maybelline,Health & Beauty > Personal Care > Cosmetics > Makeup > Eye Makeup,"00000030166967,00041554590500,00000030144552",IN_STOCK
Health & Beauty,108,72,MEDIUM,FLAT,Embryolisse Lait,Embryolisse,Health & Beauty > Personal Care > Cosmetics > Skin Care > Lotion & Moisturizer,"03350900000394,03350900000011",IN_STOCK
Health & Beauty,109,136,MEDIUM,FLAT,Real Purity Roll-On Deodorant,Real Purity,Health & Beauty > Personal Care > Deodorant & Anti-Perspirant,00031758000165,IN_STOCK
Health & Beauty,111,42,MEDIUM,SINKER,Moroccanoil Treatment,Moroccanoil,Health & Beauty > Personal Care > Hair Care > Hair Styling Products,"07290011521103,07290011521011,00741655406280",IN_STOCK
Health & Beauty,112,53,MEDIUM,FLAT,"Lavinde Copenhagen ULTIMATE Length Mascara 7,2 ml",LAVINDE COPENHAGEN,Health & Beauty > Personal Care > Cosmetics > Makeup > Eye Makeup,05700002067593,IN_STOCK
Health & Beauty,113,21,MEDIUM,SINKER,bark-denmark Hero Cream Mand,BARK™DNA,Health & Beauty > Personal Care > Cosmetics > Skin Care > Lotion & Moisturizer,,OUT_OF_STOCK
Health & Beauty,115,113,MEDIUM,FLAT,Meraki Hand Soap,Meraki,Health & Beauty > Personal Care > Cosmetics > Bath & Body > Liquid Hand Soap,"05707644528048,05707644905108,05707644528079",IN_STOCK
Health & Beauty,117,189,MEDIUM,RISER,Philips Nose Trimmer,Philips,Health & Beauty > Personal Care > Shaving & Grooming,"08710103924005,08710103932543,08710103924012",IN_STOCK
Health & Beauty,121,67,MEDIUM,FLAT,Colour Refresh Maria Nila,Maria Nila,Health & Beauty > Personal Care > Hair Care > Hair Color,"07391681037007,07391681407428,07391681037045",IN_STOCK
Health & Beauty,122,152,MEDIUM,FLAT,Philips Mg5931/15 Series 5000 All-in-one Trimmer Hair Clipper,Philips,Health & Beauty > Personal Care > Shaving & Grooming,08720689044356,NOT_IN_INVENTORY
Health & Beauty,131,122,MEDIUM,FLAT,The Ordinary Multi Peptide Serum for Hair Density,The Ordinary,Health & Beauty > Personal Care > Hair Care > Hair Styling Products,"00769915195910,00769915231915,00769915194647",OUT_OF_STOCK
Health & Beauty,138,365,MEDIUM,RISER,Valentino Donna Vendetta Eau de Parfum,Valentino,Health & Beauty > Personal Care > Cosmetics > Perfume & Cologne,"03614274798296,03614274798272,03614274798302",IN_STOCK
Health & Beauty,139,267,MEDIUM,RISER,Biotherm Deo Pure Antiperspirant Roll-On,Biotherm,Health & Beauty > Personal Care > Deodorant & Anti-Perspirant,03367729018981,IN_STOCK
Health & Beauty,141,219,MEDIUM,RISER,Gloss Absolu Bain Hydra Glaze Shampoo,Kérastase,Health & Beauty > Personal Care > Hair Care > Shampoo & Conditioner,"03474637283452,03474637283384,03474637283414",IN_STOCK
Health & Beauty,144,151,MEDIUM,FLAT,Perspirex Original Antiperspirant Roll On,Perspirex,Health & Beauty > Personal Care > Deodorant & Anti-Perspirant,05701943011430,IN_STOCK
Health & Beauty,146,73,MEDIUM,FLAT,THE ORDINARY NIACINAMIDE 10% + ZINC 1%,The Ordinary,Health & Beauty > Personal Care > Cosmetics > Skin Care > Lotion & Moisturizer,"00769915195941,00769915195958,00769915190311",IN_STOCK
Health & Beauty,152,163,MEDIUM,FLAT,Yves Saint Laurent Y Eau de Parfum,Saint Laurent,Health & Beauty > Personal Care > Cosmetics > Perfume & Cologne,"03614272050341,03614272050358,03614274057348",IN_STOCK
Health & Beauty,153,117,MEDIUM,FLAT,Myslf Eau de Parfum Yves Saint Laurent,Saint Laurent,Health & Beauty > Personal Care > Cosmetics > Perfume & Cologne,"03614273852739,03614273852821,03614273852814",IN_STOCK
Health & Beauty,159,119,MEDIUM,FLAT,Replacement Shaver Blade Philips QP430/50,Philips,Health & Beauty > Personal Care > Shaving & Grooming,08710103997177,NOT_IN_INVENTORY
Health & Beauty,164,217,MEDIUM,RISER,Rare Beauty Soft Pinch Liquid Blush,Rare Beauty,Health & Beauty > Personal Care > Cosmetics > Makeup > Face Makeup,"00840122906503,00840122900051,00840122904929",IN_STOCK
Health & Beauty,171,198,MEDIUM,RISER,Giorgio Armani Acqua Di Gio Eau de Toilette,Armani,Health & Beauty > Personal Care > Cosmetics > Perfume & Cologne,"03614273955560,03360372058939,03614273955546",IN_STOCK
Health & Beauty,172,49,MEDIUM,FLAT,Beauty of Joseon Relief Sun Rice Probiotics,Beauty of Joseon,Health & Beauty > Personal Care > Cosmetics > Skin Care > Sunscreen,"08809782555508,08809968130741",IN_STOCK
Health & Beauty,173,83,MEDIUM,FLAT,OLAPLEX No.6 Bond Smoother,Olaplex,Health & Beauty > Personal Care > Hair Care > Hair Styling Products,"00896364002954,00850018802796,00896364002602",IN_STOCK
Health & Beauty,175,309,MEDIUM,RISER,Grande Cosmetics GrandeLASH -MD Lash Serum,Grande Cosmetics,Health & Beauty > Personal Care > Cosmetics > Makeup > Eye Makeup,"00843246110016,00843246110023,00843246100659",IN_STOCK
Health & Beauty,176,192,MEDIUM,RISER,Dr.Althea 345 Relief Cream,Dr. Althea,Health & Beauty > Personal Care > Cosmetics > Skin Care > Lotion & Moisturizer,08809447251394,NOT_IN_INVENTORY
Health & Beauty,177,447,MEDIUM,RISER,GLOWIE Copenhagen Vippeserum 3 ml,glowie,Health & Beauty > Personal Care > Cosmetics > Makeup > Eye Makeup,"05745001349189,05745001349257",IN_STOCK
Health & Beauty,180,305,MEDIUM,RISER,Beurer Upper Arm Blood pressure monitor BM 27+,Beurer,Health & Beauty > Health Care > Biometric Monitors > Blood Pressure Monitors,04211125604189,IN_STOCK
Health & Beauty,183,114,MEDIUM,FLAT,The Ordinary Natural Moisturizing Factors + HA Scalp Serum,The Ordinary,Health & Beauty > Personal Care > Hair Care > Hair Styling Products,00769915199338,OUT_OF_STOCK
Health & Beauty,190,225,MEDIUM,RISER,Essie Couture Nail Polish Gel,essie,Health & Beauty > Personal Care > Cosmetics > Nail Care > Nail Polishes,"00000030151956,00000030158894,00000030151888",IN_STOCK
Health & Beauty,192,210,MEDIUM,RISER,CK One Calvin Klein Eau de Toilette Spray,Calvin Klein,Health & Beauty > Personal Care > Cosmetics > Perfume & Cologne,"00088300107438,00088300107681,00088300107407",IN_STOCK
Health & Beauty,196,197,MEDIUM,RISER,Biotherm Homme Day Control 72H Roll-On Deodorant 75ml,Biotherm,Health & Beauty > Personal Care > Deodorant & Anti-Perspirant,03605540783023,IN_STOCK
Health & Beauty,200,322,MEDIUM,RISER,Kerastase Resistance Bain Force Architecte Shampoo,Kérastase,Health & Beauty > Personal Care > Hair Care > Shampoo & Conditioner,"03474630382046,03474636397945,03474637079239",IN_STOCK
Health & Beauty,203,177,MEDIUM,RISER,Beauty of Joseon Revive Eye Serum,Beauty of Joseon,Health & Beauty > Personal Care > Cosmetics > Skin Care > Lotion & Moisturizer,"08809738316146,00648722969979",OUT_OF_STOCK
Health & Beauty,204,271,MEDIUM,RISER,CHANEL COCO MADEMOISELLE CRUSH ABSOLU Eau de Parfum,CHANEL,Health & Beauty > Personal Care > Cosmetics > Perfume & Cologne,03145891161700,IN_STOCK
Health & Beauty,205,204,MEDIUM,RISER,Huda Beauty Easy Bake Loose Baking Setting Powder,HUDA BEAUTY,Health & Beauty > Personal Care > Cosmetics > Makeup > Face Makeup,"06291106032277,06291106032253,06291106037210",IN_STOCK
Health & Beauty,206,69,MEDIUM,FLAT,The Ordinary Azelaic Acid 10% Suspension,The Ordinary,Health & Beauty > Personal Care > Cosmetics > Skin Care > Lotion & Moisturizer,"00769915195682,00769915199178,00769915199161",IN_STOCK
Health & Beauty,207,398,MEDIUM,RISER,Kérastase Gloss Absolu Anti Frizz Glaze Milk,Kérastase,Health & Beauty > Personal Care > Hair Care > Hair Styling Products,"03474637283445,03474637283476",IN_STOCK
Health & Beauty,209,386,MEDIUM,RISER,Purito Mighty Bamboo Panthenol Cream,PURITO,Health & Beauty > Personal Care > Cosmetics > Skin Care > Lotion & Moisturizer,08809563103430,IN_STOCK
Health & Beauty,210,706,MEDIUM,RISER,Braun 963657 Epilator,Braun,Health & Beauty > Personal Care > Shaving & Grooming > Hair Removal > Epilators,08700216963657,NOT_IN_INVENTORY
Health & Beauty,211,491,MEDIUM,RISER,Redken All Soft Shampoo,Redken,Health & Beauty > Personal Care > Hair Care > Shampoo & Conditioner,"03474636919963,03474636919987",IN_STOCK
Health & Beauty,212,188,MEDIUM,RISER,Jean Paul Gaultier Le Male Le Parfum,Jean Paul Gaultier,Health & Beauty > Personal Care > Cosmetics > Perfume & Cologne,"08435415032278,08435415032315,08435415032360",OUT_OF_STOCK
Health & Beauty,213,133,MEDIUM,FLAT,Gucci Flora Gorgeous Gardenia Eau de Parfum,Gucci,Health & Beauty > Personal Care > Cosmetics > Perfume & Cologne,"03616302022465,03616302022489,03616302022472",IN_STOCK
Health & Beauty,215,101,MEDIUM,FLAT,The Ordinary 2% Hyaluronic Acid + B5,The Ordinary,Health & Beauty > Personal Care > Cosmetics > Skin Care > Lotion & Moisturizer,"00769915233490,00769915233506,00769915233513",NOT_IN_INVENTORY
Health & Beauty,216,190,MEDIUM,RISER,Valentino Uomo Born In Roma Eau de Toilette,Valentino,Health & Beauty > Personal Care > Cosmetics > Perfume & Cologne,"03614272761452,03614272761469,03614274632811",IN_STOCK
Health & Beauty,218,181,MEDIUM,RISER,COLOR WOW Dream Coat Supernatural Spray,Color Wow,Health & Beauty > Personal Care > Hair Care > Hair Styling Products,"05060150185274,05060150185373",OUT_OF_STOCK
Health & Beauty,224,511,MEDIUM,RISER,Colour Refresh Maria Nila,Maria Nila,Health & Beauty > Personal Care > Hair Care > Hair Color,"07391681037007,07391681407428,07391681037045",NOT_IN_INVENTORY
Health & Beauty,225,296,MEDIUM,RISER,K18 Leave In Molecular Repair Hair Mask,K18,Health & Beauty > Personal Care > Hair Care > Shampoo & Conditioner,"00858511001289,00858511001036,00858511001654",IN_STOCK
Health & Beauty,227,286,MEDIUM,RISER,Meraki Hand Soap Refill 1000 ml Northern Dawn 309776004,Meraki,Health & Beauty > Personal Care > Cosmetics > Bath & Body > Liquid Hand Soap,05707644860681,IN_STOCK
Health & Beauty,229,153,MEDIUM,FLAT,Chanel Coco Mademoiselle Eau de Parfum Spray,CHANEL,Health & Beauty > Personal Care > Cosmetics > Perfume & Cologne,"03145891163902,03145891164206",IN_STOCK
Health & Beauty,230,493,MEDIUM,RISER,Wella Koleston Perfect,Wella,Health & Beauty > Personal Care > Hair Care > Hair Color,"08005610626390,08005610626857,08005610626215",NOT_IN_INVENTORY
Health & Beauty,231,158,MEDIUM,FLAT,Double Wear Stay In Place Makeup Estee Lauder,Estée Lauder,Health & Beauty > Personal Care > Cosmetics > Makeup > Face Makeup,"00887167822245,00887167495586,00887167495289",IN_STOCK
Health & Beauty,233,199,MEDIUM,RISER,IT Cosmetics Your Skin But Better CC+ Cream,IT Cosmetics,Health & Beauty > Personal Care > Cosmetics > Makeup > Face Makeup,"03605972009715,03605971979262,03605972009791",IN_STOCK
Health & Beauty,236,182,MEDIUM,RISER,Perspirex Strong Antiperspirant Roll On 20ml,Perspirex,Health & Beauty > Personal Care > Deodorant & Anti-Perspirant,05701943010402,OUT_OF_STOCK
Health & Beauty,239,142,MEDIUM,FLAT,Wonderskin Wonder Blading Lip Stain,WONDERSKIN,Health & Beauty > Personal Care > Cosmetics > Makeup > Lip Makeup,"00850007254827,00850007254810,00850007254759",IN_STOCK
Health & Beauty,242,212,MEDIUM,RISER,Kerastase Specifique Bain Divalent Shampoo,Kérastase,Health & Beauty > Personal Care > Hair Care > Shampoo & Conditioner,"03474636954766,03474636994007,03474635003960",IN_STOCK
Health & Beauty,248,170,MEDIUM,FLAT,Urban Decay All Nighter Waterproof Makeup Setting Spray,Urban Decay,Health & Beauty > Personal Care > Cosmetics > Makeup > Makeup Finishing Sprays,"03605973072459,03605973072473",IN_STOCK
Health & Beauty,249,1174,MEDIUM,RISER,The Ordinary Lacto-PDRN 4% + B9 Eye Cream,The Ordinary,Health & Beauty > Personal Care > Cosmetics > Skin Care > Lotion & Moisturizer,00769915237344,OUT_OF_STOCK
Health & Beauty,250,139,MEDIUM,FLAT,Dr Althea 345 Relief Cream Mist,Dr. Althea,Health & Beauty > Personal Care > Cosmetics > Skin Care > Lotion & Moisturizer,"08809447256115,08809447256122",IN_STOCK
Health & Beauty,252,127,MEDIUM,FLAT,Carolina Herrera Good Girl Eau de Parfum,Carolina Herrera,Health & Beauty > Personal Care > Cosmetics > Perfume & Cologne,"08411061041673,08411061026250,08411061026342",IN_STOCK
Health & Beauty,253,402,MEDIUM,RISER,The Ordinary Retinal 0.2% Emulsion,The Ordinary,Health & Beauty > Personal Care > Cosmetics > Skin Care > Lotion & Moisturizer,00769915233353,OUT_OF_STOCK
Health & Beauty,255,695,MEDIUM,RISER,Braun Silk-épil 5 5-041 Pink epilator,Braun,Health & Beauty > Personal Care > Shaving & Grooming > Hair Removal > Epilators,08700216963169,NOT_IN_INVENTORY
Health & Beauty,262,485,MEDIUM,RISER,Instant Firmx Eye Peter Thomas Roth,Peter Thomas Roth,Health & Beauty > Personal Care > Cosmetics > Skin Care > Lotion & Moisturizer,"00670367950937,00670367357033,00670367357019",IN_STOCK
Health & Beauty,263,244,MEDIUM,RISER,Prada Paradigme Eau de Parfum,Prada,Health & Beauty > Personal Care > Cosmetics > Perfume & Cologne,"03614274182897,03614274172997",IN_STOCK
Health & Beauty,264,159,MEDIUM,FLAT,New Nordic Hair Volume Tab X 30,New Nordic,Health & Beauty > Personal Care > Hair Care > Hair Loss Treatments,"05021807459650,05021807459551,05021807459513",NOT_IN_INVENTORY
Health & Beauty,266,623,LOW,RISER,Braun IRT6525,Braun,Health & Beauty > Health Care > Biometric Monitors > Medical Thermometers,04022167652577,NOT_IN_INVENTORY
Health & Beauty,270,397,LOW,FLAT,Make Me Blush Powder Blush Yves Saint Laurent,Saint Laurent,Health & Beauty > Personal Care > Cosmetics > Makeup > Face Makeup,"03614274254310,03614274254341,03614274254372",IN_STOCK
Health & Beauty,279,859,LOW,RISER,Philips OneBlade Replacement blade 4 Pcs,Philips,Health & Beauty > Personal Care > Shaving & Grooming,08710103941941,NOT_IN_INVENTORY
Health & Beauty,283,168,LOW,SINKER,Nilens Jord Hydra Glow Magic Tint Release,Nilens Jord,Health & Beauty > Personal Care > Cosmetics > Makeup > Face Makeup,"05709994021286,05709994024010",IN_STOCK
Health & Beauty,288,149,LOW,SINKER,Super3 Booster Beauté Pacifique,Beauté Pacifique,Health & Beauty > Personal Care > Cosmetics > Skin Care > Lotion & Moisturizer,"05705676001140,05705676001058",IN_STOCK
Health & Beauty,289,234,LOW,FLAT,Clinique High Impact Mascara,Clinique,Health & Beauty > Personal Care > Cosmetics > Makeup > Eye Makeup,"00020714952976,00020714192334,00020714192358",NOT_IN_INVENTORY
Health & Beauty,290,252,LOW,FLAT,L'oréal Paris Elvital Growth Booster Hair Serum Against Hair Loss,L'Oréal Paris,Health & Beauty > Personal Care > Hair Care > Hair Loss Treatments,03600524222963,NOT_IN_INVENTORY
Health & Beauty,291,88,LOW,SINKER,Paula's Choice Skin Perfecting 2% BHA Liquid Exfoliant,Paula's Choice,Health & Beauty > Personal Care > Cosmetics > Skin Care > Toners & Astringents,08720828267370,NOT_IN_INVENTORY
Health & Beauty,293,426,LOW,FLAT,Estee Lauder Advanced Night Repair Synchronized Multi-Recovery Complex,Estée Lauder,Health & Beauty > Personal Care > Cosmetics > Skin Care > Lotion & Moisturizer,"00887167534803,00887167485488,00887167485495",IN_STOCK
Health & Beauty,294,147,LOW,SINKER,Olaplex Bond Maintenance Conditioner No.5,Olaplex,Health & Beauty > Personal Care > Hair Care > Shampoo & Conditioner,"00850018802659,00850018802451,00896364002718",NOT_IN_INVENTORY
Health & Beauty,297,262,LOW,FLAT,New Nordic Magnesium Malate,New Nordic,Health & Beauty > Health Care > Fitness & Nutrition > Vitamins & Supplements,"05021807450350,05021807450329,05021807013753",NOT_IN_INVENTORY
Health & Beauty,303,155,LOW,SINKER,K18 AirWash Dry Shampoo,K18,Health & Beauty > Personal Care > Hair Care > Shampoo & Conditioner,00858511000824,IN_STOCK
Health & Beauty,308,382,LOW,FLAT,Kérastase Gloss Absolu Glaze Drops Hair Oil,Kérastase,Health & Beauty > Personal Care > Hair Care > Hair Styling Products,03474637285012,IN_STOCK
Health & Beauty,309,248,LOW,FLAT,Color Renew Color Depositing mask Semi-permanent Hair Color mask,HairLust,Health & Beauty > Personal Care > Hair Care > Hair Color,"05714628005341,05714628005310,05714628005365",NOT_IN_INVENTORY
Health & Beauty,312,835,LOW,RISER,Dyson Airstrait Straightener,Dyson,Health & Beauty > Personal Care > Hair Care > Hair Styling Tools > Hair Straighteners,"05025155113080,05025155070710,05025155112397",IN_STOCK
Health & Beauty,313,685,LOW,RISER,Xlash Eyelash Serum,Xlash,Health & Beauty > Personal Care > Cosmetics > Makeup > Eye Makeup,"07350128930783,07350128930806",IN_STOCK
Health & Beauty,315,227,LOW,FLAT,Olaplex No.3 Plus Complete Repair Treatment,Olaplex,Health & Beauty > Personal Care > Hair Care > Shampoo & Conditioner,"00810177860273,00810177860983,00810177860266",IN_STOCK
Health & Beauty,319,112,LOW,SINKER,The Ordinary Retinol Squalane,The Ordinary,Health & Beauty > Personal Care > Cosmetics > Skin Care > Lotion & Moisturizer,"00769915196009,00769915196016,00769915195996",OUT_OF_STOCK
Health & Beauty,322,343,LOW,FLAT,Lancôme Lancome Idole Lash Lifting Volumizing Mascara,Lancôme,Health & Beauty > Personal Care > Cosmetics > Makeup > Eye Makeup,"03614273078306,03614273066365,03614274306477",IN_STOCK
Health & Beauty,323,416,LOW,FLAT,ESSIE NAIL POLISH,essie,Health & Beauty > Personal Care > Cosmetics > Nail Care > Nail Polishes,"00000030107205,00000030095526,00000030095434",IN_STOCK
Health & Beauty,326,254,LOW,FLAT,Clinique Almost Lipstick Honey Pink,Clinique,Health & Beauty > Personal Care > Cosmetics > Makeup > Lip Makeup,"00020714004507,00020714782702,00192333300855",OUT_OF_STOCK
Health & Beauty,332,146,LOW,SINKER,Anua Azelaic Acid 10 Hyaluron Redness Soothing Serum,Anua,Health & Beauty > Personal Care > Cosmetics > Skin Care > Lotion & Moisturizer,08809640737190,NOT_IN_INVENTORY
Health & Beauty,334,342,LOW,FLAT,L'Oréal Paris L Paris Telescopic Mascara,L'Oréal Paris,Health & Beauty > Personal Care > Cosmetics > Makeup > Eye Makeup,"03600520881799,03600521377024",IN_STOCK
Health & Beauty,337,489,LOW,FLAT,L'Oréal Paris Accord Parfait Tinted Balm 8 g,L'Oréal Paris,Health & Beauty > Personal Care > Cosmetics > Makeup > Face Makeup,"03600524253455,03600524253431,03600524253417",IN_STOCK
Health & Beauty,338,576,LOW,RISER,CND Vinylux Weekly Polish,CND,Health & Beauty > Personal Care > Cosmetics > Nail Care > Nail Polishes,"00639370912820,00639370098951,00639370098692",IN_STOCK
Health & Beauty,339,411,LOW,FLAT,Moonboon Witte ruis apparaat White noise machine,Moonboon,Health & Beauty > Personal Care > Sleeping Aids > White Noise Machines,"05744001615317,05744001615294,05744001619063",IN_STOCK
Health & Beauty,341,504,LOW,FLAT,Anua PDRN Hyaluronic Acid Hydrating Capsule Mist,Anua,Health & Beauty > Personal Care > Cosmetics > Skin Care > Lotion & Moisturizer,"08800307373393,08800307373409",IN_STOCK
Health & Beauty,342,310,LOW,FLAT,TIRTIR Milk Skin Toner,TIRTIR,Health & Beauty > Personal Care > Cosmetics > Skin Care > Toners & Astringents,"08809928131153,08809928132488,08809928134451",IN_STOCK
Health & Beauty,346,390,LOW,FLAT,hh simonsen Miracle Hair Spray,HH Simonsen,Health & Beauty > Personal Care > Hair Care > Hair Styling Products,"05713052006245,05713052002902,05713052006474",NOT_IN_INVENTORY
Health & Beauty,356,647,LOW,RISER,Arm Blood Pressure Monitor Beurer BM23,Beurer,Health & Beauty > Health Care > Biometric Monitors > Blood Pressure Monitors,04211125604936,IN_STOCK
Health & Beauty,357,1191,LOW,RISER,Philips OneBlade 360 ​​qp2724/23 Shaver,Philips,Health & Beauty > Personal Care > Shaving & Grooming,08720689029094,NOT_IN_INVENTORY
Health & Beauty,358,202,LOW,FLAT,Zarkoperfume Pink Molecule 090.09 Eau de Parfum Spray,ZARKOPERFUME,Health & Beauty > Personal Care > Cosmetics > Perfume & Cologne,05712590000968,IN_STOCK
Health & Beauty,359,265,LOW,FLAT,Madagascar Centella Ampoule Skin1004,Skin1004,Health & Beauty > Personal Care > Cosmetics > Skin Care > Lotion & Moisturizer,"08809913830788,08809913830528,08809576260601",IN_STOCK
Health & Beauty,366,229,LOW,FLAT,Revlon Hair,Revlon,Health & Beauty > Personal Care > Hair Care > Hair Styling Tools > Hair Dryers,"00761318352228,00761318922292",NOT_IN_INVENTORY
Health & Beauty,369,288,LOW,FLAT,Jane Iredale PurePressed Base Mineral Foundation REFILL,Jane Iredale,Health & Beauty > Personal Care > Cosmetics > Makeup > Face Makeup,"00670959116918,00670959116833,00670959116949",IN_STOCK
Health & Beauty,370,450,LOW,FLAT,Eyelash Curler Shiseido,Shiseido,Health & Beauty > Personal Care > Cosmetics > Cosmetic Tools > Makeup Tools,00729238500969,IN_STOCK
Health & Beauty,372,124,LOW,SINKER,The Ordinary The Clear Set,The Ordinary,Health & Beauty > Personal Care > Cosmetics > Skin Care,00769915233230,IN_STOCK
Health & Beauty,379,223,LOW,FLAT,Purito Oat In Calming Gel Cream,PURITO,Health & Beauty > Personal Care > Cosmetics > Skin Care > Lotion & Moisturizer,08809563101054,IN_STOCK
Health & Beauty,387,561,LOW,RISER,Philips Shaver Series 3000X,Philips,Health & Beauty > Personal Care > Shaving & Grooming,08720689019033,NOT_IN_INVENTORY
Health & Beauty,389,263,LOW,FLAT,NYX Slim Lip Pencil,NYX Professional Makeup,Health & Beauty > Personal Care > Cosmetics > Makeup > Lip Makeup,"00800897108205,00800897108120,00800897108106",IN_STOCK
Health & Beauty,393,354,LOW,FLAT,Hugo Boss Bottled Beyond EDP For Her,HUGO BOSS,Health & Beauty > Personal Care > Cosmetics > Perfume & Cologne,"03616307208536,03616307208543,03616307208550",IN_STOCK
Health & Beauty,394,557,LOW,RISER,Beauty of Joseon Relief Sun Aqua-Fresh,Beauty of Joseon,Health & Beauty > Personal Care > Cosmetics > Skin Care > Sunscreen,08809968130277,OUT_OF_STOCK
Health & Beauty,395,414,LOW,FLAT,Beauté Pacifique Beaute Pacifique Creme Paradoxe Chilean Day Cream 50ml,Beauté Pacifique,Health & Beauty > Personal Care > Cosmetics > Skin Care > Lotion & Moisturizer,05705676001188,IN_STOCK
Health & Beauty,396,175,LOW,FLAT,Medicube Zero Pore Pad 2.0,Medicube,Health & Beauty > Personal Care > Cosmetics > Skin Care > Toners & Astringents,08800256119066,OUT_OF_STOCK
Health & Beauty,397,425,LOW,FLAT,L'Oreal Paris Infallible 3-Second Setting Spray,L'Oréal Paris,Health & Beauty > Personal Care > Cosmetics > Makeup > Makeup Finishing Sprays,"03600524104726,03600524244545,03600524244538",IN_STOCK
Health & Beauty,398,277,LOW,FLAT,Lancome La Vie Est Belle Eau de Parfum Spray,Lancôme,Health & Beauty > Personal Care > Cosmetics > Perfume & Cologne,"03605532612690,03605532612768,00746480031508",IN_STOCK
Health & Beauty,404,894,LOW,RISER,Color Wow Raise the Root Thicken Lift Spray,Color Wow,Health & Beauty > Personal Care > Hair Care > Hair Styling Products,"05060150185250,05060150182211",NOT_IN_INVENTORY
Health & Beauty,407,744,LOW,RISER,Pudderdåserne All in One hyaluronic Acid 50 ml,All In One,Health & Beauty > Personal Care > Cosmetics > Skin Care > Lotion & Moisturizer,05711914160906,IN_STOCK
Health & Beauty,408,55,LOW,SINKER,Medicube Zero Pore Blackhead Mud Mask,Medicube,Health & Beauty > Personal Care > Cosmetics > Skin Care > Skin Care Masks & Peels,08800289474880,OUT_OF_STOCK
Health & Beauty,410,332,LOW,FLAT,Moroccanoil Curl Defining Cream,Moroccanoil,Health & Beauty > Personal Care > Hair Care > Hair Styling Products,"07290011521400,07290011521424",IN_STOCK
Health & Beauty,412,406,LOW,FLAT,Kerastase Elixir Ultime L'Huile Oil,Kérastase,Health & Beauty > Personal Care > Hair Care > Hair Styling Products,03474637215194,IN_STOCK
Health & Beauty,414,1173,LOW,RISER,POINT-GUARD KNEE STRAP,Liiteguard,Health & Beauty > Health Care > Supports & Braces,"05714776018538,05714776018545,05714776018521",NOT_IN_INVENTORY
Health & Beauty,415,98,LOW,SINKER,THE ORDINARY Natural moisturizing factors + ha,The Ordinary,Health & Beauty > Personal Care > Cosmetics > Skin Care > Lotion & Moisturizer,"00769915195927,00769915195934",IN_STOCK
Health & Beauty,418,614,LOW,RISER,NYX Professional Makeup Lip Lingerie Lip Liner Stain,NYX Professional Makeup,Health & Beauty > Personal Care > Cosmetics > Makeup > Lip Makeup,"00800897275082,00800897275044,00800897275051",IN_STOCK
Health & Beauty,423,605,LOW,RISER,Redken Acidic Bonding Concentrate,Redken,Health & Beauty > Personal Care > Hair Care > Shampoo & Conditioner,"00884486456281,03474637286583,00884486456311",OUT_OF_STOCK
Health & Beauty,424,283,LOW,FLAT,Nail Polish No Nilens Jord,Nilens Jord,Health & Beauty > Personal Care > Cosmetics > Nail Care > Nail Polishes,"05709994019832,05709994020241,05709994020005",IN_STOCK
Health & Beauty,427,400,LOW,FLAT,BARK DNA Brow Styling Gel,BARK™DNA,Health & Beauty > Personal Care > Cosmetics > Makeup > Eye Makeup,05744005950131,NOT_IN_INVENTORY
Health & Beauty,430,719,LOW,RISER,KERASTASE Densifique Bain Densite Shampoo,Kérastase,Health & Beauty > Personal Care > Hair Care > Shampoo & Conditioner,"03474636403912,03474637231231,03474636543199",OUT_OF_STOCK
Health & Beauty,432,444,LOW,FLAT,Miild Skin Glow Tinted Beauty Balm,Miild,Health & Beauty > Personal Care > Cosmetics > Makeup > Face Makeup,"05709954036664,05709954037234,05709954036602",IN_STOCK
Health & Beauty,433,272,LOW,FLAT,Thermometer Beurer ft 65,Beurer,Health & Beauty > Health Care > Biometric Monitors > Medical Thermometers,04211125795146,NOT_IN_INVENTORY
Health & Beauty,434,600,LOW,RISER,MAC Macximal Silky Matte Lipstick,M·A·C,Health & Beauty > Personal Care > Cosmetics > Makeup > Lip Makeup,"00773602685172,00773602724772,00773602685585",IN_STOCK
Health & Beauty,438,474,LOW,FLAT,Maria Nila Head & Hair Heal Shampoo,Maria Nila,Health & Beauty > Personal Care > Hair Care > Shampoo & Conditioner,"07391681036536,07391681036550",NOT_IN_INVENTORY
Health & Beauty,441,1764,LOW,RISER,Philips BRL129 Wet and Dry Rechargeable Lady shaver,Philips,Health & Beauty > Personal Care > Shaving & Grooming,08720689038263,OUT_OF_STOCK
Health & Beauty,442,99,LOW,SINKER,Philips Hx3792/11 Electric Toothbrush,Philips,Health & Beauty > Personal Care > Oral Care > Toothbrushes,08720689046916,NOT_IN_INVENTORY
Health & Beauty,446,765,LOW,RISER,Valentino Vendetta Uomo Eau de Parfum,Valentino,Health & Beauty > Personal Care > Cosmetics > Perfume & Cologne,"03614274798180,03614274798197,03614274798203",IN_STOCK
Health & Beauty,448,1210,LOW,RISER,Nilens Jord Cheeks & Lips Rouge,Nilens Jord,Health & Beauty > Personal Care > Cosmetics > Makeup > Lip Makeup,"05709994017319,05709994020364,05709994017289",IN_STOCK
Health & Beauty,451,303,LOW,FLAT,Classic Lash Curler Tweezerman,Tweezerman,Health & Beauty > Personal Care > Cosmetics > Cosmetic Tools > Makeup Tools,"00038097103403,00038097014549,00038097000481",IN_STOCK
Health & Beauty,452,915,LOW,RISER,Redken Volume Injection Shampoo,Redken,Health & Beauty > Personal Care > Hair Care > Shampoo & Conditioner,"03474636920266,03474636929139,00884486453600",IN_STOCK
Health & Beauty,454,246,LOW,FLAT,Beauty of Joseon Dynasty Cream,Beauty of Joseon,Health & Beauty > Personal Care > Cosmetics > Skin Care > Lotion & Moisturizer,08809525249565,IN_STOCK
Health & Beauty,458,0,LOW,RELATIVE_DEMAND_CHANGE_TYPE_ENUM_UNSPECIFIED,Trimmerhoved til næsehår til Philips OneBlade / næsehårstrimmer / næsetrimmerhoved,Philips,Health & Beauty > Personal Care > Shaving & Grooming,07313380608227,NOT_IN_INVENTORY
Health & Beauty,463,327,LOW,FLAT,Prada Paradoxe Sweet Chemistry Eau de Parfum,Prada,Health & Beauty > Personal Care > Cosmetics > Perfume & Cologne,"03614274488036,03614274488166,03614274488029",IN_STOCK
Health & Beauty,468,856,LOW,RISER,Medicube Collagen Night Wrapping Mask 75ml,Medicube,Health & Beauty > Personal Care > Cosmetics > Skin Care > Skin Care Masks & Peels,08800256107421,NOT_IN_INVENTORY
Health & Beauty,472,900,LOW,RISER,Valentino Born In Roma Uomo Eau de Parfum Intense,Valentino,Health & Beauty > Personal Care > Cosmetics > Perfume & Cologne,"03614273790833,03614273790826",IN_STOCK
Health & Beauty,477,2827,LOW,RISER,Philips BRL138/00 Laser Epilator,Philips,Health & Beauty > Personal Care > Shaving & Grooming,08720689032049,NOT_IN_INVENTORY
Health & Beauty,478,356,LOW,FLAT,Shark Hd6051seu Multistyler Airflow Hair Dryer,Shark,Health & Beauty > Personal Care > Hair Care > Hair Styling Tools > Curling Irons,00622356360074,IN_STOCK
Health & Beauty,479,487,LOW,FLAT,Dior Sauvage Eau de Parfum Spray,Dior,Health & Beauty > Personal Care > Cosmetics > Perfume & Cologne,"03348901368254,03348901368247,03348901608053",IN_STOCK
Health & Beauty,480,470,LOW,FLAT,Bedroom Hair Kevin Murphy,KEVIN.MURPHY,Health & Beauty > Personal Care > Hair Care > Hair Styling Products,"09339341022060,09339341022077,09339341005308",IN_STOCK
Health & Beauty,483,683,LOW,RISER,Sedix Forte 28 tabs NO/DK,Diverse,Health & Beauty > Health Care > Medicine & Drugs,07090036440614,NOT_IN_INVENTORY
Health & Beauty,484,180,LOW,FLAT,Biotherm Lait Corporel Anti-Drying Body Milk,Biotherm,Health & Beauty > Personal Care > Cosmetics > Skin Care > Lotion & Moisturizer,03367729117264,IN_STOCK
Health & Beauty,488,904,LOW,RISER,Redken Extreme Length Shampoo,Redken,Health & Beauty > Personal Care > Hair Care > Shampoo & Conditioner,"03474636920211,03474636930531",OUT_OF_STOCK
Health & Beauty,494,418,LOW,FLAT,COSRX Acne Pimple Master Patch,COSRX,Health & Beauty > Personal Care > Cosmetics > Skin Care > Acne Treatments & Kits,"08809598452633,08809598455726",IN_STOCK
Health & Beauty,496,642,LOW,RISER,Kérastase Elixir Ultime L'Huile Originale Hair Oil 75ml,Kérastase,Health & Beauty > Personal Care > Hair Care > Hair Styling Products,03474637215125,IN_STOCK
Health & Beauty,500,298,LOW,FLAT,Kérastase Genesis Essentials Set,Kérastase,Health & Beauty > Personal Care > Hair Care > Hair Care Kits,03474637213213,IN_STOCK
Health & Beauty,503,264,LOW,FLAT,Meraki Beige Therapy Pillow,Meraki,Health & Beauty > Health Care > First Aid > Hot & Cold Therapies > Heating Pads,05707644514942,NOT_IN_INVENTORY
Health & Beauty,509,826,LOW,RISER,Hydrating Shampoo Moroccanoil,Moroccanoil,Health & Beauty > Personal Care > Hair Care > Shampoo & Conditioner,"07290011521806,07290013627698,07290015485340",IN_STOCK
Health & Beauty,510,1030,LOW,RISER,Braun Pulse Oxymeter 1,Braun,Health & Beauty > Health Care > Biometric Monitors > Pulse Oximeters,04022167081018,NOT_IN_INVENTORY
Health & Beauty,511,990,LOW,RISER,Ghd Original Styler,ghd,Health & Beauty > Personal Care > Hair Care > Hair Styling Tools > Hair Straighteners,"05060777122928,05060034523574,05060569861448",NOT_IN_INVENTORY
Health & Beauty,512,335,LOW,FLAT,Wonderskin 360 Contour Lipliner,WONDERSKIN,Health & Beauty > Personal Care > Cosmetics > Makeup > Lip Makeup,"00850050275381,00850050275398,00850073597002",IN_STOCK
Health & Beauty,524,299,LOW,FLAT,L'oreal Paris Excellence Creme Hair,L'Oréal Paris,Health & Beauty > Personal Care > Hair Care > Hair Color,"05703147063444,05703147063451,03600524295615",NOT_IN_INVENTORY
Health & Beauty,525,535,LOW,RISER,Clinique Take The Day Off Makeup Remover,Clinique,Health & Beauty > Personal Care > Cosmetics > Skin Care > Makeup Removers,"00020714146559,00020714699604,00020714377793",OUT_OF_STOCK
Health & Beauty,527,250,LOW,FLAT,OLEHENRIKSEN Pout Preserve Peptide Lip Treatment,OLEHENRIKSEN,Health & Beauty > Personal Care > Cosmetics > Skin Care > Lip Balms & Treatments,"00840026688048,00840026675895,00840026683135",IN_STOCK
Health & Beauty,531,3027,LOW,RISER,Dyson Supersonic Nural Hair Dryer,Dyson,Health & Beauty > Personal Care > Hair Care > Hair Styling Tools > Hair Dryers,"05025155127216,05025155094402,05025155113462",IN_STOCK
Health & Beauty,533,469,LOW,FLAT,Prada Paradigme Eau de Parfum,Prada,Health & Beauty > Personal Care > Cosmetics > Perfume & Cologne,03614274485868,IN_STOCK
Health & Beauty,534,0,LOW,RELATIVE_DEMAND_CHANGE_TYPE_ENUM_UNSPECIFIED,Olaplex No.0.5 Scalp Longevity Treatment,Olaplex,Health & Beauty > Personal Care > Hair Care > Hair Styling Products,00850056933636,NOT_IN_INVENTORY
Health & Beauty,541,329,LOW,FLAT,Skin Food Weleda,Weleda,Health & Beauty > Personal Care > Cosmetics > Skin Care > Lotion & Moisturizer,"04001638098649,04001638098595",IN_STOCK
Health & Beauty,543,1469,LOW,RISER,Beurer BF180 diagnostic Bathroom scale,Beurer,Health & Beauty > Health Care > Biometric Monitors > Body Weight Scales,04211125749095,IN_STOCK
Health & Beauty,546,780,LOW,RISER,Philips OneBlade replaceable Razor Blade,Philips,Health & Beauty > Personal Care > Shaving & Grooming,08720689016148,NOT_IN_INVENTORY
Health & Beauty,548,138,LOW,SINKER,Olaplex Rich Hydration Mask,Olaplex,Health & Beauty > Personal Care > Hair Care > Shampoo & Conditioner,"00850056933919,00850056933926",NOT_IN_INVENTORY
Health & Beauty,549,669,LOW,RISER,New Nordic Magnesium Glycinat tabletes,New Nordic,Health & Beauty > Health Care > Fitness & Nutrition > Vitamins & Supplements,05021807010394,NOT_IN_INVENTORY
Health & Beauty,550,534,LOW,RISER,OBH Nordica Haartrockner / Föhne Björn Axén Tools Magic Style Brush Pro,OBH Nordica,Health & Beauty > Personal Care > Hair Care > Hair Styling Tools > Hair Dryers,"05708642031257,05708642031264,05708642031240",NOT_IN_INVENTORY
Health & Beauty,553,160,LOW,SINKER,Zarkoperfume Pink Molecule 090.09,ZARKOPERFUME,Health & Beauty > Personal Care > Cosmetics > Perfume & Cologne,"05712598000052,05712598001134,05712590000807",IN_STOCK
Health & Beauty,560,888,LOW,RISER,Medicube PDRN Pink Collagen Gel Mask,Medicube,Health & Beauty > Personal Care > Cosmetics > Skin Care > Skin Care Masks & Peels,"08800289474873,08800256108046,08800256114399",OUT_OF_STOCK
Health & Beauty,566,435,LOW,FLAT,L'Oreal Paris Colour Riche Lipstick,L'Oréal Paris,Health & Beauty > Personal Care > Cosmetics > Makeup > Lip Makeup,"03054080055846,03600523801794,03600520032276",IN_STOCK
Health & Beauty,570,345,LOW,FLAT,Chanel Bleu de Chanel Men Eau de Parfum Spray,CHANEL,Health & Beauty > Personal Care > Cosmetics > Perfume & Cologne,"03145891073508,03145891073607,03145891073706",IN_STOCK
Health & Beauty,575,221,LOW,FLAT,Colour Refresh Maria Nila,Maria Nila,Health & Beauty > Personal Care > Hair Care > Hair Color,"07391681410046,07391681407398,07391681037137",IN_STOCK
Health & Beauty,577,428,LOW,FLAT,ANUA HEARTLEAF QUERCETINOL PORE DEEP CLEANSING FOAM,Anua,Health & Beauty > Personal Care > Cosmetics > Skin Care > Facial Cleansers,"08809640735622,08809640738296,08809640734427",NOT_IN_INVENTORY
Health & Beauty,578,281,LOW,FLAT,MEDICUBE COLLAGEN JELLY CREAM,Medicube,Health & Beauty > Personal Care > Cosmetics > Skin Care > Lotion & Moisturizer,"08800256119004,08800256112227,08809982769903",OUT_OF_STOCK
Health & Beauty,581,772,LOW,RISER,DEPEND O2 Oxygen Nail Polish,Depend,Health & Beauty > Personal Care > Cosmetics > Nail Care > Nail Polishes,"00000073156864,00000073132158,00000073131953",IN_STOCK
Health & Beauty,590,1925,LOW,RISER,Tweezerman Facial Razor,Tweezerman,Health & Beauty > Personal Care > Shaving & Grooming > Razors & Razor Blades,00038097020458,IN_STOCK
Health & Beauty,602,1067,LOW,RISER,Berberin,New Nordic,Health & Beauty > Health Care > Fitness & Nutrition > Vitamins & Supplements,05021807014361,NOT_IN_INVENTORY
Health & Beauty,611,0,LOW,RELATIVE_DEMAND_CHANGE_TYPE_ENUM_UNSPECIFIED,Innersense Air Dry Styling Cream,Innersense Organic Beauty,Health & Beauty > Personal Care > Hair Care > Hair Styling Products,"00810121312940,00810121312933,00810121312964",OUT_OF_STOCK
Health & Beauty,615,538,LOW,RISER,Philips Oneblade Shaver,Philips,Health & Beauty > Personal Care > Shaving & Grooming,08720689031615,NOT_IN_INVENTORY
Health & Beauty,617,1065,LOW,RISER,ESSIE NAIL POLISH,essie,Health & Beauty > Personal Care > Cosmetics > Nail Care > Nail Polishes,"00000030107205,00000030095526,00000030095434",NOT_IN_INVENTORY
Health & Beauty,621,468,LOW,FLAT,MAC Skinfinish Colourstruck Blush,M·A·C,Health & Beauty > Personal Care > Cosmetics > Makeup > Face Makeup,"00773602774326,00773602774333,00773602774340",OUT_OF_STOCK
Health & Beauty,623,940,LOW,RISER,Mablet depottabletter Kosttilskud,Diverse,Health & Beauty > Health Care > Fitness & Nutrition > Vitamins & Supplements,05703085000020,NOT_IN_INVENTORY
Health & Beauty,624,802,LOW,RISER,MAC Studio Fix Powder Plus Foundation,M·A·C,Health & Beauty > Personal Care > Cosmetics > Makeup > Face Makeup,"00773602737284,00773602736850,00773602736812",IN_STOCK
Health & Beauty,626,1244,LOW,RISER,"L""Oreal Paris True Match Lumi Glotion Natural Glow Enhancer",L'Oréal Paris,Health & Beauty > Personal Care > Cosmetics > Makeup > Face Makeup,"03600524150594,03600524150570,03600524150587",NOT_IN_INVENTORY
Health & Beauty,627,439,LOW,FLAT,Hugo Boss Boss The Scent Eau de Parfum for Her,HUGO BOSS,Health & Beauty > Personal Care > Cosmetics > Perfume & Cologne,"03616305040503,03616305040510,03616305040527",IN_STOCK
Health & Beauty,629,502,LOW,FLAT,"Mommy & Me 45 ml travel size, Rudolph Care",Rudolph Care,Health & Beauty > Personal Care > Cosmetics > Skin Care > Lotion & Moisturizer,"05710111001708,05710111001722",IN_STOCK
Health & Beauty,639,1024,LOW,RISER,Kayali Vanilla 28 Eau de Parfum,Kayali,Health & Beauty > Personal Care > Cosmetics > Perfume & Cologne,"06291106039887,06291106039870,06291106039894",IN_STOCK
Health & Beauty,640,649,LOW,RISER,Chloe Eau de Parfum Spray,Chloé,Health & Beauty > Personal Care > Cosmetics > Perfume & Cologne,"00688575201901,03607346232347,03607346232385",IN_STOCK
Health & Beauty,642,242,LOW,FLAT,Eyebrow Enhancing Serum 5ml,Sanzi Beauty,Health & Beauty > Personal Care > Cosmetics > Makeup > Eye Makeup,05700002061621,NOT_IN_INVENTORY
Health & Beauty,643,429,LOW,FLAT,Kérastase Elixir Ultime Hair Oil 75ml Refill,Kérastase,Health & Beauty > Personal Care > Hair Care > Hair Styling Products,03474637215156,IN_STOCK
Health & Beauty,645,150,LOW,SINKER,Paula's Choice Skin Perfecting 2% BHA Liquid Exfoliant,Paula's Choice,Health & Beauty > Personal Care > Cosmetics > Skin Care > Facial Cleansers,"00655439008006,00655439020107",NOT_IN_INVENTORY
Health & Beauty,647,540,LOW,RISER,Moroccanoil Color Depositing Mask,Moroccanoil,Health & Beauty > Personal Care > Hair Care > Shampoo & Conditioner,"07290113140738,07290113142879,07290113140677",IN_STOCK
Health & Beauty,652,1287,LOW,RISER,Moroccanoil Treatment Mist,Moroccanoil,Health & Beauty > Personal Care > Hair Care > Hair Styling Products,"07290116977973,07290116977966",IN_STOCK
Health & Beauty,654,279,LOW,FLAT,Too Faced Chocolate Soleil Melting Bronzing & Sculpting Stick,Too Faced,Health & Beauty > Personal Care > Cosmetics > Makeup > Face Makeup,"00651986015061,00651986015047,00651986015054",IN_STOCK
Health & Beauty,658,895,LOW,RISER,New Nordic Rødkløver Overgangsalderen Kosttilskud,New Nordic,Health & Beauty > Health Care > Fitness & Nutrition > Vitamins & Supplements,"05021807450435,05021807011704",NOT_IN_INVENTORY
Health & Beauty,660,769,LOW,RISER,Cordless Hair Clippers Philips HC5612/15,Philips,Health & Beauty > Personal Care > Shaving & Grooming,08710103897835,NOT_IN_INVENTORY
Health & Beauty,664,1031,LOW,RISER,Big Pony Pink 2 by Ralph Lauren Eau de Toilette Spray for Women,Ralph Lauren,Health & Beauty > Personal Care > Cosmetics > Perfume & Cologne,03605975062489,IN_STOCK
Health & Beauty,668,443,LOW,FLAT,Armani Power of You Eau de Parfum,Armani,Health & Beauty > Personal Care > Cosmetics > Perfume & Cologne,"03614274752038,03614274752717,03614274752069",IN_STOCK
Health & Beauty,671,610,LOW,RISER,COSRX Advanced Snail 96 Mucin Power Essence,COSRX,Health & Beauty > Personal Care > Cosmetics > Skin Care > Lotion & Moisturizer,"08809416470009,08809598453180",IN_STOCK
Health & Beauty,676,1132,LOW,RISER,True divinity mk2 plate hh simonsen,HH Simonsen,Health & Beauty > Personal Care > Hair Care > Hair Styling Tools > Hair Straighteners,05713052001974,OUT_OF_STOCK
Health & Beauty,678,559,LOW,RISER,Giorgio Armani Si Eau de Parfum Spray,Armani,Health & Beauty > Personal Care > Cosmetics > Perfume & Cologne,"03605521816511,03614272356764",IN_STOCK
Health & Beauty,679,1489,LOW,RISER,Maybelline Grippy Serum Makeup Primer,Maybelline,Health & Beauty > Personal Care > Cosmetics > Makeup > Face Makeup,03600531700379,OUT_OF_STOCK
Health & Beauty,680,632,LOW,RISER,Clean Warm Cotton Eau de Parfum Spray,CLEAN,Health & Beauty > Personal Care > Cosmetics > Perfume & Cologne,"00874034010430,00874034010447,00874034010942",IN_STOCK
Health & Beauty,685,1304,LOW,RISER,OrganiCup Menstrual Cup,organicup-allmatters,Health & Beauty > Personal Care > Feminine Sanitary Supplies > Menstrual Cups,"05711782000021,05711782000038",IN_STOCK
Health & Beauty,686,552,LOW,RISER,Bark Dna Hero Complexion Cream,BARK™DNA,Health & Beauty > Personal Care > Cosmetics > Skin Care > Lotion & Moisturizer,00712221730788,NOT_IN_INVENTORY
Health & Beauty,697,2172,LOW,RISER,OneBlade Intimate,Philips,Health & Beauty > Personal Care > Shaving & Grooming,08720689051903,NOT_IN_INVENTORY
Health & Beauty,707,2321,LOW,RISER,Bodyologist Soft Sole Exfoliating and Softening Foot Cream,Bodyologist,Health & Beauty > Personal Care > Cosmetics > Skin Care > Lotion & Moisturizer,05745000429530,IN_STOCK
Health & Beauty,717,843,LOW,RISER,Libre Intense Eau de Parfum Yves Saint Laurent,Saint Laurent,Health & Beauty > Personal Care > Cosmetics > Perfume & Cologne,"03614273069533,03614273069557,03614274479720",IN_STOCK
Health & Beauty,720,1014,LOW,RISER,Kérastase Symbiose Anti-Dandruff Shampoo 250ml,Kérastase,Health & Beauty > Personal Care > Hair Care > Shampoo & Conditioner,03474637135690,IN_STOCK
Health & Beauty,727,2523,LOW,RISER,CND Vinylux Weekly Polish,CND,Health & Beauty > Personal Care > Cosmetics > Nail Care > Nail Polishes,"00639370912820,00639370098951,00639370098692",NOT_IN_INVENTORY
Health & Beauty,728,525,LOW,FLAT,L'Occitane Almond Shower Oil,L'OCCITANE,Health & Beauty > Personal Care > Cosmetics > Bath & Body > Body Wash,"03253581785706,03253581785751,03253581785744",IN_STOCK
Health & Beauty,729,713,LOW,RISER,Hugo Boss Boss The Scent Eau de Toilette Spray,HUGO BOSS,Health & Beauty > Personal Care > Cosmetics > Perfume & Cologne,00737052972305,NOT_IN_INVENTORY
Health & Beauty,732,710,LOW,RISER,L'oreal Paris Makeup True Match Super-Blendable Foundation,L'Oréal Paris,Health & Beauty > Personal Care > Cosmetics > Makeup > Face Makeup,"03600522862420,03600522862406,03600523635634",IN_STOCK
Health & Beauty,734,1047,LOW,RISER,Braun Series 3 Electric Shaver 300s,Braun,Health & Beauty > Personal Care > Shaving & Grooming,04210201163305,IN_STOCK
Health & Beauty,735,1143,LOW,RISER,Clinique Moisture Surge Intense 72H Lipid-Replenishing Hydrator,Clinique,Health & Beauty > Personal Care > Cosmetics > Skin Care > Lotion & Moisturizer,"00192333042816,00192333042809,00192333042793",IN_STOCK
Health & Beauty,736,897,LOW,RISER,Electric shaver Philips S7887/55,Philips,Health & Beauty > Personal Care > Shaving & Grooming,08720689008204,NOT_IN_INVENTORY
Health & Beauty,737,778,LOW,RISER,Lymphatic Face Brush - Kontur & Massage Børste,Anua,Health & Beauty > Personal Care > Cosmetics > Cosmetic Tools > Skin Care Tools,,NOT_IN_INVENTORY
Health & Beauty,738,1153,LOW,RISER,Meraki Northern Dawn Gift Box,Cisco,Health & Beauty > Personal Care > Cosmetics > Bath & Body Gift Sets,05707644715769,IN_STOCK
Health & Beauty,743,193,LOW,FLAT,The Ordinary Volufiline 92% + Pal-Isoleucine 1% Serum,The Ordinary,Health & Beauty > Personal Care > Cosmetics > Skin Care > Lotion & Moisturizer,00769915236460,IN_STOCK
Health & Beauty,746,352,LOW,FLAT,The Ordinary Caffeine Solution 5% + EGCG,The Ordinary,Health & Beauty > Personal Care > Cosmetics > Skin Care > Lotion & Moisturizer,00769915195712,IN_STOCK
Health & Beauty,749,954,LOW,RISER,Dyson Airwrap Origin Hair Styler,Dyson,Health & Beauty > Personal Care > Hair Care > Hair Styling Tools > Hair Dryers,05025155117729,NOT_IN_INVENTORY
Health & Beauty,750,3270,LOW,RISER,SKIN1004 Madagascar Centella Azelaic Acid 10 Ampoule,Skin1004,Health & Beauty > Personal Care > Cosmetics > Skin Care > Lotion & Moisturizer,"08809913834670,08809913834687",NOT_IN_INVENTORY
Health & Beauty,757,391,LOW,FLAT,CND Solar Oil Nail Cuticle,CND,Health & Beauty > Personal Care > Cosmetics > Nail Care > Cuticle Cream & Oil,"00639370922416,00639370130163,00639370130187",NOT_IN_INVENTORY
Health & Beauty,766,1109,LOW,RISER,Clinique Happy for Men Cologne Spray,Clinique,Health & Beauty > Personal Care > Cosmetics > Perfume & Cologne,00020714080310,OUT_OF_STOCK
Health & Beauty,767,691,LOW,RISER,Christian Dior Dior Homme Intense Eau de Parfum Spray,Dior,Health & Beauty > Personal Care > Cosmetics > Perfume & Cologne,"03348900838178,03348900838185,03348901001120",IN_STOCK
Health & Beauty,768,368,LOW,FLAT,ghd Bodyguard Heat Protectant for Hair Heat Protect Hair Spray,ghd,Health & Beauty > Personal Care > Hair Care > Hair Styling Products,"05060356734320,05060703499162",IN_STOCK
Health & Beauty,770,524,LOW,FLAT,Kérastase Kerastase Nutritive Bain Satin Riche Shampoo,Kérastase,Health & Beauty > Personal Care > Hair Care > Shampoo & Conditioner,"03474637154950,03474637231828,03474637154943",OUT_OF_STOCK
Health & Beauty,773,459,LOW,FLAT,Emporio Armani Stronger With You Eau de Toilette Spray,Armani,Health & Beauty > Personal Care > Cosmetics > Perfume & Cologne,"03605522040229,03605522040281,03605522040588",IN_STOCK
Health & Beauty,776,571,LOW,RISER,Blush Good Girl Carolina Herrera Eau de Parfum,Carolina Herrera,Health & Beauty > Personal Care > Cosmetics > Perfume & Cologne,"08411061056776,08411061097922,08411061056769",IN_STOCK
Health & Beauty,781,789,LOW,RISER,L'Oréal Paris Telescopic Extensionist Mascara Black,L'Oréal Paris,Health & Beauty > Personal Care > Cosmetics > Makeup > Eye Makeup,03600524229092,IN_STOCK
Health & Beauty,784,471,LOW,FLAT,MAC Lustre Lipstick,M·A·C,Health & Beauty > Personal Care > Cosmetics > Makeup > Lip Makeup,"00773602790401,00773602790104,00773602790357",IN_STOCK
Health & Beauty,785,606,LOW,RISER,Black Opium Eau de Parfum Spray Yves Saint Laurent,Saint Laurent,Health & Beauty > Personal Care > Cosmetics > Perfume & Cologne,"03365440787858,03365440787919,03614274784046",IN_STOCK
Health & Beauty,791,1015,LOW,RISER,Dolce Gabbana Light Blue Eau de Toilette Spray,Dolce & Gabbana,Health & Beauty > Personal Care > Cosmetics > Perfume & Cologne,"08057971188178,03423473020264,03423473020257",IN_STOCK
Health & Beauty,794,488,LOW,FLAT,AESTURA Atobarrier 365 Cream,Aestura,Health & Beauty > Personal Care > Cosmetics > Skin Care > Lotion & Moisturizer,"08809013342402,08809013349050",NOT_IN_INVENTORY
Health & Beauty,795,1133,LOW,RISER,ESSIE NAIL POLISH,essie,Health & Beauty > Personal Care > Cosmetics > Nail Care > Nail Polishes,"00000030107205,00000030095526,00000030095434",NOT_IN_INVENTORY
Health & Beauty,796,705,LOW,RISER,ANUA Collagen Retinol Refining Gua Sha Cream,Anua,Health & Beauty > Personal Care > Cosmetics > Skin Care > Lotion & Moisturizer,08800307379326,NOT_IN_INVENTORY
Health & Beauty,797,913,LOW,RISER,Christian Dior Sauvage Eau de Toilette Spray,Dior,Health & Beauty > Personal Care > Cosmetics > Perfume & Cologne,"03348901250153,03348901250146,03348901520195",IN_STOCK
Health & Beauty,801,2387,LOW,RISER,Babyliss Cortapelos E996E Super X,BaByliss,Health & Beauty > Personal Care > Shaving & Grooming,03030050165371,NOT_IN_INVENTORY
Health & Beauty,803,790,VERY_LOW,FLAT,OUAI Detox Shampoo,Ouai,Health & Beauty > Personal Care > Hair Care > Shampoo & Conditioner,"00815402021290,00815402027933,00815402022884",IN_STOCK
Health & Beauty,805,464,VERY_LOW,SINKER,New Nordic Active Liver,New Nordic,Health & Beauty > Health Care > Fitness & Nutrition > Vitamins & Supplements,"05021807457175,05021807457151",NOT_IN_INVENTORY
Health & Beauty,810,295,VERY_LOW,SINKER,Braun Silk-Épil 5 Wet & Dry Epilator 5-011,Braun,Health & Beauty > Personal Care > Shaving & Grooming > Hair Removal > Epilators,08700216963015,NOT_IN_INVENTORY
Health & Beauty,811,2580,VERY_LOW,FLAT,Philips Shaver OneBlade Pro Qp6507/23,Philips,Health & Beauty > Personal Care > Shaving & Grooming,08720689030830,NOT_IN_INVENTORY
Health & Beauty,819,1631,VERY_LOW,FLAT,Maria Nila True Soft Shampoo,Maria Nila,Health & Beauty > Personal Care > Hair Care > Shampoo & Conditioner,"07391681036307,07391681036338,07391681036352",IN_STOCK
Health & Beauty,820,936,VERY_LOW,FLAT,OrganiCup Menstrual Cup,organicup-allmatters,Health & Beauty > Personal Care > Feminine Sanitary Supplies > Menstrual Cups,"05711782000021,05711782000038",NOT_IN_INVENTORY
Health & Beauty,825,1167,VERY_LOW,FLAT,Equazen 360 stk Kapsler,New Nordic,Health & Beauty > Health Care > Fitness & Nutrition > Vitamins & Supplements,"05060072606086,05060072606062",NOT_IN_INVENTORY
Health & Beauty,829,1803,VERY_LOW,FLAT,Braun Thermoscan 3,Braun,Health & Beauty > Health Care > Biometric Monitors > Medical Thermometers,04022167330307,NOT_IN_INVENTORY
Health & Beauty,830,1049,VERY_LOW,FLAT,Acqua Di Gio by Giorgio Armani Deodorant Spray,Armani,Health & Beauty > Personal Care > Deodorant & Anti-Perspirant,03360372058892,IN_STOCK
Health & Beauty,833,445,VERY_LOW,SINKER,Kérastase Kerastase Genesis Defense Thermique,Kérastase,Health & Beauty > Personal Care > Hair Care > Hair Styling Products,03474636857975,IN_STOCK
Health & Beauty,838,791,VERY_LOW,FLAT,Eight Hour Cream Skin Protectant Elizabeth Arden,Elizabeth Arden,Health & Beauty > Personal Care > Cosmetics > Skin Care > Lotion & Moisturizer,"00085805425234,00085805546649",IN_STOCK
Health & Beauty,839,1873,VERY_LOW,FLAT,liiteguard Shintech Compression CALF Sleeve Leg warmers,Liiteguard,Health & Beauty > Health Care > Supports & Braces,"05714776003398,05714776003381,05714776003374",IN_STOCK
Health & Beauty,843,883,VERY_LOW,FLAT,Kérastase Nutritive Bain Satin Shampoo,Kérastase,Health & Beauty > Personal Care > Hair Care > Shampoo & Conditioner,03474637154912,IN_STOCK
Health & Beauty,845,516,VERY_LOW,SINKER,L'oreal Elvital Extraordinary Oil All Hair Types,L'Oréal Paris,Health & Beauty > Personal Care > Hair Care > Hair Styling Products,03600522215615,NOT_IN_INVENTORY
Health & Beauty,846,0,VERY_LOW,RELATIVE_DEMAND_CHANGE_TYPE_ENUM_UNSPECIFIED,Charlotte Tilbury - Airbrush Flawless Finish Setting Spray - Fikseringsspray Til Makeup - Airbrush Flawless Setting Spray 100ml - For Women,Charlotte Tilbury,Health & Beauty > Personal Care > Cosmetics > Makeup > Makeup Finishing Sprays,05056446658409,NOT_IN_INVENTORY
Health & Beauty,850,1258,VERY_LOW,FLAT,Philips SH50/50 Replacement Blades for Series 5000,Philips,Health & Beauty > Personal Care > Shaving & Grooming,08710103736691,NOT_IN_INVENTORY
Health & Beauty,851,992,VERY_LOW,FLAT,Submersive Serum Paradoxe 30 ml Beauté Pacifique,Beauté Pacifique,Health & Beauty > Personal Care > Cosmetics > Skin Care > Lotion & Moisturizer,05705676001317,IN_STOCK
Health & Beauty,854,597,VERY_LOW,FLAT,Kiehl's Ultra Facial Cream,Kiehl's,Health & Beauty > Personal Care > Cosmetics > Skin Care > Lotion & Moisturizer,"03605970720858,03605972735881,03605975028799",IN_STOCK
Health & Beauty,856,1605,VERY_LOW,FLAT,Braun Silver 5 Series Shaver Replacement Head 52S,Braun,Health & Beauty > Personal Care > Shaving & Grooming,04210201072195,NOT_IN_INVENTORY
Health & Beauty,860,4046,VERY_LOW,FLAT,Braun Bt7540 Beard Trimmer 244831,Braun,Health & Beauty > Personal Care > Shaving & Grooming,"07500435244831,08700216428415",NOT_IN_INVENTORY
Health & Beauty,863,728,VERY_LOW,FLAT,Styling Brush Babyliss HSB200E,BaByliss,Health & Beauty > Personal Care > Hair Care > Hair Styling Tools > Hair Dryers,03030050197365,OUT_OF_STOCK
Health & Beauty,864,0,VERY_LOW,RELATIVE_DEMAND_CHANGE_TYPE_ENUM_UNSPECIFIED,Ecooking Mascara Brush,Ecooking,Health & Beauty > Personal Care > Cosmetics > Cosmetic Tools > Makeup Tools,05712350505030,IN_STOCK
Health & Beauty,865,910,VERY_LOW,FLAT,NYX Professional Makeup Buttermelt Blush,NYX Professional Makeup,Health & Beauty > Personal Care > Cosmetics > Makeup > Face Makeup,"00800897257637,00800897257675,00800897257668",IN_STOCK
Health & Beauty,867,1196,VERY_LOW,FLAT,Ecooking CC Cream SPF15,Ecooking,Health & Beauty > Personal Care > Cosmetics > Makeup > Face Makeup,"05712350504521,05712350504514,05712350504538",IN_STOCK
Health & Beauty,868,3729,VERY_LOW,FLAT,MAKEUP BY MARIO SoftSculpt Shaping Stick,MAKEUP BY MARIO,Health & Beauty > Personal Care > Cosmetics > Makeup > Face Makeup,"00810050386258,00810050386234,00810050386241",IN_STOCK
Health & Beauty,869,1183,VERY_LOW,FLAT,Luminous Hairspray Moroccanoil,Moroccanoil,Health & Beauty > Personal Care > Hair Care > Hair Styling Products,"07290011521585,07290011521851,07290011521592",IN_STOCK
Health & Beauty,870,1849,VERY_LOW,FLAT,M2 Beauté Eyezone Conditioning Care Complex,M2 Beauté,Health & Beauty > Personal Care > Cosmetics > Makeup > Eye Makeup,04260180211030,IN_STOCK
Health & Beauty,871,1502,VERY_LOW,FLAT,Biotherm Deo Pure Duo Set,Biotherm,Health & Beauty > Personal Care > Deodorant & Anti-Perspirant,03614275051673,IN_STOCK
Health & Beauty,874,799,VERY_LOW,FLAT,Kérastase Gloss Absolu Insta Glaze Conditioner,Kérastase,Health & Beauty > Personal Care > Hair Care > Shampoo & Conditioner,"03474637283469,03474637283421,03474637283438",IN_STOCK
Health & Beauty,875,2000,VERY_LOW,FLAT,Redken Extreme Shampoo,Redken,Health & Beauty > Personal Care > Hair Care > Shampoo & Conditioner,,NOT_IN_INVENTORY
Health & Beauty,876,989,VERY_LOW,FLAT,Hanne Bang Augenbrauenfarbe Braunschwarz 8 ml,Hanne Bang,Health & Beauty > Personal Care > Cosmetics > Makeup > Eye Makeup,05709794001303,IN_STOCK
Health & Beauty,877,3078,VERY_LOW,FLAT,Philips 5000 Series Facial Hair Removal Device BRR454/00,Philips,Health & Beauty > Personal Care > Shaving & Grooming > Hair Removal > Epilators,08720689004503,NOT_IN_INVENTORY
Health & Beauty,884,2999,VERY_LOW,FLAT,Tarte Shape Tape Contour Concealer,tarte,Health & Beauty > Personal Care > Cosmetics > Makeup > Face Makeup,"00846733016129,00846733030316,00846733029006",IN_STOCK
Health & Beauty,892,643,VERY_LOW,FLAT,Maybelline Grippy Setting Mist,Maybelline,Health & Beauty > Personal Care > Cosmetics > Makeup > Makeup Finishing Sprays,03600531721527,OUT_OF_STOCK
Health & Beauty,894,741,VERY_LOW,FLAT,ONE/SIZE by Patrick Starrr On 'Til Dawn Mattifying Waterproof Setting Spray,One Size,Health & Beauty > Personal Care > Cosmetics > Makeup > Makeup Finishing Sprays,00810041816924,IN_STOCK
Health & Beauty,895,2356,VERY_LOW,FLAT,Genesis Bain Nutri-Fortifiant Shampoo Kerastase,Kérastase,Health & Beauty > Personal Care > Hair Care > Shampoo & Conditioner,"03474636858033,03474636980284,03474636858057",IN_STOCK
Health & Beauty,898,319,VERY_LOW,SINKER,Lancôme Lancome La Vie Est Belle Very Cherry,Lancôme,Health & Beauty > Personal Care > Cosmetics > Perfume & Cologne,"03614274749861,03614274750447,03614274749885",IN_STOCK
Health & Beauty,899,1542,VERY_LOW,FLAT,Charlotte Tilbury Hollywood Flawless Filter,Charlotte Tilbury,Health & Beauty > Personal Care > Cosmetics > Makeup > Face Makeup,"05056446643795,05056446643764,05060332329526",IN_STOCK
Health & Beauty,901,452,VERY_LOW,SINKER,Erborian CC Red Correct,Erborian,Health & Beauty > Personal Care > Cosmetics > Makeup > Face Makeup,"08809255788679,08809255788662",IN_STOCK
Health & Beauty,903,241,VERY_LOW,SINKER,Estee Lauder DayWear Multi-Protection Anti-Oxidant Sheer Tint Release Moisturizer SPF 15,Estée Lauder,Health & Beauty > Personal Care > Cosmetics > Makeup > Face Makeup,"00887167190252,00887167090392",IN_STOCK
Health & Beauty,904,566,VERY_LOW,FLAT,Free.Hold Kevin Murphy,KEVIN.MURPHY,Health & Beauty > Personal Care > Hair Care > Hair Styling Products,"09339341017486,09339341017479,09339341005452",IN_STOCK
Health & Beauty,911,611,VERY_LOW,FLAT,Christian Dior Miss Dior Eau de Parfum Spray,Dior,Health & Beauty > Personal Care > Cosmetics > Perfume & Cologne,"03348901571432,03348901571449,03348901571456",NOT_IN_INVENTORY
Health & Beauty,912,1170,VERY_LOW,FLAT,Color Wow Dream Coat Extra Strength,Color Wow,Health & Beauty > Personal Care > Hair Care > Hair Styling Products,"05060150182747,05060150185748,05060150185847",NOT_IN_INVENTORY
Health & Beauty,913,573,VERY_LOW,FLAT,X-tra Dry Skin Fix,Beauté Pacifique,Health & Beauty > Personal Care > Cosmetics > Skin Care > Lotion & Moisturizer,05705676200017,IN_STOCK
Health & Beauty,919,624,VERY_LOW,FLAT,Jean Paul Gaultier Le Male Elixir Parfum,Jean Paul Gaultier,Health & Beauty > Personal Care > Cosmetics > Perfume & Cologne,"08435415076937,08435415076944,08435415076906",IN_STOCK
Health & Beauty,923,1356,VERY_LOW,FLAT,Gosh Copenhagen Here To Stain Lip Pen,GOSH COPENHAGEN,Health & Beauty > Personal Care > Cosmetics > Makeup > Lip Makeup,"05711914212254,05711914212155,05711914212100",IN_STOCK
Health & Beauty,926,1540,VERY_LOW,FLAT,Dalens oil 250 ml,Weleda,Health & Beauty > Personal Care > Cosmetics > Skin Care,05703456000031,NOT_IN_INVENTORY
Health & Beauty,927,2003,VERY_LOW,FLAT,CND Vinylux Nail Polish Masquerade,CND,Health & Beauty > Personal Care > Cosmetics > Nail Care > Nail Polishes,00639370098937,IN_STOCK
Health & Beauty,931,373,VERY_LOW,SINKER,Nilens Jord Tinted Lip Balm,Nilens Jord,Health & Beauty > Personal Care > Cosmetics > Skin Care > Lip Balms & Treatments,"05709994023112,05709994022900,05709994022894",IN_STOCK
Health & Beauty,932,539,VERY_LOW,FLAT,Caudalie Vinoperfect Radiance Serum,Caudalie,Health & Beauty > Personal Care > Cosmetics > Skin Care > Lotion & Moisturizer,"03522930004325,03522930003243,03522930004493",IN_STOCK
Health & Beauty,934,626,VERY_LOW,FLAT,Kérastase Gloss Absolu Discovery Luxury Set,Kérastase,Health & Beauty > Personal Care > Hair Care > Hair Care Kits,03474637310721,NOT_IN_INVENTORY
Health & Beauty,938,686,VERY_LOW,FLAT,Babyliss Curling,BaByliss,Health & Beauty > Personal Care > Hair Care > Hair Styling Tools > Curling Irons,"03030050153651,03030050153644",IN_STOCK
Health & Beauty,941,733,VERY_LOW,FLAT,Grow Perfect shampoo Hair loss shampoo for thinning Hair,HairLust,Health & Beauty > Personal Care > Hair Care > Shampoo & Conditioner,05714628001053,IN_STOCK
Health & Beauty,946,457,VERY_LOW,SINKER,Ginzing Energy-Boosting Tinted Moisturizer SPF 40 Origins,Origins,Health & Beauty > Personal Care > Cosmetics > Makeup > Face Makeup,"00717334218383,00717334281295,00717334281301",IN_STOCK
Health & Beauty,947,1413,VERY_LOW,FLAT,Gosh Forever Mineral Stick Eyeshadow Matt,GOSH COPENHAGEN,Health & Beauty > Personal Care > Cosmetics > Makeup > Eye Makeup,"05711914206505,05711914206659,05711914206550",IN_STOCK
Health & Beauty,950,1240,VERY_LOW,FLAT,Lancome Hypnose Volume Mascara,Lancôme,Health & Beauty > Personal Care > Cosmetics > Makeup > Eye Makeup,"03614272161788,03614272161795,03614273437929",IN_STOCK
Health & Beauty,957,541,VERY_LOW,FLAT,Chanel Allure Homme Sport Eau de Toilette Spray,CHANEL,Health & Beauty > Personal Care > Cosmetics > Perfume & Cologne,"03145891236200,03145891236309,03145891236408",IN_STOCK
Health & Beauty,959,325,VERY_LOW,SINKER,Versace Eros by Versace Deodorant Spray 3.4 oz,Versace,Health & Beauty > Personal Care > Deodorant & Anti-Perspirant,08011003809240,IN_STOCK
Health & Beauty,960,449,VERY_LOW,SINKER,Olaplex Bond Maintenance Shampoo & Conditioner Kit,Olaplex,Health & Beauty > Personal Care > Hair Care > Shampoo & Conditioner,,NOT_IN_INVENTORY
Health & Beauty,961,2515,VERY_LOW,FLAT,Jean Paul Gaultier Le Male Eau de Toilette Spray,Jean Paul Gaultier,Health & Beauty > Personal Care > Cosmetics > Perfume & Cologne,"08435415012607,08435415012669,08435415012690",IN_STOCK
Health & Beauty,962,1719,VERY_LOW,FLAT,Glylaxin Glycerol Supp 2500 mg,Diverse,Health & Beauty > Health Care > Medicine & Drugs,08010161707061,NOT_IN_INVENTORY
Health & Beauty,970,644,VERY_LOW,FLAT,Olaplex No.3 Hair Perfector,Olaplex,Health & Beauty > Personal Care > Hair Care > Shampoo & Conditioner,"00896364002749,00850018802840,00896364002664",NOT_IN_INVENTORY
Health & Beauty,972,1069,VERY_LOW,FLAT,milk_shake Icy Blond Shampoo,milk_shake,Health & Beauty > Personal Care > Hair Care > Shampoo & Conditioner,"08032274147282,08032274195535,08032274147299",IN_STOCK
Health & Beauty,977,3257,VERY_LOW,FLAT,Braun Silk 9 epilator,Braun,Health & Beauty > Personal Care > Shaving & Grooming > Hair Removal > Epilators,07500435225243,NOT_IN_INVENTORY
Health & Beauty,979,1256,VERY_LOW,FLAT,NARS Soft Matte Complete Concealer,NARS,Health & Beauty > Personal Care > Cosmetics > Makeup > Face Makeup,"00607845022404,00607845012771,00607845022565",IN_STOCK
Health & Beauty,981,918,VERY_LOW,FLAT,MAC Macximal Sleek Satin Lipstick,M·A·C,Health & Beauty > Personal Care > Cosmetics > Makeup > Lip Makeup,"00773602741953,00773602663620,00773602663484",IN_STOCK
Health & Beauty,983,1235,VERY_LOW,FLAT,Philips Beard Trimmer 5000 Series BT5775/15 Beard styling with Hair collector,Philips,Health & Beauty > Personal Care > Shaving & Grooming,08720689034180,NOT_IN_INVENTORY
Health & Beauty,987,2318,VERY_LOW,FLAT,Redken All Soft Shampoo,Redken,Health & Beauty > Personal Care > Hair Care > Shampoo & Conditioner,"03474637286569,00884486452948",IN_STOCK
Health & Beauty,991,1288,VERY_LOW,FLAT,milk_shake Cold Brunette Shampoo,milk_shake,Health & Beauty > Personal Care > Hair Care > Shampoo & Conditioner,"08032274143833,08032274143857,08032274143840",IN_STOCK
Health & Beauty,994,674,VERY_LOW,FLAT,Moisturizing Shampoo Zenz Organic No. 01 Pure Shampoo,ZENZ Organic,Health & Beauty > Personal Care > Hair Care > Shampoo & Conditioner,"05715012000645,05715012000201,05715012001093",IN_STOCK
Health & Beauty,997,1203,VERY_LOW,FLAT,Clinique Smart Clinical Repair Wrinkle Correcting Cream,Clinique,Health & Beauty > Personal Care > Cosmetics > Skin Care > Lotion & Moisturizer,"00192333125120,00192333149744,00192333125144",IN_STOCK
Health & Beauty,998,609,VERY_LOW,FLAT,Eyezone Conditioner Serum 8 ml,Sanzi Beauty,Health & Beauty > Personal Care > Cosmetics > Makeup > Eye Makeup,05700002061638,IN_STOCK
Health & Beauty,1001,1424,VERY_LOW,FLAT,Mont Blanc Montblanc Explorer Eau de Parfum,Montblanc,Health & Beauty > Personal Care > Cosmetics > Perfume & Cologne,"03386460101042,03386460101059,03386460101035",IN_STOCK
Health & Beauty,1002,673,VERY_LOW,FLAT,Clinique Even Better Makeup,Clinique,Health & Beauty > Personal Care > Cosmetics > Makeup > Face Makeup,"00020714324643,00020714324629,00020714495428",IN_STOCK
Health & Beauty,1004,726,VERY_LOW,FLAT,Sanzi Beauty Eye Makeup Mascara Volume & Curl,Sanzi Beauty,Health & Beauty > Personal Care > Cosmetics > Makeup > Eye Makeup,"05700002183583,05745000386284",IN_STOCK
Health & Beauty,1006,1422,VERY_LOW,FLAT,Philips Hp 6341/00,Philips,Health & Beauty > Personal Care > Shaving & Grooming,08710103533825,NOT_IN_INVENTORY
Health & Beauty,1007,929,VERY_LOW,FLAT,Brush Babyliss AS126E 1000W,BaByliss,Health & Beauty > Personal Care > Hair Care > Hair Styling Tools > Hair Dryers,03030050153774,IN_STOCK
Health & Beauty,1008,700,VERY_LOW,FLAT,Yves Saint Laurent Black Opium Eau de Parfum Pink Glaze,Saint Laurent,Health & Beauty > Personal Care > Cosmetics > Perfume & Cologne,"03614274788815,03614274788891,03614274788822",IN_STOCK
Health & Beauty,1009,2067,VERY_LOW,FLAT,Stuhr Original Shampoo 1000 ml,Stelton,Health & Beauty > Personal Care > Hair Care > Shampoo & Conditioner,05710404811182,NOT_IN_INVENTORY
Health & Beauty,1015,757,VERY_LOW,FLAT,Nailberry Nail Polish oxygene,Nailberry,Health & Beauty > Personal Care > Cosmetics > Nail Care > Nail Polishes,"08715309908507,08715309908552,08715309908781",IN_STOCK
Health & Beauty,1019,1737,VERY_LOW,FLAT,Braun Silk-epil Epilator,Braun,Health & Beauty > Personal Care > Shaving & Grooming > Hair Removal > Epilators,"08700216963121,07500435224970,08700216962988",NOT_IN_INVENTORY
Health & Beauty,1021,996,VERY_LOW,FLAT,Gel Nail polish Beter IQ,Depend,Health & Beauty > Personal Care > Cosmetics > Nail Care > Nail Polishes,"00000073182139,00000073194521,00000073207191",IN_STOCK
Health & Beauty,1025,1157,VERY_LOW,FLAT,Panasonic 100052928 Hair Clipper,Panasonic,Health & Beauty > Personal Care > Shaving & Grooming,05025232951369,NOT_IN_INVENTORY
Health & Beauty,1028,1394,VERY_LOW,FLAT,Paco Rabanne 1 Million Deodorant Spray,Paco Rabanne,Health & Beauty > Personal Care > Deodorant & Anti-Perspirant,03349668530502,IN_STOCK
Health & Beauty,1029,1098,VERY_LOW,FLAT,"Babyliss Curling iron, 38mm, C453E",BaByliss,Health & Beauty > Personal Care > Hair Care > Hair Styling Tools > Curling Irons,03030050153668,NOT_IN_INVENTORY
Health & Beauty,1033,0,VERY_LOW,RELATIVE_DEMAND_CHANGE_TYPE_ENUM_UNSPECIFIED,Philips Series 5000 S5885/35 shaver,Philips,Health & Beauty > Personal Care > Shaving & Grooming,08720689008037,NOT_IN_INVENTORY
Health & Beauty,1036,2894,VERY_LOW,FLAT,Replacement Blades 2 pcs Philips OneBlade Intimate SkinProtect Blade QP229/52,Philips,Health & Beauty > Personal Care > Shaving & Grooming,08720689034692,NOT_IN_INVENTORY
Health & Beauty,1037,841,VERY_LOW,FLAT,Ecooking Facial Peeling Mask,Ecooking,Health & Beauty > Personal Care > Cosmetics > Skin Care > Skin Care Masks & Peels,05712350500110,NOT_IN_INVENTORY
Health & Beauty,1039,678,VERY_LOW,FLAT,The Ordinary 100% Plant-Derived Squalane,The Ordinary,Health & Beauty > Personal Care > Cosmetics > Skin Care > Lotion & Moisturizer,00769915195590,OUT_OF_STOCK
Health & Beauty,1042,862,VERY_LOW,FLAT,NYX Professional Makeup Lip IV Hydrating Gloss Stain,NYX Professional Makeup,Health & Beauty > Personal Care > Cosmetics > Makeup > Lip Makeup,"00800897267025,00800897267049,00800897267117",IN_STOCK
Health & Beauty,1048,932,VERY_LOW,FLAT,Armani I Will Eau de Parfum,Armani,Health & Beauty > Personal Care > Cosmetics > Perfume & Cologne,"03614274492170,03614274578690,03614274578683",IN_STOCK
Health & Beauty,1061,846,VERY_LOW,FLAT,Embryolisse Lait Creme Sensitive,Embryolisse,Health & Beauty > Personal Care > Cosmetics > Skin Care > Lotion & Moisturizer,"03350900001681,03350900003302",IN_STOCK
Health & Beauty,1065,1458,VERY_LOW,FLAT,Kerastase Blond Absolu Bain Shampoo,Kérastase,Health & Beauty > Personal Care > Hair Care > Shampoo & Conditioner,"03474636692170,03474636881260,03474636692224",OUT_OF_STOCK
Health & Beauty,1070,922,VERY_LOW,FLAT,L'Oreal Paris Magic Retouch Spray,L'Oréal Paris,Health & Beauty > Personal Care > Hair Care > Hair Color,"03600523192977,03600523192946,03600523337576",NOT_IN_INVENTORY
Health & Beauty,1071,604,VERY_LOW,FLAT,Idole Eau de Parfum Lancome,Lancôme,Health & Beauty > Personal Care > Cosmetics > Perfume & Cologne,"03614272629370,03614272639638,03614273069175",IN_STOCK
Health & Beauty,1073,1626,VERY_LOW,FLAT,Beurer EM 49 Electrostimulator,Beurer,Health & Beauty > Health Care > Occupational & Physical Therapy Equipment > Electrical Muscle Stimulators,04211125662059,IN_STOCK
Health & Beauty,1074,1225,VERY_LOW,FLAT,BaByliss Tight Curls Wand,BaByliss,Health & Beauty > Personal Care > Hair Care > Hair Styling Tools > Curling Irons,03030050153620,NOT_IN_INVENTORY
Health & Beauty,1076,1200,VERY_LOW,FLAT,CND RescueRXx Daily Keratin Treatment,CND,Health & Beauty > Personal Care > Cosmetics > Nail Care > Nail Polishes,"00639370907635,00639370907642",IN_STOCK
Health & Beauty,1077,508,VERY_LOW,SINKER,Maison Margiela Replica Jazz Club Eau de Toilette,Maison Margiela,Health & Beauty > Personal Care > Cosmetics > Perfume & Cologne,"03614273185868,03605521932105",IN_STOCK
Health & Beauty,1079,3008,VERY_LOW,FLAT,Merit The Minimalist Foundation and Concealer Perfecting Complexion Stick,Merit Beauty,Health & Beauty > Personal Care > Cosmetics > Makeup > Face Makeup,"00840163402910,00840163402927,00840163402873",IN_STOCK
Health & Beauty,1080,2342,VERY_LOW,FLAT,MAC Lip Pencil,M·A·C,Health & Beauty > Personal Care > Cosmetics > Makeup > Lip Makeup,00773602066407,NOT_IN_INVENTORY
Health & Beauty,1081,696,VERY_LOW,FLAT,Innersense I Create Curl Memory,Innersense Organic Beauty,Health & Beauty > Personal Care > Hair Care > Hair Styling Products,"00810121310892,00810121310878,00810121311752",IN_STOCK
Health & Beauty,1084,3425,VERY_LOW,FLAT,Medicube PDRN Pink Peptide Serum,Medicube,Health & Beauty > Personal Care > Cosmetics > Skin Care > Lotion & Moisturizer,08800256108053,NOT_IN_INVENTORY
Health & Beauty,1085,1189,VERY_LOW,FLAT,New Nordic Gastro Gel Food Supplement Natural Acid Relief 60 pills,New Nordic,Health & Beauty > Health Care > Fitness & Nutrition > Vitamins & Supplements,05021807453733,NOT_IN_INVENTORY
Health & Beauty,1086,1063,VERY_LOW,FLAT,Round Lab 1025 Dokdo Cleanser,Round Lab,Health & Beauty > Personal Care > Cosmetics > Skin Care > Facial Cleansers,08809738608364,OUT_OF_STOCK
Health & Beauty,1087,2635,VERY_LOW,FLAT,Gun-Britt Dry Texture Cream,GB by Gun-Britt,Health & Beauty > Personal Care > Hair Care > Hair Styling Products,05708176567505,NOT_IN_INVENTORY
Health & Beauty,1090,1598,VERY_LOW,FLAT,Salt & Stone Deodorant,Salt & Stone,Health & Beauty > Personal Care > Deodorant & Anti-Perspirant,"00711221984627,00711221983866,00711221983880",IN_STOCK
Health & Beauty,1096,575,VERY_LOW,FLAT,K18 Detox Shampoo Peptide Prep,K18,Health & Beauty > Personal Care > Hair Care > Shampoo & Conditioner,"00858511001166,00990022400233,00858511001197",IN_STOCK
Health & Beauty,1098,2555,VERY_LOW,FLAT,Fable & Mane HoliRoots Pre-Wash Hair Treatment Oil,Fable and Mane,Health & Beauty > Personal Care > Hair Care > Hair Styling Products,"00810036354004,00810036354134",IN_STOCK
Health & Beauty,1099,850,VERY_LOW,FLAT,Beauté Pacifique Beaute Pacifique Vitamin A Anti wrinkle Cream 50ml,Beauté Pacifique,Health & Beauty > Personal Care > Cosmetics > Skin Care > Lotion & Moisturizer,"05705676001010,05705676000037",IN_STOCK
Health & Beauty,1104,1534,VERY_LOW,FLAT,Anua PDRN Hyaluronic Acid 100 Moisturizing Cream 60ml,Anua,Health & Beauty > Personal Care > Cosmetics > Skin Care > Lotion & Moisturizer,08800307371252,NOT_IN_INVENTORY
Health & Beauty,1108,955,VERY_LOW,FLAT,Maybelline New York Lash Sensational Sky Tubes Mascara 7 ml,Maybelline,Health & Beauty > Personal Care > Cosmetics > Makeup > Eye Makeup,03600531721534,OUT_OF_STOCK
Health & Beauty,1110,2586,VERY_LOW,FLAT,Clinique Even Better Light Reflecting Primer,Clinique,Health & Beauty > Personal Care > Cosmetics > Makeup > Face Makeup,"00192333148341,00192333148365",IN_STOCK
Health & Beauty,1112,885,VERY_LOW,FLAT,NARS Radiant Creamy Concealer,NARS,Health & Beauty > Personal Care > Cosmetics > Makeup > Face Makeup,"00607845012320,00607845012344,00607845012313",IN_STOCK
Health & Beauty,1113,991,VERY_LOW,FLAT,Tangle Teezer Ultimate Detangler,Tangle Teezer,Health & Beauty > Personal Care > Hair Care > Hair Styling Tools > Combs & Brushes,"05060173376239,05060173376215,05060926684406",NOT_IN_INVENTORY
Health & Beauty,1115,1641,VERY_LOW,FLAT,Dyson Airwrap Co-anda2x Multi-Styler and Dryer,Dyson,Health & Beauty > Personal Care > Hair Care > Hair Styling Tools > Hair Dryers,"05025155112656,05025155112816,05025155127179",IN_STOCK
Health & Beauty,1116,1618,VERY_LOW,FLAT,Giorgio Armani Armani Code Eau de Toilette Men,Armani,Health & Beauty > Personal Care > Cosmetics > Perfume & Cologne,"03614273636568,03614274298017,03614273636513",IN_STOCK
Health & Beauty,1120,630,VERY_LOW,FLAT,L Professionnel Metal Detox Mask,L'Oréal Paris,Health & Beauty > Personal Care > Hair Care > Shampoo & Conditioner,00000030160606,NOT_IN_INVENTORY
Health & Beauty,1122,1893,VERY_LOW,FLAT,Ecooking Day Cream Fragrance Free 50ml,Ecooking,Health & Beauty > Personal Care > Cosmetics > Skin Care > Lotion & Moisturizer,"05712350540635,05712350500639",IN_STOCK
Health & Beauty,1123,0,VERY_LOW,RELATIVE_DEMAND_CHANGE_TYPE_ENUM_UNSPECIFIED,Beurer tl 30 Daylight Lamp,Beurer,Health & Beauty > Health Care > Light Therapy Lamps,04211125608057,NOT_IN_INVENTORY
Health & Beauty,1124,419,VERY_LOW,SINKER,Herome Extra Strong Nail Hardener 10ml,Herôme,Health & Beauty > Personal Care > Cosmetics > Nail Care > Nail Polishes,08711661004277,IN_STOCK
Health & Beauty,1130,1837,VERY_LOW,FLAT,Azzaro The Most Wanted Parfum,Azzaro,Health & Beauty > Personal Care > Cosmetics > Perfume & Cologne,03614273638869,NOT_IN_INVENTORY
Health & Beauty,1131,2247,VERY_LOW,FLAT,Kérastase Magic Night Spring Coffret,Kérastase,Health & Beauty > Personal Care > Hair Care > Hair Care Kits,03474637353780,NOT_IN_INVENTORY
Health & Beauty,1132,965,VERY_LOW,FLAT,Maybelline Fit Me Matte + Poreless Powder,Maybelline,Health & Beauty > Personal Care > Cosmetics > Makeup > Face Makeup,"03600531384159,03600531384005,03600531384197",IN_STOCK
Health & Beauty,1134,321,VERY_LOW,SINKER,Erborian CC Cream,Erborian,Health & Beauty > Personal Care > Cosmetics > Makeup > Face Makeup,"08809255786521,08809255786514,08809255787948",IN_STOCK
Health & Beauty,1136,1039,VERY_LOW,FLAT,Chanel Coco Mademoiselle Eau de Parfum Intense,CHANEL,Health & Beauty > Personal Care > Cosmetics > Perfume & Cologne,"03145891166309,03145891166507,03145891166606",IN_STOCK
Health & Beauty,1137,2134,VERY_LOW,FLAT,Beurer BM 27 Upper Arm Blood Pressure Monitor,Beurer,Health & Beauty > Health Care > Biometric Monitors > Blood Pressure Monitors,04211125658182,IN_STOCK
Health & Beauty,1139,906,VERY_LOW,FLAT,Giorgio Armani Acqua Di Gio Profondo Eau de Parfum,Armani,Health & Beauty > Personal Care > Cosmetics > Perfume & Cologne,"03614273953863,03614273953856,03614273953764",IN_STOCK
Health & Beauty,1141,2454,VERY_LOW,FLAT,Merit Flush Balm Cream Blush,Merit Beauty,Health & Beauty > Personal Care > Cosmetics > Makeup > Face Makeup,"00840163402675,00840163402682,00840163402774",IN_STOCK
Health & Beauty,1142,1007,VERY_LOW,FLAT,Concealer Fit Me Maybelline,Maybelline,Health & Beauty > Personal Care > Cosmetics > Makeup > Face Makeup,"00000030096585,00000030096592,00000030096639",IN_STOCK
Health & Beauty,1143,1672,VERY_LOW,FLAT,Day Face Cream Ecooking Day Cream Fragrance Free SPF 20,Ecooking,Health & Beauty > Personal Care > Cosmetics > Skin Care > Lotion & Moisturizer,05712350500806,OUT_OF_STOCK
Health & Beauty,1147,1160,VERY_LOW,FLAT,MAC Glow Play Cushiony Blush,M·A·C,Health & Beauty > Personal Care > Cosmetics > Makeup > Face Makeup,"00773602686322,00773602691647,00773602686278",IN_STOCK
Health & Beauty,1149,764,VERY_LOW,FLAT,Ecooking Peptide Volume Mascara,Ecooking,Health & Beauty > Personal Care > Cosmetics > Makeup > Eye Makeup,"05712350505306,05712350505313",IN_STOCK
Health & Beauty,1151,935,VERY_LOW,FLAT,Chanel Le Vernis Nail,CHANEL,Health & Beauty > Personal Care > Cosmetics > Nail Care > Nail Polishes,"03145891791556,03145891791051,03145891794298",IN_STOCK
Health & Beauty,1152,861,VERY_LOW,FLAT,Dior Forever Skin Correct Concealer,Dior,Health & Beauty > Personal Care > Cosmetics > Makeup > Face Makeup,"03348901637527,03348901637497,03348901637664",IN_STOCK
Health & Beauty,1161,1650,VERY_LOW,FLAT,Braun Series 5 Electric Shaver 52-B7000cc,Braun,Health & Beauty > Personal Care > Shaving & Grooming,"04987176183422,08006530471572",NOT_IN_INVENTORY
Health & Beauty,1164,1320,VERY_LOW,FLAT,Hourglass Vanish Airbrush Concealer,Hourglass,Health & Beauty > Personal Care > Cosmetics > Makeup > Face Makeup,"00877231009580,00810063696719,00850014440060",IN_STOCK
Health & Beauty,1165,2985,VERY_LOW,FLAT,COSRX The Peptide Collagen Hydrogel Eye Patch,COSRX,Health & Beauty > Personal Care > Cosmetics > Skin Care > Skin Care Masks & Peels,08809598456983,NOT_IN_INVENTORY
Health & Beauty,1167,1455,VERY_LOW,FLAT,Olaplex No.4C Bond Maintenance Clarifying Shampoo,Olaplex,Health & Beauty > Personal Care > Hair Care > Shampoo & Conditioner,"00850018802581,00850018802710,00850018802765",OUT_OF_STOCK
Health & Beauty,1170,498,VERY_LOW,SINKER,Beauty of Joseon Glow Replenishing Rice Milk,Beauty of Joseon,Health & Beauty > Personal Care > Cosmetics > Skin Care > Toners & Astringents,08809968130239,IN_STOCK
Health & Beauty,1171,1560,VERY_LOW,FLAT,Fenty Beauty Gloss Bomb Stix High-Shine Gloss Stick,Fenty Beauty,Health & Beauty > Personal Care > Cosmetics > Makeup > Lip Makeup,"00840026678377,00840026683920,00840026668026",IN_STOCK
Health & Beauty,1175,3225,VERY_LOW,FLAT,Braun Silk-epil 3d Epilator,Braun,Health & Beauty > Personal Care > Shaving & Grooming > Hair Removal > Epilators,"08700216963206,07500435225328",NOT_IN_INVENTORY
Health & Beauty,1176,1362,VERY_LOW,FLAT,Burberry Goddess Eau de Parfum,Burberry,Health & Beauty > Personal Care > Cosmetics > Perfume & Cologne,03616302020645,IN_STOCK
Health & Beauty,1177,3081,VERY_LOW,FLAT,Philips Series 3000 S3243/12 Shaver,Philips,Health & Beauty > Personal Care > Shaving & Grooming,08720689018593,NOT_IN_INVENTORY
Health & Beauty,1178,679,VERY_LOW,FLAT,Anua PDRN Hyaluronic Acid 100 Moisturizing Cream,Anua,Health & Beauty > Personal Care > Cosmetics > Skin Care > Lotion & Moisturizer,08809640738135,NOT_IN_INVENTORY
Health & Beauty,1179,1204,VERY_LOW,FLAT,NYX Professional Makeup Buttermelt Bronzer,NYX Professional Makeup,Health & Beauty > Personal Care > Cosmetics > Makeup > Face Makeup,"00800897254698,00800897254735,00800897254704",IN_STOCK
Health & Beauty,1184,479,VERY_LOW,SINKER,Aroma Therapy Deluxe Soap,Tromborg,Health & Beauty > Personal Care > Cosmetics > Bath & Body > Liquid Hand Soap,"05704904782134,05704904782110,05704904782127",IN_STOCK
Health & Beauty,1185,2582,VERY_LOW,FLAT,The Ordinary Multi-Peptide + Copper Peptides 1% Serum,The Ordinary,Health & Beauty > Personal Care > Cosmetics > Skin Care > Lotion & Moisturizer,00769915233179,OUT_OF_STOCK
Health & Beauty,1187,1726,VERY_LOW,FLAT,Olaplex No.4P Blonde Enhancer Toning Shampoo,Olaplex,Health & Beauty > Personal Care > Hair Care > Shampoo & Conditioner,"00850018802772,00850045076061,00850018802239",IN_STOCK
Health & Beauty,1188,1298,VERY_LOW,FLAT,DERMALOGICA SKIN SMOOTHING CREAM,dermalogica,Health & Beauty > Personal Care > Cosmetics > Skin Care > Lotion & Moisturizer,"00666151032149,00666151032132,00666151032156",IN_STOCK
Health & Beauty,1189,1118,VERY_LOW,FLAT,COSRX The 6 Peptide Skin Booster Serum,COSRX,Health & Beauty > Personal Care > Cosmetics > Skin Care > Lotion & Moisturizer,"08809598455658,08809598455900",OUT_OF_STOCK
Health & Beauty,1190,3539,VERY_LOW,FLAT,Medicube Zero Pore Pad 2.0,Medicube,Health & Beauty > Personal Care > Cosmetics > Skin Care > Toners & Astringents,08800256108374,NOT_IN_INVENTORY
Health & Beauty,1191,1124,VERY_LOW,FLAT,Braun Series 9 Beard Trimmer Bt9560,Braun,Health & Beauty > Personal Care > Shaving & Grooming,07500435244855,NOT_IN_INVENTORY
Health & Beauty,1192,3043,VERY_LOW,FLAT,L'Oréal Paris Infaillible make-up fixing Spray 75 ml,L'Oréal Paris,Health & Beauty > Personal Care > Cosmetics > Makeup > Makeup Finishing Sprays,03600524134761,NOT_IN_INVENTORY
Health & Beauty,1193,892,VERY_LOW,FLAT,Beauty of Joseon Revive Under Eye Patch,Beauty of Joseon,Health & Beauty > Personal Care > Cosmetics > Skin Care > Skin Care Masks & Peels,"08809968132516,08809968132523,08809968133551",NOT_IN_INVENTORY
Health & Beauty,1195,547,VERY_LOW,FLAT,Gaultier Fragrances Le Male Eau de Toilette 40ml Spray,Jean Paul Gaultier,Health & Beauty > Personal Care > Cosmetics > Perfume & Cologne,"08435415111973,08435415012607",IN_STOCK
Health & Beauty,1196,863,VERY_LOW,FLAT,Rudolph Care The Classic Hint of Summer Autobronzant Éclat 50 ml,Rudolph Care,Health & Beauty > Personal Care > Cosmetics > Skin Care > Tanning Products,05710111002927,IN_STOCK
Health & Beauty,1197,1633,VERY_LOW,FLAT,Redken Amino Mint Shampoo,Redken,Health & Beauty > Personal Care > Hair Care > Shampoo & Conditioner,"03474637068370,03474637068363",OUT_OF_STOCK
Health & Beauty,1198,2508,VERY_LOW,FLAT,Clinique Happy Parfum Spray,Clinique,Health & Beauty > Personal Care > Cosmetics > Perfume & Cologne,"00020714997298,00020714052959,00020714156893",IN_STOCK
Health & Beauty,1200,383,VERY_LOW,SINKER,Kiehl's Creamy Eye Treatment with Avocado,Kiehl's,Health & Beauty > Personal Care > Cosmetics > Skin Care > Lotion & Moisturizer,"03700194714413,03605970236915",IN_STOCK
Health & Beauty,1202,763,VERY_LOW,FLAT,Beauty of Joseon Glow Serum,Beauty of Joseon,Health & Beauty > Personal Care > Cosmetics > Skin Care > Lotion & Moisturizer,"08809657114960,08809968130895",OUT_OF_STOCK
Health & Beauty,1203,1630,VERY_LOW,FLAT,Babyliss Easy Waves w2447e,BaByliss,Health & Beauty > Personal Care > Hair Care > Hair Styling Tools > Curling Irons,03030050154924,IN_STOCK
Health & Beauty,1205,1711,VERY_LOW,FLAT,Maybelline SuperStay Matte Ink Liquid Lipstick,Maybelline,Health & Beauty > Personal Care > Cosmetics > Makeup > Lip Makeup,"03600531411114,03600531605681,03600531605674",NOT_IN_INVENTORY
Health & Beauty,1206,1175,VERY_LOW,FLAT,L'Oréal Paris Faux Brow Eyebrow Pen,L'Oréal Paris,Health & Beauty > Personal Care > Cosmetics > Makeup > Eye Makeup,"03600524202361,03600524202385,03600524202323",IN_STOCK
Health & Beauty,1207,1690,VERY_LOW,FLAT,Knee strap Select,SELECT,Health & Beauty > Health Care > Supports & Braces,05703543703579,IN_STOCK
Health & Beauty,1209,415,VERY_LOW,SINKER,MANUCURIST Green Nail Polish,Manucurist Paris,Health & Beauty > Personal Care > Cosmetics > Nail Care > Nail Polishes,"03662263330064,03662263330545,03662263330484",IN_STOCK
Health & Beauty,1212,797,VERY_LOW,FLAT,Kérastase Gloss Absolu Frizz-Glaze Cream,Kérastase,Health & Beauty > Personal Care > Hair Care > Hair Styling Products,"03474637329877,03474637329860",IN_STOCK
Health & Beauty,1214,1530,VERY_LOW,FLAT,Philips Sonicare DiamondClean 9000,Philips,Health & Beauty > Personal Care > Oral Care > Toothbrushes,"08720689001007,08720689000963",NOT_IN_INVENTORY
Health & Beauty,1216,3513,VERY_LOW,FLAT,Leg strap Select x-fitness dual layer,SELECT,Health & Beauty > Health Care > Supports & Braces,05703543703227,IN_STOCK
Health & Beauty,1217,1667,VERY_LOW,FLAT,Yves Saint Laurent Lash Clash Extreme Volume Mascara,Saint Laurent,Health & Beauty > Personal Care > Cosmetics > Makeup > Eye Makeup,"03614273601092,03614274375596,03614274375602",IN_STOCK
Health & Beauty,1221,876,VERY_LOW,FLAT,Dior Backstage Glow Maximizer Palette,Dior,Health & Beauty > Personal Care > Cosmetics > Makeup > Face Makeup,"03348901770552,03348901770576,03348901770590",NOT_IN_INVENTORY
Health & Beauty,1222,1755,VERY_LOW,FLAT,Huda Beauty Lip Contour Stain,HUDA BEAUTY,Health & Beauty > Personal Care > Cosmetics > Makeup > Lip Makeup,"06294018406938,06294018409656,06294018409663",IN_STOCK
Health & Beauty,1223,1532,VERY_LOW,FLAT,NYX Professional Makeup Ultimate Shadow Palette,NYX Professional Makeup,Health & Beauty > Personal Care > Cosmetics > Makeup > Eye Makeup,"00800897246501,00800897246464,00800897246488",OUT_OF_STOCK
Health & Beauty,1227,1741,VERY_LOW,FLAT,Nail Lacquer OPI,OPI,Health & Beauty > Personal Care > Cosmetics > Nail Care > Nail Polishes,"00094100005904,00094100000589,04064665021066",NOT_IN_INVENTORY
Health & Beauty,1228,413,VERY_LOW,SINKER,The Ordinary Natural Moisturizing Factors + Inulin Body Lotion,The Ordinary,Health & Beauty > Personal Care > Cosmetics > Skin Care > Lotion & Moisturizer,00769915233919,IN_STOCK
Health & Beauty,1231,1686,VERY_LOW,FLAT,Viktor Rolf Spicebomb Extreme Eau de Parfum,Viktor&Rolf,Health & Beauty > Personal Care > Cosmetics > Perfume & Cologne,"03614270659652,03614270659706",IN_STOCK
Health & Beauty,1232,1360,VERY_LOW,FLAT,Kérastase Chronologiste Overnight Youth Serum,Kérastase,Health & Beauty > Personal Care > Hair Care > Hair Styling Products,"03474637332372,03474637288686",IN_STOCK
Health & Beauty,1234,1229,VERY_LOW,FLAT,Azzaro The Most Wanted Eau de Parfum Intense,Azzaro,Health & Beauty > Personal Care > Cosmetics > Perfume & Cologne,"03614273521345,03614274492880,03614273635417",IN_STOCK
Health & Beauty,1235,1735,VERY_LOW,FLAT,Caudalie Self-Tan Sun Drops,Caudalie,Health & Beauty > Personal Care > Cosmetics > Skin Care > Tanning Products,03522930004042,IN_STOCK
Health & Beauty,1237,0,VERY_LOW,RELATIVE_DEMAND_CHANGE_TYPE_ENUM_UNSPECIFIED,Max Factor 2000 Calorie Long Lash Era Mascara Black,Max Factor,Health & Beauty > Personal Care > Cosmetics > Makeup > Eye Makeup,"03616307177689,03616307177696",OUT_OF_STOCK
Health & Beauty,1239,1087,VERY_LOW,FLAT,Giorgio Armani My Way Eau de Parfum,Armani,Health & Beauty > Personal Care > Cosmetics > Perfume & Cologne,"03614272907652,03614272952058",IN_STOCK
Health & Beauty,1252,2609,VERY_LOW,FLAT,GHD Platinum+ Styler,ghd,Health & Beauty > Personal Care > Hair Care > Hair Styling Tools > Hair Straighteners,"05060777128265,05060777128364,05060703494778",IN_STOCK
Health & Beauty,1253,2043,VERY_LOW,FLAT,Beurer Blood Pressure Monitor Wrist BC 27,Beurer,Health & Beauty > Health Care > Biometric Monitors > Blood Pressure Monitors,04211125659042,NOT_IN_INVENTORY
Health & Beauty,1255,1335,VERY_LOW,FLAT,Braun 96M Series 9 Pro+ Electric Shaver Replacement Head,Braun,Health & Beauty > Personal Care > Shaving & Grooming,08700216555562,NOT_IN_INVENTORY
Health & Beauty,1257,1349,VERY_LOW,FLAT,Kerastase Curl Manifesto Bain Douceur Shampoo,Kérastase,Health & Beauty > Personal Care > Hair Care > Shampoo & Conditioner,"03474636968688,03474636968732",IN_STOCK
Health & Beauty,1258,1999,VERY_LOW,FLAT,Philips NT5650/16 Series 5000 Nose & Ear Trimmer,Philips,Health & Beauty > Personal Care > Shaving & Grooming,08710103923961,NOT_IN_INVENTORY
Health & Beauty,1262,1126,VERY_LOW,FLAT,GOSH COPENHAGEN Gosh Brow Lift Lamination Gel,GOSH COPENHAGEN,Health & Beauty > Personal Care > Cosmetics > Makeup > Eye Makeup,"05711914175313,05711914184186,05711914184261",IN_STOCK
Health & Beauty,1263,394,VERY_LOW,SINKER,Zarkoperfume Molecule 234.38 Eau de Parfum Spray,ZARKOPERFUME,Health & Beauty > Personal Care > Cosmetics > Perfume & Cologne,"05712598000045,05712598001158,05712590000982",IN_STOCK
Health & Beauty,1267,1094,VERY_LOW,FLAT,Origins Ginzing Ultra-Hydrating Energy-Boosting Cream,Origins,Health & Beauty > Personal Care > Cosmetics > Skin Care > Lotion & Moisturizer,"00717334261259,00717334261303",IN_STOCK
Health & Beauty,1271,1005,VERY_LOW,FLAT,Beurer Daylight Lamp,Beurer,Health & Beauty > Health Care > Light Therapy Lamps,06970229251702,IN_STOCK
Health & Beauty,1272,582,VERY_LOW,FLAT,Medicube Hypochlorous Acid Daily Facial Spray,Medicube,Health & Beauty > Personal Care > Cosmetics > Skin Care > Lotion & Moisturizer,08800289479502,NOT_IN_INVENTORY
Health & Beauty,1273,759,VERY_LOW,FLAT,Anua Heartleaf Pore Control Cleansing Oil,Anua,Health & Beauty > Personal Care > Cosmetics > Skin Care > Facial Cleansers,08809640735790,IN_STOCK
Health & Beauty,1276,1046,VERY_LOW,FLAT,MOROCCANOIL ALL IN ONE LEAVE-IN CONDITIONER,Moroccanoil,Health & Beauty > Personal Care > Hair Care > Shampoo & Conditioner,"07290113142947,07290113142954",IN_STOCK
Health & Beauty,1279,0,VERY_LOW,RELATIVE_DEMAND_CHANGE_TYPE_ENUM_UNSPECIFIED,Wahl Homepro,Wahl,Health & Beauty > Personal Care > Shaving & Grooming,00043917000343,NOT_IN_INVENTORY
Health & Beauty,1280,974,VERY_LOW,FLAT,Maria Nila Gloss Coat,Maria Nila,Health & Beauty > Personal Care > Hair Care > Hair Styling Products,07391681407312,IN_STOCK
Health & Beauty,1281,1102,VERY_LOW,FLAT,Bondi Sands Self Tanning Foam,Bondi Sands,Health & Beauty > Personal Care > Cosmetics > Skin Care > Tanning Products,"00850278004046,00810020172836,00850278004053",IN_STOCK
Health & Beauty,1284,2195,VERY_LOW,FLAT,Braun Silk-Epil 5160 Epilator Lady Shaver Ls,Braun,Health & Beauty > Personal Care > Shaving & Grooming,04210201192619,NOT_IN_INVENTORY
Health & Beauty,1285,865,VERY_LOW,FLAT,Biotherm Oil Therapy Body Lotion 400ml,Biotherm,Health & Beauty > Personal Care > Cosmetics > Skin Care > Lotion & Moisturizer,03614274042870,IN_STOCK
Health & Beauty,1287,1278,VERY_LOW,FLAT,Christian Dior J'adore for Women Eau de Parfum Spray,Dior,Health & Beauty > Personal Care > Cosmetics > Perfume & Cologne,"03348901738200,03348901738217,03348901738224",IN_STOCK
Health & Beauty,1289,2805,VERY_LOW,FLAT,Mascara Lash Sensational Maybelline Sky High Waterproof,Maybelline,Health & Beauty > Personal Care > Cosmetics > Makeup > Eye Makeup,00000030167223,IN_STOCK
Health & Beauty,1292,1060,VERY_LOW,FLAT,Kerastase Specifique Bain Vital Dermo-Calm Shampoo,Kérastase,Health & Beauty > Personal Care > Hair Care > Shampoo & Conditioner,"03474636397389,03474630538115",IN_STOCK
Health & Beauty,1293,1231,VERY_LOW,FLAT,Biotherm Homme Aquapower Advanced Gel,Biotherm,Health & Beauty > Personal Care > Cosmetics > Skin Care > Lotion & Moisturizer,"03614274173000,03614274198980,03614274749915",OUT_OF_STOCK
Health & Beauty,1295,442,VERY_LOW,SINKER,BARK DNA Hero Lip Cream,BARK™DNA,Health & Beauty > Personal Care > Cosmetics > Skin Care > Lip Balms & Treatments,05744005950162,IN_STOCK
Health & Beauty,1307,1391,VERY_LOW,FLAT,Sol de Janeiro Cheirosa 68 Perfume Mist,Sol de Janeiro,Health & Beauty > Personal Care > Cosmetics > Perfume & Cologne,"00810912032255,00810912032248",IN_STOCK
Health & Beauty,1312,914,VERY_LOW,FLAT,Kerastase Genesis Fondant Renforcateur Conditioner,Kérastase,Health & Beauty > Personal Care > Hair Care > Shampoo & Conditioner,"03474637319687,03474636857883,03474636857906",NOT_IN_INVENTORY
Health & Beauty,1317,1766,VERY_LOW,FLAT,M2 Beauté Eyelash Activating Serum 4ml,M2 Beauté,Health & Beauty > Personal Care > Cosmetics > Makeup > Eye Makeup,04260180218916,OUT_OF_STOCK
Health & Beauty,1318,1881,VERY_LOW,FLAT,Valentino Born In Roma Donna Extradose Parfum,Valentino,Health & Beauty > Personal Care > Cosmetics > Perfume & Cologne,"03614274351019,03614274351064,03614274350753",IN_STOCK
Health & Beauty,1324,4119,VERY_LOW,FLAT,Charlotte Tilbury Airbrush Flawless Blush Blur,Charlotte Tilbury,Health & Beauty > Personal Care > Cosmetics > Makeup > Face Makeup,"05056446660396,05056446660334,05056446660389",IN_STOCK
Health & Beauty,1325,1622,VERY_LOW,FLAT,L'Oréal Paris Panorama Volume Million Lashes Mascara,L'Oréal Paris,Health & Beauty > Personal Care > Cosmetics > Makeup > Eye Makeup,,IN_STOCK
Health & Beauty,1333,2076,VERY_LOW,FLAT,Georg Jensen Heart Box,Georg Jensen,Health & Beauty > Jewelry Cleaning & Care > Jewelry Holders,"05713275233404,05713275233411",NOT_IN_INVENTORY
Home & Garden,5,6,VERY_HIGH,RISER,Ninja Es501eu Luxe Essential Espresso Coffee Maker,Ninja,Home & Garden > Kitchen & Dining > Kitchen Appliances > Coffee Makers & Espresso Machines > Espresso Machines,00622356301824,IN_STOCK
Home & Garden,6,13,VERY_HIGH,RISER,Ninja CREAMi Deluxe Ice Cream machine nc502eu,Ninja,Home & Garden > Kitchen & Dining > Kitchen Appliances > Ice Cream Makers,00622356350907,IN_STOCK
Home & Garden,8,17,VERY_HIGH,RISER,Stanley Stanley Quencher Tumbler,Stanley,Home & Garden > Kitchen & Dining > Food & Beverage Carriers,"01200185003660,01210001998780,01200185007026",IN_STOCK
Home & Garden,9,23,VERY_HIGH,RISER,&Tradition Flowerpot Table Lamp Portable VP9,Tradition,Home & Garden > Lighting > Lamps,"05705385036778,05705385036532,05705385036631",IN_STOCK
Home & Garden,11,16,HIGH,FLAT,Køb Kenwood mikroovn k20mb21e på tilbud,Kenwood,Home & Garden > Kitchen & Dining > Kitchen Appliances > Microwave Ovens,05017416799157,NOT_IN_INVENTORY
Home & Garden,14,20,HIGH,FLAT,HAY Colour Crate,HAY,Home & Garden > Household Supplies > Storage & Organization > Household Storage Containers,"05710441361961,05710441361893,05710441301349",IN_STOCK
Home & Garden,16,25,HIGH,FLAT,Sage The Barista Express Impress,Sage Appliances,Home & Garden > Kitchen & Dining > Kitchen Appliances > Coffee Makers & Espresso Machines > Espresso Machines,"09355973097917,09355973099560,09355973098006",IN_STOCK
Home & Garden,19,40,HIGH,FLAT,Nordlux Villo 60 Shade,Nordlux,Home & Garden > Lighting Accessories > Lamp Shades,"05704924011917,05704924016349,05704924016332",NOT_IN_INVENTORY
Home & Garden,28,53,HIGH,RISER,De'Longhi DeLonghi EcoDecalk Descaler,De'Longhi,Home & Garden > Household Supplies > Household Cleaning Supplies > Household Cleaning Products > Descalers & Decalcifiers,"08004399329492,08004399335240",IN_STOCK
Home & Garden,29,42,HIGH,FLAT,Georg Jensen Damask Supima Percale Pillowcase,Georg Jensen,Home & Garden > Linens & Bedding > Bedding > Pillowcases & Shams,"05708150200985,05708150200848,05708150200947",NOT_IN_INVENTORY
Home & Garden,30,122,HIGH,RISER,Georg Jensen Damask Platinum Grey Damask Terry Bath Towel,Georg Jensen,Home & Garden > Linens & Bedding > Towels > Bath Towels & Washcloths,"05708150194772,05708150221850,05708150200565",NOT_IN_INVENTORY
Home & Garden,32,33,HIGH,FLAT,Stanley Transit FlipTop Mug,Stanley,Home & Garden > Kitchen & Dining > Food & Beverage Carriers,"01210001906730,01200185029776,01210001906709",IN_STOCK
Home & Garden,34,115,HIGH,RISER,Lakrids by Bülow Liquorice Advent Calendar 2026,Lakrids by Bülow,Home & Garden > Decor > Seasonal & Holiday Decorations > Advent Calendars,05710858014764,IN_STOCK
Home & Garden,37,30,HIGH,FLAT,Södahl Comfort Shower curtain,Södahl,Home & Garden > Bathroom Accessories > Shower Curtains,"05722000358336,05722000358312,05722000358398",IN_STOCK
Home & Garden,46,22,HIGH,FLAT,Ninja hot Air boiler af200eu,Ninja,Home & Garden > Kitchen & Dining > Kitchen Appliances > Deep Fryers,00622356320450,NOT_IN_INVENTORY
Home & Garden,54,88,HIGH,RISER,Rosti Margrethe Mixing Bowl,Rosti Mepal,Home & Garden > Kitchen & Dining > Kitchen Tools & Utensils > Mixing Bowls,"05722000298502,05722000297994,05722000298021",IN_STOCK
Home & Garden,56,73,HIGH,RISER,Delonghi Coffee Maker edg226.a,De'Longhi,Home & Garden > Kitchen & Dining > Kitchen Appliances > Coffee Makers & Espresso Machines > Espresso Machines,"08004399026667,08004399026650",NOT_IN_INVENTORY
Home & Garden,64,45,HIGH,RISER,Aya & Ida Cup2go,AYA,Home & Garden > Kitchen & Dining > Food & Beverage Carriers,"05745000731329,05745000059959,05745000059829",IN_STOCK
Home & Garden,66,743,HIGH,RISER,Eva Solo Slip-let Frying Pan,Eva Solo,Home & Garden > Kitchen & Dining > Cookware & Bakeware > Cookware > Skillets & Frying Pans,"05706631257862,05706631282192,05706631257879",IN_STOCK
Home & Garden,72,5736,HIGH,RISER,de Longhi ECAM 21.117 B,De'Longhi,Home & Garden > Kitchen & Dining > Kitchen Appliances > Coffee Makers & Espresso Machines > Espresso Machines,08004399326163,NOT_IN_INVENTORY
Home & Garden,75,150,HIGH,RISER,Stanley IceFlow Flip Straw Tumbler,Stanley,Home & Garden > Kitchen & Dining > Food & Beverage Carriers,"01210001997585,01210001902763,01210001997592",NOT_IN_INVENTORY
Home & Garden,78,1000,HIGH,RISER,Stanley AeroLight Transit Mug,Stanley,Home & Garden > Kitchen & Dining > Food & Beverage Carriers,01210001951211,NOT_IN_INVENTORY
Home & Garden,85,458,HIGH,RISER,Lakrids by Bülow 2026,Lakrids by Bülow,Home & Garden > Decor > Seasonal & Holiday Decorations > Advent Calendars,05710858014788,IN_STOCK
Home & Garden,89,162,HIGH,RISER,Eva Solo Eva Trio Legio Nova Plate,Eva Solo,Home & Garden > Kitchen & Dining > Tableware > Dinnerware > Plates,05706631068284,IN_STOCK
Home & Garden,91,1745,HIGH,RISER,Hot Wheels 2026 Advent Calendar,Hot Wheels,Home & Garden > Decor > Seasonal & Holiday Decorations > Advent Calendars,00194735363384,IN_STOCK
Home & Garden,94,282,HIGH,RISER,Philips GU10 355 lm,Philips,Home & Garden > Lighting > Light Bulbs,"08721103052384,08721103052360",NOT_IN_INVENTORY
Home & Garden,96,68,HIGH,RISER,Georg Jensen Damask Terry towel,Georg Jensen,Home & Garden > Linens & Bedding > Towels > Bath Towels & Washcloths,"05708150199043,05708150194642,05708150200558",NOT_IN_INVENTORY
Home & Garden,97,125,HIGH,RISER,LEGO 60510 Advent Calendar 2026 City,LEGO,Home & Garden > Decor > Seasonal & Holiday Decorations > Advent Calendars,05702018056783,NOT_IN_INVENTORY
Home & Garden,111,198,HIGH,RISER,Endeavour Board,Endeavour,Home & Garden > Kitchen & Dining > Kitchen Tools & Utensils > Cutting Boards,"05712597004327,05712597004563",IN_STOCK
Home & Garden,119,19,HIGH,FLAT,Dyson V10 Submarine 2-in-1 stick Vacuum Battery Dry&wet Bagless 0.76 L Copper,Dyson,Home & Garden > Household Appliances > Vacuums,05025155134016,IN_STOCK
Home & Garden,125,126,HIGH,RISER,Juna Bæk&blge Bed Bedding Set,Juna,Home & Garden > Linens & Bedding > Bedding > Duvet Covers,"05713397360446,05713397364888,05713397370926",IN_STOCK
Home & Garden,128,27,HIGH,FLAT,Ayaida Aya&Ida Drinking Bottle 500ml,AYA,Home & Garden > Kitchen & Dining > Food & Beverage Carriers,"05745000731282,05745000059164,05745000059157",IN_STOCK
Home & Garden,132,6753,HIGH,RISER,Dyson V8 Cyclone 2-in-1 stick Vacuum Battery Dry Bagless 0.54 L,Dyson,Home & Garden > Household Appliances > Vacuums,05025155136195,IN_STOCK
Home & Garden,134,91,HIGH,RISER,Royal Copenhagen Alphabet Mug,Royal Copenhagen,Home & Garden > Kitchen & Dining > Tableware > Drinkware > Mugs,"05705140721789,05705140730057,05705140721840",IN_STOCK
Home & Garden,136,252,HIGH,RISER,Nalgene Sustain Wide Mouth Bottle,Nalgene,Home & Garden > Kitchen & Dining > Food & Beverage Carriers > Water Bottles,"00661195217323,00661195005265,00661195005272",IN_STOCK
Home & Garden,137,102,HIGH,RISER,Hay Glasses,HAY,Home & Garden > Kitchen & Dining > Tableware > Drinkware > Tumblers,"05710441411215,05710441411208,05710441411222",IN_STOCK
Home & Garden,140,511,HIGH,RISER,Eva Solo Honeycomb frying Pan,Eva Solo,Home & Garden > Kitchen & Dining > Cookware & Bakeware > Cookware > Skillets & Frying Pans,"05706631257961,05706631258227,05706631257954",IN_STOCK
Home & Garden,141,92,HIGH,RISER,SMEG Electric Kettle MINI,Smeg,Home & Garden > Kitchen & Dining > Kitchen Appliances,"08017709302221,08017709302184,08017709302160",IN_STOCK
Home & Garden,147,87,MEDIUM,FLAT,Moccamaster Automatic Coffee Maker 1.25 l. Polished Silver,Technivorm,Home & Garden > Kitchen & Dining > Kitchen Appliances > Coffee Makers & Espresso Machines > Drip Coffee Makers,"08712072537453,08712072537477,08712072537408",NOT_IN_INVENTORY
Home & Garden,150,107,MEDIUM,FLAT,Moccamaster 10 kopper 6 min. bryggetid,Technivorm,Home & Garden > Kitchen & Dining > Kitchen Appliances > Coffee Makers & Espresso Machines > Drip Coffee Makers,08712072537507,NOT_IN_INVENTORY
Home & Garden,151,52,MEDIUM,FLAT,Rosti New Margrethe Støt Brysterne Røreskålesæt 6 dele,Rosti Mepal,Home & Garden > Kitchen & Dining > Kitchen Tools & Utensils > Mixing Bowls,05722000389637,IN_STOCK
Home & Garden,153,338,MEDIUM,RISER,Stanley AeroLight Transit Mug,Stanley,Home & Garden > Kitchen & Dining > Food & Beverage Carriers,"01210001910508,01210001910553,01210001910447",NOT_IN_INVENTORY
Home & Garden,165,3569,MEDIUM,RISER,Summerbird Èdition Noël Calendar,Summerbird,Home & Garden > Decor > Seasonal & Holiday Decorations > Advent Calendars,05709451045206,NOT_IN_INVENTORY
Home & Garden,167,100,MEDIUM,FLAT,OBH Nordica Sandwichmaker Onyx panini and sandwich maker,OBH Nordica,Home & Garden > Kitchen & Dining > Kitchen Appliances > Toasters & Grills,05708642068895,IN_STOCK
Home & Garden,169,339,MEDIUM,RISER,Georg Jensen Georg Danish Birthday Flag 3580030,Georg Jensen,Home & Garden > Decor > Flags & Windsocks,05705145029866,IN_STOCK
Home & Garden,170,72,MEDIUM,FLAT,Stanley IceFlow Flip Straw Tumbler,Stanley,Home & Garden > Kitchen & Dining > Food & Beverage Carriers,"01210001902398,01200185068744,01210001902473",IN_STOCK
Home & Garden,173,433,MEDIUM,RISER,Stanley Classic Legendary Bottle,Stanley,Home & Garden > Kitchen & Dining > Food & Beverage Carriers,"01200185004674,01200185004599,01210001949720",NOT_IN_INVENTORY
Home & Garden,174,190,MEDIUM,RISER,Ninja 3-in-1 Food Processor bn800eu,Ninja,Home & Garden > Kitchen & Dining > Kitchen Appliances > Food Mixers & Blenders,00622356235037,NOT_IN_INVENTORY
Home & Garden,176,180,MEDIUM,RISER,&Tradition Flowerpot VP1 Pendant,Tradition,Home & Garden > Lighting > Lighting Fixtures > Ceiling Light Fixtures,"05705385007273,05705385007228,05705385005569",IN_STOCK
Home & Garden,182,261,MEDIUM,RISER,Moccamaster Optio Drip coffee maker 1.25 L,Technivorm,Home & Garden > Kitchen & Dining > Kitchen Appliances > Coffee Makers & Espresso Machines > Drip Coffee Makers,"08712072536159,08712072536258,08712072536135",IN_STOCK
Home & Garden,188,306,MEDIUM,RISER,Blue Wood Frame 70 x 100 cm,Westwing,Home & Garden > Decor > Picture Frames,"05715551499702,05715551499696,05715551498590",IN_STOCK
Home & Garden,189,133,MEDIUM,FLAT,Georg Jensen George Jensen 2026 Christmas Mobile Drum 18kt Gold Plated Brass,Georg Jensen,Home & Garden > Decor > Seasonal & Holiday Decorations > Holiday Ornaments,05713275276425,IN_STOCK
Home & Garden,195,520,MEDIUM,RISER,Sage Barista Pro Espresso Coffee Machine,Sage Appliances,Home & Garden > Kitchen & Dining > Kitchen Appliances > Coffee Makers & Espresso Machines > Espresso Machines,09312432032834,IN_STOCK
Home & Garden,199,319,MEDIUM,RISER,Le Creuset Signature Round Dutch Oven,Le Creuset,Home & Garden > Kitchen & Dining > Cookware & Bakeware > Cookware > Dutch Ovens,"00024147259770,00024147260677,00024147296430",IN_STOCK
Home & Garden,213,896,MEDIUM,RISER,Dyson Spot+scrub Ai 0.25 L Black,Dyson,Home & Garden > Household Appliances > Vacuums,05025155121962,IN_STOCK
Home & Garden,215,426,MEDIUM,RISER,Royal Copenhagen Black Lace Thermal Mug,Royal Copenhagen,Home & Garden > Kitchen & Dining > Tableware > Drinkware > Coffee & Tea Cups,05705140742579,IN_STOCK
Home & Garden,217,1231,MEDIUM,RISER,Dyson V15 Detect Absolute Vacuum cleaner grey yellow,Dyson,Home & Garden > Household Appliances > Vacuums,05025155136201,NOT_IN_INVENTORY
Home & Garden,218,159,MEDIUM,FLAT,Clothes Line Leifheit Pegasus 160 16 m,Leifheit,Home & Garden > Household Supplies > Laundry Supplies > Drying Racks & Hangers,04006501816207,NOT_IN_INVENTORY
Home & Garden,224,120,MEDIUM,FLAT,Nutribullet Pro Blender,NutriBullet,Home & Garden > Kitchen & Dining > Kitchen Appliances > Food Mixers & Blenders,"08006447000087,08006447002500,08006447003026",IN_STOCK
Home & Garden,226,237,MEDIUM,RISER,Hübsch Hide Drawer box Natural,Hübsch,Home & Garden > Household Supplies > Storage & Organization > Household Storage Containers,05712772103036,NOT_IN_INVENTORY
Home & Garden,232,184,MEDIUM,RISER,Box Large Mint,Westwing,Home & Garden > Household Supplies > Storage & Organization > Household Storage Containers,"05714356000472,05714356000441,05714356000458",IN_STOCK
Home & Garden,236,1035,MEDIUM,RISER,Royal Copenhagen Blue Fluted Mega Mug,Royal Copenhagen,Home & Garden > Kitchen & Dining > Tableware > Drinkware > Mugs,05705140699798,IN_STOCK
Home & Garden,246,393,MEDIUM,RISER,Sage Barista Touch Impress Cold SES882BSS Espresso Machine,Sage Appliances,Home & Garden > Kitchen & Dining > Kitchen Appliances > Coffee Makers & Espresso Machines > Espresso Machines,"09355973137422,09355973137347,09355973137491",IN_STOCK
Home & Garden,248,334,MEDIUM,RISER,OBH Nordica Supergrill Grill 3In1 Stainless Steel,OBH Nordica,Home & Garden > Kitchen & Dining > Kitchen Appliances > Toasters & Grills,03045380029118,NOT_IN_INVENTORY
Home & Garden,253,503,MEDIUM,RISER,Shark PowerDetect Speed ia1241ch,Shark,Home & Garden > Household Appliances > Vacuums,00622356375740,NOT_IN_INVENTORY
Home & Garden,259,226,MEDIUM,RISER,Klarborg Annual Elf Couple 2026,Klarborg,Home & Garden > Decor > Artwork,05714792554928,NOT_IN_INVENTORY
Home & Garden,265,335,MEDIUM,RISER,Stanley Legendary Food Jar Spork,Stanley,Home & Garden > Kitchen & Dining > Food & Beverage Carriers,"01200185081545,01210001957787,01210001901421",IN_STOCK
Home & Garden,269,326,MEDIUM,RISER,Georg Jensen Bernadotte Red Wine,Georg Jensen,Home & Garden > Kitchen & Dining > Tableware > Drinkware > Stemware,05713275207641,IN_STOCK
Home & Garden,275,747,MEDIUM,RISER,Eva Solo Pot Set 5-pack 302351,Eva Solo,Home & Garden > Kitchen & Dining > Cookware & Bakeware > Cookware > Cookware Sets,05706631257688,NOT_IN_INVENTORY
Home & Garden,277,95,MEDIUM,FLAT,Zebla impregnation wash-in,Zebla,Home & Garden > Household Supplies > Household Cleaning Supplies > Fabric & Upholstery Protectors,05712625000055,IN_STOCK
Home & Garden,285,269,MEDIUM,RISER,Meraki Datura Soap Holder,Cisco,Home & Garden > Household Supplies > Storage & Organization,"05707644867345,05707644765313,05707644923584",IN_STOCK
Home & Garden,286,134,MEDIUM,FLAT,Royal Copenhagen White Fluted Dinner Plate,Royal Copenhagen,Home & Garden > Kitchen & Dining > Tableware > Dinnerware > Plates,05705140683155,IN_STOCK
Home & Garden,290,412,MEDIUM,RISER,&Tradition Flowerpot VP3 Table Lamp,Tradition,Home & Garden > Lighting > Lamps,"05705385007365,05705385036822,05709262011957",IN_STOCK
Home & Garden,291,246,MEDIUM,RISER,Bottle Nalgene Narrow Mouth Sustain,Nalgene,Home & Garden > Kitchen & Dining > Food & Beverage Carriers > Water Bottles,"00661195005203,00661195005227,00661195005319",IN_STOCK
Home & Garden,301,523,MEDIUM,RISER,Royal Copenhagen Gifts With History skål 15 cl,Royal Copenhagen,Home & Garden > Kitchen & Dining > Tableware > Dinnerware > Bowls,05705140746188,NOT_IN_INVENTORY
Home & Garden,307,440,MEDIUM,RISER,Ninja Foodi FlexDrawer Air Fryer 10.4L,Ninja,Home & Garden > Kitchen & Dining > Kitchen Appliances > Deep Fryers,"00622356270373,00622356303842,00622356390071",IN_STOCK
Home & Garden,309,251,MEDIUM,RISER,Smeg Electric Kettle,Smeg,Home & Garden > Kitchen & Dining > Kitchen Appliances,"08017709227852,08017709227791,08017709230999",IN_STOCK
Home & Garden,312,434,MEDIUM,RISER,De'Longhi Water Filter,De'Longhi,Home & Garden > Kitchen & Dining > Kitchen Appliance Accessories > Coffee Maker & Espresso Machine Accessories > Coffee Maker Water Filters,08004399327252,IN_STOCK
Home & Garden,313,650,MEDIUM,RISER,Ninja hot Air boiler Double Stack XL sl400eu,Ninja,Home & Garden > Kitchen & Dining > Kitchen Appliances > Deep Fryers,00622356280822,IN_STOCK
Home & Garden,316,140,MEDIUM,FLAT,OBH Nordica Blender Twister Go,OBH Nordica,Home & Garden > Kitchen & Dining > Kitchen Appliances > Food Mixers & Blenders,05708642077446,IN_STOCK
Home & Garden,317,353,MEDIUM,RISER,Bialetti Moka Express Espresso Maker,Bialetti,Home & Garden > Kitchen & Dining > Kitchen Appliances > Coffee Makers & Espresso Machines > Electric & Stovetop Espresso Pots,"08006363011631,08006363011624,08006363011686",IN_STOCK
Home & Garden,319,3506,MEDIUM,RISER,Royal Copenhagen Hvid Riflet 2pak Tallerkner 27 cm,Royal Copenhagen,Home & Garden > Kitchen & Dining > Tableware > Dinnerware > Plates,05705140736332,IN_STOCK
Home & Garden,323,230,MEDIUM,RISER,Georg Jensen Fødselsdagsflag H 39 cm,Georg Jensen,Home & Garden > Decor > Flags & Windsocks,05713275087076,NOT_IN_INVENTORY
Home & Garden,330,232,MEDIUM,RISER,Hay Rice Paper Shade,HAY,Home & Garden > Lighting Accessories > Lamp Shades,"05710441338703,05710441338727,05710441338710",IN_STOCK
Home & Garden,331,325,MEDIUM,RISER,Rosti Classic cheese box,Rosti Mepal,Home & Garden > Kitchen & Dining > Kitchen Tools & Utensils > Kitchen Slicers,"05722000340065,05722000340072,05722000373599",IN_STOCK
Home & Garden,333,421,MEDIUM,RISER,Georg Jensen Bernadotte White Wine Glass,Georg Jensen,Home & Garden > Kitchen & Dining > Tableware > Drinkware > Stemware,05713275207627,IN_STOCK
Home & Garden,335,506,MEDIUM,RISER,Ninja Luxe Cafe Pro Espresso Machine by David Beckham es771bk,Ninja,Home & Garden > Kitchen & Dining > Kitchen Appliances > Coffee Makers & Espresso Machines > Espresso Machines,00622356408608,NOT_IN_INVENTORY
Home & Garden,339,146,MEDIUM,FLAT,Silky bamboo pillowcase 100% bamboo pillowcase. Similar feel as silk pillowcase,HairLust,Home & Garden > Linens & Bedding > Bedding > Pillowcases & Shams,"05714628001398,05714628000605,05714628003972",IN_STOCK
Home & Garden,341,309,MEDIUM,RISER,&Tradition Flowerpot VP10 Pendant,Tradition,Home & Garden > Lighting > Lighting Fixtures > Ceiling Light Fixtures,"05705385040393,05705385040324,05705385040294",IN_STOCK
Home & Garden,343,260,MEDIUM,RISER,76340 LEGO Marvel Advent Calendar 2026,LEGO,Home & Garden > Decor > Seasonal & Holiday Decorations > Advent Calendars,05702018063231,NOT_IN_INVENTORY
Home & Garden,344,2731,MEDIUM,RISER,Irobot Roomba Combo 575 Vacuum Cleaner Robot With Auto-empty Dock,iRobot,Home & Garden > Household Appliances > Vacuums,"05061083615616,05061083618983",NOT_IN_INVENTORY
Home & Garden,348,349,MEDIUM,RISER,Shark PowerSprint Vacuum cleaners ia3241cht,Shark,Home & Garden > Household Appliances > Vacuums,00622356372732,NOT_IN_INVENTORY
Home & Garden,351,249,MEDIUM,RISER,HAY Colour Storage,HAY,Home & Garden > Household Supplies > Storage & Organization > Household Storage Containers,"05710441355915,05710441354338,05710441354352",IN_STOCK
Home & Garden,365,337,MEDIUM,RISER,Sage Barista Express Espresso Coffee machine,Sage Appliances,Home & Garden > Kitchen & Dining > Kitchen Appliances > Coffee Makers & Espresso Machines > Espresso Machines,09312432030144,IN_STOCK
Home & Garden,367,381,MEDIUM,RISER,Kay Bojesen Lovebirds,Kay Bojesen,Home & Garden > Decor > Artwork,05709513392040,IN_STOCK
Home & Garden,375,5400,MEDIUM,RISER,Rituals Classic Advent calendar 2026 Advent calendar,Rituals,Home & Garden > Decor > Seasonal & Holiday Decorations > Advent Calendars,08719134219333,IN_STOCK
Home & Garden,376,522,MEDIUM,RISER,Ninja SLUSHi Twist Smart Frozen Drink Maker fs701bl,Ninja,Home & Garden > Kitchen & Dining > Kitchen Appliances > Frozen Drink Makers,"00622356409308,00622356409315,00622356420716",NOT_IN_INVENTORY
Home & Garden,383,583,MEDIUM,RISER,Fluted Contrast Mug Royal Copenhagen,Royal Copenhagen,Home & Garden > Kitchen & Dining > Tableware > Drinkware > Mugs,"05705140713630,05705140736288,05705140732068",IN_STOCK
Home & Garden,388,781,MEDIUM,RISER,Georg Jensen Bernadotte,Georg Jensen,Home & Garden > Kitchen & Dining > Tableware > Flatware > Flatware Sets,05705145073647,NOT_IN_INVENTORY
Home & Garden,392,254,MEDIUM,RISER,Køb Kenwood mikroovn k20mss21e på tilbud,Kenwood,Home & Garden > Kitchen & Dining > Kitchen Appliances > Microwave Ovens,05017416799300,NOT_IN_INVENTORY
Home & Garden,393,1407,MEDIUM,RISER,Dyson V16 Piston Animal Handheld Vacuum Cleaner,Dyson,Home & Garden > Household Appliances > Vacuums,05025155114834,IN_STOCK
Home & Garden,394,2401,MEDIUM,RISER,Adventskalender 31er 2026,Maybelline,Home & Garden > Decor > Seasonal & Holiday Decorations > Advent Calendars,04056048192418,NOT_IN_INVENTORY
Home & Garden,395,121,MEDIUM,FLAT,Bongusta Naram Bath Towel,Bongusta,Home & Garden > Linens & Bedding > Towels > Bath Towels & Washcloths,"05715648000743,05715648000736,05715648007919",IN_STOCK
Home & Garden,406,108,MEDIUM,FLAT,Skate & Coffee Puzzle Advent Calendar,ViSSEVASSE,Home & Garden > Decor > Seasonal & Holiday Decorations > Advent Calendars,05713138602095,NOT_IN_INVENTORY
Home & Garden,409,1057,MEDIUM,RISER,KitchenAid Artisan 175 Stand Mixer,KitchenAid,Home & Garden > Kitchen & Dining > Kitchen Appliances > Food Mixers & Blenders,"05413184400286,05413184200466,05413184120894",IN_STOCK
Home & Garden,410,331,MEDIUM,RISER,AYAIDA Food Ie Lunch Box,Thermos,Home & Garden > Kitchen & Dining > Food & Beverage Carriers > Lunch Boxes & Totes,"05745000059027,05745000059034,05745000059003",NOT_IN_INVENTORY
Home & Garden,413,488,MEDIUM,RISER,Chambray Shower Curtain Ferm Living,ferm LIVING,Home & Garden > Bathroom Accessories > Shower Curtains,"05704723269427,05704723020714,05704723269434",IN_STOCK
Home & Garden,423,1507,MEDIUM,RISER,Georg Jensen Even Stripe Linen Pillowcase,Georg Jensen,Home & Garden > Linens & Bedding > Bedding > Pillowcases & Shams,"05708150221089,05708150221232,05708150221058",NOT_IN_INVENTORY
Home & Garden,432,893,MEDIUM,RISER,Nordlux Dftp Belloy 40 Ceiling Light,Nordlux,Home & Garden > Lighting > Lighting Fixtures > Ceiling Light Fixtures,05704924018565,NOT_IN_INVENTORY
Home & Garden,433,577,MEDIUM,RISER,Philips 3000 series Steam iron,Philips,Home & Garden > Household Appliances > Laundry Appliances > Irons & Ironing Systems,08720389003066,NOT_IN_INVENTORY
Home & Garden,439,4856,MEDIUM,RISER,Dyson V12 Detect Slim Absolute Vacuum cleaner grey yellow,Dyson,Home & Garden > Household Appliances > Vacuums,05025155136294,NOT_IN_INVENTORY
Home & Garden,447,1302,MEDIUM,RISER,Magna-Tiles Advent Calendar,Magna-Tiles,Home & Garden > Decor > Seasonal & Holiday Decorations > Advent Calendars,00850025176545,NOT_IN_INVENTORY
Home & Garden,468,690,MEDIUM,RISER,Panasonic Etherea NZ25YKE-1 luft til luft varmepumpesæt,Panasonic,Home & Garden > Household Appliances > Climate Control Appliances > Air Conditioners,05709276829289,NOT_IN_INVENTORY
Home & Garden,470,3799,MEDIUM,RISER,Xocolatl Chokoladejulekalender for To,Xocolatl,Home & Garden > Decor > Seasonal & Holiday Decorations > Advent Calendars,05711407010718,NOT_IN_INVENTORY
Home & Garden,471,301,MEDIUM,RISER,Vandfilter Kompatibel med Sage Espresso maskiner - Pure Wave KWF-003 - 4 Stk.,Sage Appliances,Home & Garden > Kitchen & Dining > Kitchen Appliance Accessories > Coffee Maker & Espresso Machine Accessories > Coffee Maker Water Filters,05744004230029,NOT_IN_INVENTORY
Home & Garden,472,640,MEDIUM,RISER,Bonne Nuit Bedding 140 x 220 cm beige with pillowcase 60 x 63 cm zip fastening,Södahl,Home & Garden > Linens & Bedding > Bedding > Duvet Covers,"05722000362814,05722000362838,05722000362821",NOT_IN_INVENTORY
Home & Garden,475,354,MEDIUM,RISER,Stanley IceFlow Flip Straw 2.0 Bottle,Stanley,Home & Garden > Kitchen & Dining > Food & Beverage Carriers,"01200185024320,01210001998070,01210001998056",NOT_IN_INVENTORY
Home & Garden,476,580,MEDIUM,RISER,Stelton Brus Carbonator,Stelton,Home & Garden > Kitchen & Dining > Kitchen Appliances > Soda Makers,"05709846031036,05709846033146,05709846031050",IN_STOCK
Home & Garden,477,248,MEDIUM,RISER,Royal Copenhagen White Fluted Salad Plate,Royal Copenhagen,Home & Garden > Kitchen & Dining > Tableware > Dinnerware > Plates,05705140683148,IN_STOCK
Home & Garden,478,705,MEDIUM,RISER,Gastrotools Stegepande Carbonstål,Gastrotools,Home & Garden > Kitchen & Dining > Cookware & Bakeware > Cookware > Skillets & Frying Pans,"05745000147670,05745000147687",IN_STOCK
Home & Garden,480,1417,MEDIUM,RISER,Kenwood fryseskab kuf55w26d,Kenwood,Home & Garden > Kitchen & Dining > Kitchen Appliances > Freezers,05017416859486,NOT_IN_INVENTORY
Home & Garden,483,746,MEDIUM,RISER,Stelton EM77 Kettle,Stelton,Home & Garden > Kitchen & Dining > Kitchen Appliances,"05709846033863,05709846032194,05709846030732",IN_STOCK
Home & Garden,486,800,MEDIUM,RISER,SmellWell Active,Smellwell,Home & Garden > Household Supplies > Moisture Absorbers,,IN_STOCK
Home & Garden,489,574,MEDIUM,RISER,OBH Nordica Perfect mix+ blender LH8728S0,OBH Nordica,Home & Garden > Kitchen & Dining > Kitchen Appliances > Food Mixers & Blenders,03016667290491,NOT_IN_INVENTORY
Home & Garden,499,2451,MEDIUM,RISER,Machine à café à grain Delonghi FEB2291.SB magnifica Start,De'Longhi,Home & Garden > Kitchen & Dining > Kitchen Appliances > Coffee Makers & Espresso Machines > Espresso Machines,08004399035461,NOT_IN_INVENTORY
Home & Garden,503,687,MEDIUM,RISER,Kenwood fryseskab ktf185w27e,Kenwood,Home & Garden > Kitchen & Dining > Kitchen Appliances > Freezers,05017416859707,NOT_IN_INVENTORY
Home & Garden,507,1182,MEDIUM,RISER,"Arden Black solcelle lamper, varm hvid (sæt af 2)",Elizabeth Arden,Home & Garden > Lighting > Landscape Pathway Lighting,,NOT_IN_INVENTORY
Home & Garden,509,435,MEDIUM,RISER,Georg Jensen Damask Head Pillow Medium,Georg Jensen,Home & Garden > Linens & Bedding > Bedding > Pillows,"05708150203856,05708150217273",NOT_IN_INVENTORY
Home & Garden,511,1081,MEDIUM,RISER,Georg Jensen Damask Supima Percale Bed Linen Set,Georg Jensen,Home & Garden > Linens & Bedding > Bedding > Bed Sheets,"05715436007435,05715436007466,05715436007404",NOT_IN_INVENTORY
Home & Garden,513,264,MEDIUM,RISER,NINJA bn750eu Blender,Ninja,Home & Garden > Kitchen & Dining > Kitchen Appliances > Food Mixers & Blenders,00622356235020,NOT_IN_INVENTORY
Home & Garden,515,514,MEDIUM,RISER,Kenwood Chef Stand Mixer 1200W 1200.0 W KVL4100S Grey,Kenwood,Home & Garden > Kitchen & Dining > Kitchen Appliances > Food Mixers & Blenders,05011423191324,NOT_IN_INVENTORY
Home & Garden,521,2175,MEDIUM,RISER,Bernadotte Toaster Georg Jensen,Georg Jensen,Home & Garden > Kitchen & Dining > Kitchen Appliances > Toasters & Grills > Toasters,"05713275246442,05713275251910",IN_STOCK
Home & Garden,527,841,MEDIUM,RISER,Ballarini Salina Ceramic Frying Pan,Ballarini,Home & Garden > Kitchen & Dining > Cookware & Bakeware > Cookware > Skillets & Frying Pans,"08003150524930,08003150524893",IN_STOCK
Home & Garden,528,684,MEDIUM,RISER,DeLonghi En 167 B Nespresso Citiz Capsules Coffee Maker,De'Longhi,Home & Garden > Kitchen & Dining > Kitchen Appliances > Coffee Makers & Espresso Machines > Espresso Machines,08004399331389,IN_STOCK
Home & Garden,529,0,MEDIUM,RELATIVE_DEMAND_CHANGE_TYPE_ENUM_UNSPECIFIED,Delonghi Dedica EC685 Espresso Machine,De'Longhi,Home & Garden > Kitchen & Dining > Kitchen Appliances > Coffee Makers & Espresso Machines > Espresso Machines,"08004399331198,08004399331204,08004399331181",NOT_IN_INVENTORY
Home & Garden,543,1572,MEDIUM,RISER,La Marzocco Linea Micra Espresso Machine,La Marzocco,Home & Garden > Kitchen & Dining > Kitchen Appliances > Coffee Makers & Espresso Machines > Espresso Machines,"08050030334363,08050030330877,08050030333724",IN_STOCK
Home & Garden,545,874,MEDIUM,RISER,Leifheit Pegasus 180 Maxx Winged Laundry Rack Wing,Leifheit,Home & Garden > Household Supplies > Laundry Supplies > Drying Racks & Hangers,04006501816504,NOT_IN_INVENTORY
Home & Garden,549,463,MEDIUM,RISER,Ninja CRISPi PRO 7-in-1 XL,Ninja,Home & Garden > Kitchen & Dining > Kitchen Appliances > Deep Fryers,"00622356384926,00622356384919,00622356384902",NOT_IN_INVENTORY
Home & Garden,554,256,MEDIUM,RISER,Moonboon Bamboo Duvet,Moonboon,Home & Garden > Linens & Bedding > Bedding > Quilts & Comforters,05744001612583,IN_STOCK
Home & Garden,555,569,MEDIUM,RISER,Frederik Bagger Crispy Bottle Large,Frederik Bagger,Home & Garden > Kitchen & Dining > Tableware > Serveware > Serving Pitchers & Carafes,"05712723105652,05712723105683,05712723105690",IN_STOCK
Home & Garden,559,565,MEDIUM,RISER,Bitz Gastro Side Plate,Bitz,Home & Garden > Kitchen & Dining > Tableware > Dinnerware > Plates,"05722008212593,05722000141099,05722000141112",NOT_IN_INVENTORY
Home & Garden,560,725,MEDIUM,RISER,Ninja Cold Press Juicer,Ninja,Home & Garden > Kitchen & Dining > Kitchen Appliances > Juicers,00622356308694,NOT_IN_INVENTORY
Home & Garden,570,562,MEDIUM,RISER,Philips CA6903/22 Water filter coffee maker part/accessory,Philips,Home & Garden > Kitchen & Dining > Kitchen Appliance Accessories > Coffee Maker & Espresso Machine Accessories > Coffee Maker Water Filters,08710103818694,NOT_IN_INVENTORY
Home & Garden,585,621,MEDIUM,RISER,Stelton EM77 Vacuum Jug,Stelton,Home & Garden > Kitchen & Dining > Tableware > Serveware > Serving Pitchers & Carafes,"05709846031548,05709846001008,05709846001053",IN_STOCK
Home & Garden,587,912,MEDIUM,RISER,Zwilling Storage Beechwood 1002309,ZWILLING,Home & Garden > Kitchen & Dining > Kitchen Tools & Utensils > Kitchen Organizers > Knife Blocks & Holders,"04009839060076,04009839077357",IN_STOCK
Home & Garden,594,876,MEDIUM,RISER,Gastrotools Stegepande 5-ply,Gastrotools,Home & Garden > Kitchen & Dining > Cookware & Bakeware > Cookware > Skillets & Frying Pans,"05745000147724,05745000147274,05745000147717",IN_STOCK
Home & Garden,597,643,MEDIUM,RISER,Continuous mist spray bottle White Fine mist spray bottle for Hair,HairLust,Home & Garden > Household Supplies,05714628003682,NOT_IN_INVENTORY
Home & Garden,599,450,MEDIUM,RISER,Georg Jensen Bernadotte Carafe,Georg Jensen,Home & Garden > Kitchen & Dining > Tableware > Serveware > Serving Pitchers & Carafes,05713275217541,IN_STOCK
Home & Garden,602,4732,MEDIUM,RISER,Tefal E3350645 Emotion+ Frying Pan,T-fal,Home & Garden > Kitchen & Dining > Cookware & Bakeware > Cookware > Skillets & Frying Pans,03168430377400,NOT_IN_INVENTORY
Home & Garden,607,332,LOW,FLAT,Georg Jensen Bernadotte,Georg Jensen,Home & Garden > Kitchen & Dining > Tableware > Flatware > Flatware Sets,05705145108295,IN_STOCK
Home & Garden,611,588,LOW,FLAT,Bernadotte Thermo Jug Georg Jensen,Georg Jensen,Home & Garden > Kitchen & Dining > Tableware > Serveware > Serving Pitchers & Carafes,"05713275230083,05713275242598,05713275085461",IN_STOCK
Home & Garden,613,238,LOW,FLAT,Noble Bedding 140 x 200 cm pillowcase 60 x 63 cm,Södahl,Home & Garden > Linens & Bedding > Bedding > Duvet Covers,"05722000319306,05722000328001,05722000327950",IN_STOCK
Home & Garden,620,558,LOW,FLAT,Södahl Comfort Towel,Södahl,Home & Garden > Linens & Bedding > Towels > Bath Towels & Washcloths,"05722000338550,05722000338628,05722000302070",NOT_IN_INVENTORY
Home & Garden,621,521,LOW,FLAT,Nordal Coat Rack with Brass Hooks,Nordal,Home & Garden > Decor > Coat & Hat Racks,"05708309150437,05708309150451,05708309181875",IN_STOCK
Home & Garden,628,3724,LOW,RISER,Georg Jensen Damask Organic Cotton Quilted Blanket for Children,Georg Jensen,Home & Garden > Linens & Bedding > Bedding > Blankets,"05708150191580,05708150191573",NOT_IN_INVENTORY
Home & Garden,630,516,LOW,FLAT,Flow Linen Bedding 140 x,Södahl,Home & Garden > Linens & Bedding > Bedding > Duvet Covers,"05722000380993,05722000381006,05722000375647",NOT_IN_INVENTORY
Home & Garden,631,662,LOW,RISER,Kähler Hammershøi Christmas plate Ø27 cm,Kähler,Home & Garden > Kitchen & Dining > Tableware > Dinnerware > Plates,05703779181455,IN_STOCK
Home & Garden,642,452,LOW,FLAT,Nespresso Creatista Plus,Sage Appliances,Home & Garden > Kitchen & Dining > Kitchen Appliances > Coffee Makers & Espresso Machines > Espresso Machines,"09355973091014,09355973091045,09312432031097",IN_STOCK
Home & Garden,645,3782,LOW,RISER,Royal Copenhagen White Fluted Plate 22 cm,Royal Copenhagen,Home & Garden > Kitchen & Dining > Tableware > Dinnerware > Plates,05705140736349,IN_STOCK
Home & Garden,648,603,LOW,FLAT,Smeg Toaster 2 Slice,Smeg,Home & Garden > Kitchen & Dining > Kitchen Appliances > Toasters & Grills > Toasters,"08017709186920,08017709231057,08017709189136",NOT_IN_INVENTORY
Home & Garden,649,587,LOW,FLAT,Pols Potten Drip Candle Holder,Pols Potten,Home & Garden > Decor > Home Fragrance Accessories > Candle Holders,"08718142030480,08718142078932,08718142059023",NOT_IN_INVENTORY
Home & Garden,650,3021,LOW,RISER,Spiegelau Definition Burgundy Wine Glass,Spiegelau,Home & Garden > Kitchen & Dining > Tableware > Drinkware > Stemware,04003322315940,IN_STOCK
Home & Garden,654,1012,LOW,RISER,Kähler Hammershøi Vase,Kähler,Home & Garden > Decor > Vases,"05703779153803,05703779181837,05703779153865",IN_STOCK
Home & Garden,656,2302,LOW,RISER,Nordlux Attach Skinne,Nordlux,Home & Garden > Lighting > Track Lighting > Track Lighting Rails,,NOT_IN_INVENTORY
Home & Garden,679,1205,LOW,RISER,Jura Filter Claris Smart+ Cartridge,JURA,Home & Garden > Kitchen & Dining > Kitchen Appliance Accessories > Coffee Maker & Espresso Machine Accessories > Coffee Maker Water Filters,07610917242337,IN_STOCK
Home & Garden,681,715,LOW,RISER,Studio Feder Una Towel,Studio Feder,Home & Garden > Linens & Bedding > Towels > Bath Towels & Washcloths,"05714439026726,05714439028447,05714439026771",IN_STOCK
Home & Garden,696,987,LOW,RISER,Konges Sløjd Creative Art Caddy,Konges Sløjd,Home & Garden > Household Supplies > Storage & Organization > Household Storage Containers,05715681317853,IN_STOCK
Home & Garden,698,1472,LOW,RISER,&Tradition Flowerpot VP7 Pendant,Tradition,Home & Garden > Lighting > Lighting Fixtures > Ceiling Light Fixtures,"05709262014255,05705385036891,05709262014194",IN_STOCK
Home & Garden,706,243,LOW,FLAT,Fågelfors træpiller 6 mm,Microsoft,Home & Garden > Fireplace & Wood Stove Accessories > Firewood & Fuel,,NOT_IN_INVENTORY
Home & Garden,710,1954,LOW,RISER,RICE Raffia Storage House Circus theme Set of 3,RICE,Home & Garden > Decor > Baskets,05708315127119,OUT_OF_STOCK
Home & Garden,720,836,LOW,RISER,Hay Mega Dot Bedspread,HAY,Home & Garden > Linens & Bedding > Bedding > Quilts & Comforters,"05710441353652,05710441469650,05710441469643",IN_STOCK
Home & Garden,723,1172,LOW,RISER,Nordlux Explore Wall Lamp,Nordlux,Home & Garden > Lighting > Lighting Fixtures > Wall Light Fixtures,"05704924018831,05704924018800,05704924018824",NOT_IN_INVENTORY
Home & Garden,724,177,LOW,SINKER,Kenwood Matberedare FDP31.360GY MultiPro Compact,Kenwood,Home & Garden > Kitchen & Dining > Kitchen Appliances > Food Mixers & Blenders,05011423007366,NOT_IN_INVENTORY
Home & Garden,730,775,LOW,RISER,Georg Jensen STRIPE 1979 Archive Linen,Georg Jensen,Home & Garden > Linens & Bedding > Towels > Bath Towels & Washcloths,"05708150222048,05708150222031,05708150222055",NOT_IN_INVENTORY
Home & Garden,740,948,LOW,RISER,Georg Jensen Bloom Botanica Vase,Georg Jensen,Home & Garden > Decor > Vases,05713275078715,IN_STOCK
Home & Garden,747,686,LOW,RISER,Bambino Espresso machine,Sage Appliances,Home & Garden > Kitchen & Dining > Kitchen Appliances > Coffee Makers & Espresso Machines > Espresso Machines,"09355973001631,09355973001655",IN_STOCK
Home & Garden,749,547,LOW,FLAT,Meraki Floral Shade Humidifier 120 ml Clear,Meraki,Home & Garden > Decor > Home Fragrances > Air Fresheners,"05707644925403,05707644892262,05707644925397",IN_STOCK
Home & Garden,766,666,LOW,RISER,Georg Jensen Bernadotte Tall Tumbler,Georg Jensen,Home & Garden > Kitchen & Dining > Tableware > Drinkware > Tumblers,05713275205173,IN_STOCK
Home & Garden,769,613,LOW,RISER,Tefal Compact Power XXL 900 W TW4B36,T-fal,Home & Garden > Household Appliances > Vacuums,03221616113343,NOT_IN_INVENTORY
Home & Garden,774,995,LOW,RISER,Georg Jensen Bernadotte Creamer,Georg Jensen,Home & Garden > Kitchen & Dining > Tableware > Serveware > Sugar Bowls & Creamers,05713275209379,IN_STOCK
Home & Garden,778,4405,LOW,RISER,Eva Solo Multi Frying Pan Set 25 cm + 28 cm 346601,Eva Solo,Home & Garden > Kitchen & Dining > Cookware & Bakeware > Cookware > Skillets & Frying Pans,05706631268417,IN_STOCK
Home & Garden,784,6554,LOW,RISER,Blue Fluted Mega Plate Decoration 2,Royal Copenhagen,Home & Garden > Kitchen & Dining > Tableware > Dinnerware > Plates,"05705140736400,05705140739661",IN_STOCK
Home & Garden,788,769,LOW,RISER,ReCollector Recycling Box,Westwing,Home & Garden > Household Supplies > Waste Containment > Trash Cans & Wastebaskets,"05700002197153,05700002197122,05700002197191",IN_STOCK
Home & Garden,791,754,LOW,RISER,Uyuni LED Taper Candle,UYUNI,Home & Garden > Decor > Home Fragrances > Candles,"05708311325267,05708311308192,05708311301537",IN_STOCK
Home & Garden,798,935,LOW,RISER,Bernadotte Electric Kettle Georg Jensen,Georg Jensen,Home & Garden > Kitchen & Dining > Kitchen Appliances,"05713275246466,05713275251927",IN_STOCK
Home & Garden,801,1023,LOW,RISER,"Tefal Snack Collection SW 852D, sandwichmaker",T-fal,Home & Garden > Kitchen & Dining > Kitchen Appliances > Toasters & Grills > Sandwich Makers,03045386363643,IN_STOCK
Home & Garden,804,926,LOW,RISER,STOFF Nagel Candle Holder,STOFF Nage,Home & Garden > Decor > Home Fragrance Accessories > Candle Holders,"05700002017192,05744006490223,05744006490209",IN_STOCK
Home & Garden,812,1167,LOW,RISER,Meraki Sandcastles & Sunsets Diffuser 309860022,Meraki,Home & Garden > Decor > Home Fragrances > Air Fresheners,05707644503113,NOT_IN_INVENTORY
Home & Garden,820,2320,LOW,RISER,Nordlux BASIC Pendant Light E27 60W,Nordlux,Home & Garden > Lighting > Lighting Fixtures > Ceiling Light Fixtures,"05704924017131,05704924017124",NOT_IN_INVENTORY
Home & Garden,828,1468,LOW,RISER,Ninja Detect Power Pro & processor Pro 1200w Blender tb401eu,Ninja,Home & Garden > Kitchen & Dining > Kitchen Appliances > Food Mixers & Blenders,00622356294607,OUT_OF_STOCK
Home & Garden,836,283,LOW,FLAT,Revolution Beauty Revolution Advent Calendar 2026,Revolution Beauty,Home & Garden > Decor > Seasonal & Holiday Decorations > Advent Calendars,05057566912921,IN_STOCK
Home & Garden,837,913,LOW,RISER,Kay Bojesen Monkey Small,Kay Bojesen,Home & Garden > Decor > Artwork,05709513142508,IN_STOCK
Home & Garden,838,0,LOW,RELATIVE_DEMAND_CHANGE_TYPE_ENUM_UNSPECIFIED,Kenwood Köksmaskin Chef XL KVL4110W,Kenwood,Home & Garden > Kitchen & Dining > Kitchen Appliances > Food Mixers & Blenders,05011423203195,NOT_IN_INVENTORY
Home & Garden,839,2625,LOW,RISER,Bastian Tablecloth 140 x,Södahl,Home & Garden > Linens & Bedding > Table Linens > Tablecloths,"05722000383710,05709631050532,05709631050518",IN_STOCK
Home & Garden,850,846,LOW,RISER,Rosti Margrethe Mixing Bowl,Rosti Mepal,Home & Garden > Kitchen & Dining > Kitchen Tools & Utensils > Mixing Bowls,"05722000298007,05722000297345,05722000297383",IN_STOCK
Home & Garden,855,1108,LOW,RISER,Ninja Luxe Café Pro,Ninja,Home & Garden > Kitchen & Dining > Kitchen Appliances > Coffee Makers & Espresso Machines > Espresso Machines,00622356289825,OUT_OF_STOCK
Home & Garden,861,760,LOW,RISER,Philips handheld steam iron,Philips,Home & Garden > Household Appliances > Laundry Appliances > Garment Steamers,08720389043772,NOT_IN_INVENTORY
Home & Garden,863,875,LOW,RISER,Kenwood side-by-side ksbsddi26e,Kenwood,Home & Garden > Kitchen & Dining > Kitchen Appliances > Refrigerators,05017416859554,NOT_IN_INVENTORY
Home & Garden,864,0,LOW,RELATIVE_DEMAND_CHANGE_TYPE_ENUM_UNSPECIFIED,DeLonghi Magnifica Evo,De'Longhi,Home & Garden > Kitchen & Dining > Kitchen Appliances > Coffee Makers & Espresso Machines > Espresso Machines,08004399021419,IN_STOCK
Home & Garden,866,4657,LOW,RISER,Kids National Geographic Gemstone Advent Calendar,National Geographic,Home & Garden > Decor > Seasonal & Holiday Decorations > Advent Calendars,00810070624101,IN_STOCK
Home & Garden,867,755,LOW,RISER,Fågelfors træpiller 8 mm,Microsoft,Home & Garden > Fireplace & Wood Stove Accessories > Firewood & Fuel,,NOT_IN_INVENTORY
Home & Garden,869,822,LOW,RISER,Forno Spin Gas Pizzaoven 40×40cm,Morsø,Home & Garden > Kitchen & Dining > Kitchen Appliances > Toasters & Grills > Pizza Makers & Ovens,05708722329304,NOT_IN_INVENTORY
Home & Garden,877,1084,LOW,RISER,Georg Jensen Damask Terry Facecloth,Georg Jensen,Home & Garden > Linens & Bedding > Towels > Bath Towels & Washcloths,"05708150228361,05708150200602,05708150211424",NOT_IN_INVENTORY
Home & Garden,883,446,LOW,FLAT,Georg Jensen Damask Even Linen and Cotton Bedding,Georg Jensen,Home & Garden > Linens & Bedding > Bedding > Duvet Covers,"05708150207762,05708150207724,05708150207557",NOT_IN_INVENTORY
Home & Garden,896,2114,LOW,RISER,"Radiateur électrique adax 400 w 47,4 x 37 x 9 cm",Adax,Home & Garden > Household Appliances > Climate Control Appliances > Space Heaters,07040666500042,NOT_IN_INVENTORY
Home & Garden,904,1680,LOW,RISER,Vertical Steam iron Tefal DT9100E0 1600 W,T-fal,Home & Garden > Household Appliances > Laundry Appliances > Garment Steamers,03121040071595,IN_STOCK
Home & Garden,911,571,LOW,FLAT,Hammershøi Christmas Goose Dinner Plate 27 cm,Kähler,Home & Garden > Kitchen & Dining > Tableware > Dinnerware > Plates,05703779190662,IN_STOCK
Home & Garden,913,377,LOW,FLAT,Philips Superslim CL550 LED functional Flush Ceiling Light,Philips,Home & Garden > Lighting > Lighting Fixtures > Ceiling Light Fixtures,08718699681012,NOT_IN_INVENTORY
Home & Garden,920,448,LOW,FLAT,Philips TL-D 16W fluorescent bulb G13 White,Philips,Home & Garden > Lighting > Light Bulbs,08711500622709,NOT_IN_INVENTORY
Home & Garden,924,1021,LOW,RISER,Georg Jensen Alfredo Salt Pepper,Georg Jensen,Home & Garden > Kitchen & Dining > Kitchen Tools & Utensils > Spice Grinders,"05705145069091,05705145224322",IN_STOCK
Home & Garden,929,960,LOW,RISER,Philips 2000 Series Steam iron,Philips,Home & Garden > Household Appliances > Laundry Appliances > Irons & Ironing Systems,"08720389044748,08720389044601",NOT_IN_INVENTORY
Home & Garden,930,1757,LOW,RISER,Georg jensen damask tea becker 63 towel 50 x 80 cm,Georg Jensen,Home & Garden > Linens & Bedding > Towels > Kitchen Towels,"05708150131463,05708150166557,05708150126339",NOT_IN_INVENTORY
Home & Garden,931,2817,LOW,RISER,Hammershøi Kids Children's Dinner Set,Kähler,Home & Garden > Kitchen & Dining > Tableware > Dinnerware > Dinnerware Sets,05703779190143,NOT_IN_INVENTORY
Home & Garden,939,1854,LOW,RISER,Södahl Echo Sengetøj Beige Str 140x220,Södahl,Home & Garden > Linens & Bedding > Bedding > Duvet Covers,"05722000362746,05722000362791,05722000362807",NOT_IN_INVENTORY
Home & Garden,957,0,LOW,RELATIVE_DEMAND_CHANGE_TYPE_ENUM_UNSPECIFIED,Bodum Bistro Bread Box,BODUM,Home & Garden > Kitchen & Dining > Food Storage > Bread Boxes & Bags,"00699965271299,00699965271336,00699965341374",NOT_IN_INVENTORY
Home & Garden,966,1118,LOW,RISER,Rice Raffia Storage House,RICE,Home & Garden > Decor > Baskets,"05708315195583,05708315195576",NOT_IN_INVENTORY
Home & Garden,967,517,LOW,FLAT,Royal Copenhagen Star Fluted Christmas Dessert Plate,Royal Copenhagen,Home & Garden > Kitchen & Dining > Tableware > Dinnerware > Plates,05705140701286,IN_STOCK
Home & Garden,985,819,LOW,RISER,Stelton To Go Click,Stelton,Home & Garden > Kitchen & Dining > Food & Beverage Carriers,"05709846033955,05709846028197,05709846035201",IN_STOCK
Home & Garden,995,3482,LOW,RISER,Georg Jensen Damask Supima Percale Bed Linen Set for Children,Georg Jensen,Home & Garden > Linens & Bedding > Bedding > Bed Sheets,"05708150208479,05708150208462,05708150208318",NOT_IN_INVENTORY
Home & Garden,1002,628,LOW,RISER,Aya&Ida Kids Straw Bottle,AYA,Home & Garden > Kitchen & Dining > Food & Beverage Carriers,"05745000059904,05745000059911,05745000059928",NOT_IN_INVENTORY
Home & Garden,1013,0,LOW,RELATIVE_DEMAND_CHANGE_TYPE_ENUM_UNSPECIFIED,Pranks Advent calendars,Diverse,Home & Garden > Decor > Seasonal & Holiday Decorations > Advent Calendars,,IN_STOCK
Home & Garden,1015,1048,LOW,RISER,Georg Jensen Bernadotte Coupe Cocktailglas 6 stk,Georg Jensen,Home & Garden > Kitchen & Dining > Tableware > Drinkware > Stemware,05713275270843,NOT_IN_INVENTORY
Home & Garden,1019,1147,LOW,RISER,Bodum Caffettiera Coffee Maker 3 Cup,BODUM,Home & Garden > Kitchen & Dining > Kitchen Appliances > Coffee Makers & Espresso Machines > French Presses,,NOT_IN_INVENTORY
Home & Garden,1023,572,LOW,FLAT,Lexington Original Towel,Lexington Company,Home & Garden > Linens & Bedding > Towels > Bath Towels & Washcloths,"07321301319381,07321301242160,07340021717949",IN_STOCK
Home & Garden,1025,1413,LOW,RISER,LEGO Friends 42698 Advent Calendar 2026,LEGO,Home & Garden > Decor > Seasonal & Holiday Decorations > Advent Calendars,05702018054697,IN_STOCK
Home & Garden,1026,2349,LOW,RISER,Royal Copenhagen Star Fluted Christmas Dinner Plate,Royal Copenhagen,Home & Garden > Kitchen & Dining > Tableware > Dinnerware > Plates,05705140138013,IN_STOCK
Home & Garden,1027,5063,LOW,RISER,Tefal Secure 5 Neo Pressure Cooker 6L,T-fal,Home & Garden > Kitchen & Dining > Cookware & Bakeware > Cookware > Pressure Cookers & Canners,03045384363461,NOT_IN_INVENTORY
Home & Garden,1028,1069,LOW,RISER,Spring Copenhagen Soulmates Figurines,Spring Copenhagen,Home & Garden > Decor > Artwork,05713487061413,IN_STOCK
Home & Garden,1037,4313,LOW,RISER,De'Longhi Delonghi EXAM440.55 Superautomatic Coffee Machine rivelia,De'Longhi,Home & Garden > Kitchen & Dining > Kitchen Appliances > Coffee Makers & Espresso Machines > Espresso Machines,"08004399026711,08004399026636,08004399026612",IN_STOCK
Home & Garden,1043,967,LOW,RISER,Kay Bojesen Standard-Bearer,Kay Bojesen,Home & Garden > Decor > Artwork,05709513394822,IN_STOCK
Home & Garden,1048,1747,LOW,RISER,RIG-TIG Therm-it Vacuum jug 30.4 oz z00456,RIG-TIG,Home & Garden > Kitchen & Dining > Tableware > Serveware > Serving Pitchers & Carafes,"05709846033504,05709846035874,05709846035881",IN_STOCK
Home & Garden,1049,2214,LOW,RISER,Philips 3.8W LED GU10 Dimmable Light Bulb,Philips,Home & Garden > Lighting > Light Bulbs,08718696721674,NOT_IN_INVENTORY
Home & Garden,1052,764,LOW,RISER,Kay Bojesen Standard Bearer,Kay Bojesen,Home & Garden > Decor > Artwork,05709513392262,IN_STOCK
Home & Garden,1068,3836,LOW,RISER,Georg Jensen Damask Becker 63 Deep Glass Checkered Tea Towel,Georg Jensen,Home & Garden > Linens & Bedding > Towels > Kitchen Towels,"05708150205829,05708150213121",NOT_IN_INVENTORY
Home & Garden,1083,738,LOW,RISER,Kay Bojesen Easter birds Wooden Decorations blue,Kay Bojesen,Home & Garden > Decor > Artwork,05709513398523,IN_STOCK
Home & Garden,1085,5072,LOW,RISER,Georg Jensen Christmas Letter Ornament 18 kt,Georg Jensen,Home & Garden > Decor > Seasonal & Holiday Decorations > Holiday Ornaments,"05713275278870,05713275278771,05713275278764",IN_STOCK
Home & Garden,1089,1284,LOW,RISER,Royal Copenhagen Gifts With History Assiette 23 cm,Royal Copenhagen,Home & Garden > Kitchen & Dining > Tableware > Dinnerware > Plates,05705140737995,IN_STOCK
Home & Garden,1091,1367,LOW,RISER,Pre-order – Advent Calendar 2025,Karamel Kompagniet,Home & Garden > Decor > Seasonal & Holiday Decorations > Advent Calendars,05704389266037,NOT_IN_INVENTORY
Home & Garden,1099,1212,LOW,RISER,Rosti Hasselback Cutter,Rosti Mepal,Home & Garden > Kitchen & Dining > Kitchen Tools & Utensils > Kitchen Slicers,"05722000375760,05722000375784",IN_STOCK
Home & Garden,1116,1712,LOW,RISER,Ninja Swirl CREAMi Soft-Serve Ice Cream Maker,Ninja,Home & Garden > Kitchen & Dining > Kitchen Appliances > Ice Cream Makers,00622356292306,NOT_IN_INVENTORY
Home & Garden,1117,706,LOW,RISER,Hay Paper Shade Ellipse,HAY,Home & Garden > Lighting Accessories > Lamp Shades,05710441338673,IN_STOCK
Home & Garden,1119,1102,LOW,RISER,Black Lace Plate Royal Copenhagen,Royal Copenhagen,Home & Garden > Kitchen & Dining > Tableware > Dinnerware > Plates,"05705140742555,05705140742548",IN_STOCK
Home & Garden,1120,216,LOW,FLAT,Dames Second Female Blouses,Second Female,Home & Garden > Linens & Bedding > Bedding > Quilts & Comforters,05714803754927,NOT_IN_INVENTORY
Home & Garden,1126,780,LOW,RISER,Nespresso Essenza Mini Espresso Machine,Nespresso,Home & Garden > Kitchen & Dining > Kitchen Appliances > Coffee Makers & Espresso Machines > Espresso Machines,"08004399332928,00010942221739,09355973143317",IN_STOCK
Home & Garden,1130,3274,LOW,RISER,Georg Jensen Bernadotte French Coffee Press,Georg Jensen,Home & Garden > Kitchen & Dining > Kitchen Appliances > Coffee Makers & Espresso Machines > French Presses,05713275217787,IN_STOCK
Home & Garden,1139,1918,LOW,RISER,GF Affaldssystem 2x10L M/udtræk,Leifheit,Home & Garden > Household Supplies > Waste Containment > Trash Cans & Wastebaskets,05701137010706,NOT_IN_INVENTORY
Home & Garden,1147,1209,LOW,RISER,Vipp 11 Toilet Brush,Vipp,Home & Garden > Bathroom Accessories > Toilet Brushes & Holders,"05705953110305,05705953204820,05705953110404",IN_STOCK
Home & Garden,1150,4835,LOW,RISER,Krammepakken JULEKALENDER 2026 Early Bird inkl. gave,Karamel Kompagniet,Home & Garden > Decor > Seasonal & Holiday Decorations > Advent Calendars,,NOT_IN_INVENTORY
Home & Garden,1151,3132,LOW,RISER,Motivationsflaske 1 ltr Orange/grøn,adidas,Home & Garden > Kitchen & Dining > Food & Beverage Carriers > Water Bottles,07090046316718,NOT_IN_INVENTORY
Home & Garden,1154,1270,LOW,RISER,Eva Solo Vacuum Jug,Eva Solo,Home & Garden > Kitchen & Dining > Tableware > Serveware > Serving Pitchers & Carafes,"05706631162401,05706631244138,05706631074315",NOT_IN_INVENTORY
Home & Garden,1155,585,LOW,FLAT,Ukon!c Microsoft Xbox Series X 4.5l Mini Cooler,Microsoft,Home & Garden > Kitchen & Dining > Kitchen Appliances > Refrigerators,05060326630225,NOT_IN_INVENTORY
Home & Garden,1156,1351,LOW,RISER,Ninja Nj1002Eubk Express Chopper 500 ml,Ninja,Home & Garden > Kitchen & Dining > Kitchen Appliances > Food Mixers & Blenders,00622356219730,NOT_IN_INVENTORY
Home & Garden,1160,497,LOW,FLAT,Colour Block Bedding 140 x,Södahl,Home & Garden > Linens & Bedding > Bedding > Duvet Covers,"05722000380429,05722000380443,05722000389293",IN_STOCK
Home & Garden,1162,1553,LOW,RISER,&Tradition Flowerpot VP8 Wall Lamp,Tradition,Home & Garden > Lighting > Lighting Fixtures > Wall Light Fixtures,"05705385020296,05705385020302,05705385020289",IN_STOCK
Home & Garden,1165,2085,LOW,RISER,Eva Solo Professional Roasting pan with Grid,Eva Solo,Home & Garden > Kitchen & Dining > Cookware & Bakeware > Bakeware > Roasting Pans,"05706631228329,05706631228367,05706631228343",IN_STOCK
Home & Garden,1166,1271,LOW,RISER,Shark PowerDetect Speed Luxe Collection ia3246chtiv,Shark,Home & Garden > Household Appliances > Vacuums,"00622356399784,00622356399791,00622356399807",NOT_IN_INVENTORY
Home & Garden,1167,3966,LOW,RISER,Adventskalender 24er 2026,Maybelline,Home & Garden > Decor > Seasonal & Holiday Decorations > Advent Calendars,04056048192623,NOT_IN_INVENTORY
Home & Garden,1172,1633,LOW,RISER,Nordlux Scorpius Outdoor Wall Lamp IP33,Nordlux,Home & Garden > Lighting > Lighting Fixtures > Wall Light Fixtures,"05701581917958,05701581011021,05701581916951",NOT_IN_INVENTORY
Home & Garden,1183,866,LOW,RISER,Barbour Thornproof Wax Dressing,Barbour,Home & Garden > Household Supplies > Household Cleaning Supplies > Fabric & Upholstery Protectors,00725077002770,OUT_OF_STOCK
Home & Garden,1186,3425,LOW,RISER,National Geographic Dinosaur Advent Calendar,National Geographic,Home & Garden > Decor > Seasonal & Holiday Decorations > Advent Calendars,00810070622862,NOT_IN_INVENTORY
Home & Garden,1191,4312,LOW,RISER,Södra Norr træpiller 6 mm 832 kg. Levering til døren. Dag-til-dag levering.,Norr,Home & Garden > Fireplace & Wood Stove Accessories > Firewood & Fuel,,NOT_IN_INVENTORY
Home & Garden,1198,1657,LOW,RISER,Georg Jensen Bloom Botanica Vase,Georg Jensen,Home & Garden > Decor > Vases,05713275078753,OUT_OF_STOCK
Home & Garden,1206,2100,LOW,RISER,Rösti Margrethe Bowl Set Units,Rosti Mepal,Home & Garden > Kitchen & Dining > Kitchen Tools & Utensils > Mixing Bowls,"05722000299363,05722000299332,05722000299349",IN_STOCK
Home & Garden,1208,471,LOW,FLAT,Royal Copenhagen Iris Shell Dish,Royal Copenhagen,Home & Garden > Kitchen & Dining > Tableware > Dinnerware > Bowls,"05705140758150,05705140758792",IN_STOCK
Home & Garden,1210,2230,LOW,RISER,Link 1 Meter Track Light,Nordlux,Home & Garden > Lighting > Track Lighting > Track Lighting Rails,"05704924007187,05701581273382,05701581356382",NOT_IN_INVENTORY
Home & Garden,1211,1256,LOW,RISER,Hammershøi Thermos Jug Kähler,Kähler,Home & Garden > Kitchen & Dining > Tableware > Serveware > Serving Pitchers & Carafes,"05703779172224,05703779186795,05703779172200",IN_STOCK
Home & Garden,1213,757,LOW,RISER,Melodia Glasses 230 ml 6 pcs,Lyngby Glas,Home & Garden > Kitchen & Dining > Tableware > Drinkware > Tumblers,05722000105091,IN_STOCK
Home & Garden,1220,2008,LOW,RISER,Gastrotools Stegeplade Carbonstål 62x27 cm,Gastrotools,Home & Garden > Kitchen & Dining > Cookware & Bakeware > Cookware > Griddles & Grill Pans,05745000147038,IN_STOCK
Home & Garden,1222,1878,LOW,RISER,Philips LED Premium Frosted Light Bulb 7.5W,Philips,Home & Garden > Lighting > Light Bulbs,08718699782696,NOT_IN_INVENTORY
Home & Garden,1234,3234,LOW,RISER,Iittala Teema Mug,IITTALA,Home & Garden > Kitchen & Dining > Tableware > Drinkware > Mugs,"06411923664042,06411923672290,06411923688864",IN_STOCK
Home & Garden,1249,2566,LOW,RISER,Sage SES985BTR Espresso machine Black Truffle ses985bss,Sage Appliances,Home & Garden > Kitchen & Dining > Kitchen Appliances > Coffee Makers & Espresso Machines > Espresso Machines,"09355973120080,09355973120097",IN_STOCK
Home & Garden,1259,1451,LOW,RISER,Ankarsrum Original Stand Mixer,Ankarsrum,Home & Garden > Kitchen & Dining > Kitchen Appliances > Food Mixers & Blenders,"07350061088350,07350061086783,07350061086080",IN_STOCK
Home & Garden,1264,2509,LOW,RISER,Tefal fv2837e0 Steam iron Blue,T-fal,Home & Garden > Household Appliances > Laundry Appliances > Irons & Ironing Systems,03121040081938,IN_STOCK
Home & Garden,1265,3801,LOW,RISER,Ninja Combi multifunctional kettle 12in1 sfp700eu,Ninja,Home & Garden > Kitchen & Dining > Kitchen Appliances > Deep Fryers,00622356282222,NOT_IN_INVENTORY
Home & Garden,1266,910,LOW,RISER,Ayaida Aya&Ida Drinking Bottle 500ml,AYA,Home & Garden > Kitchen & Dining > Food & Beverage Carriers,"05745000731282,05745000059164,05745000059157",NOT_IN_INVENTORY
Home & Garden,1272,855,LOW,RISER,Sage the Machine Descaler SCC201,Stryker,Home & Garden > Household Supplies > Household Cleaning Supplies > Household Cleaning Products > Descalers & Decalcifiers,09355973135770,IN_STOCK
Home & Garden,1276,2123,LOW,RISER,Technivorm Moccamaster Replacement Glass Carafe,Technivorm,Home & Garden > Kitchen & Dining > Kitchen Appliance Accessories > Coffee Maker & Espresso Machine Accessories > Coffee Decanters,08712072898301,IN_STOCK
Home & Garden,1277,1510,LOW,RISER,Georg Jensen Alfredo Kitchen Roll Holder,Georg Jensen,Home & Garden > Kitchen & Dining > Kitchen Tools & Utensils > Kitchen Organizers > Paper Towel Holders & Dispensers,05705145069121,IN_STOCK
Home & Garden,1287,901,LOW,RISER,Blender/pastry Mixer Philips HR3740/00 450W,Philips,Home & Garden > Kitchen & Dining > Kitchen Appliances > Food Mixers & Blenders,08710103795582,NOT_IN_INVENTORY
Home & Garden,1288,5179,LOW,RISER,Rocket Espresso Appartamento TCA Espresso Machine,Rocket Espresso,Home & Garden > Kitchen & Dining > Kitchen Appliances > Coffee Makers & Espresso Machines > Espresso Machines,"08050506336648,08050506336624,08050506336617",IN_STOCK
Home & Garden,1289,538,LOW,FLAT,Rosti Margrethe Mixing Bowl Set,Rosti Mepal,Home & Garden > Kitchen & Dining > Kitchen Tools & Utensils > Mixing Bowls,"05722000299646,05722000299653,05722000299707",IN_STOCK
Home & Garden,1303,701,LOW,RISER,Zebla Impregnation spray 300 ml,Zebla,Home & Garden > Household Supplies > Household Cleaning Supplies > Fabric & Upholstery Protectors,05712625000079,IN_STOCK
Home & Garden,1316,1421,LOW,RISER,Philips filament LED bulb LEDClassic #77213001,Philips,Home & Garden > Lighting > Light Bulbs,08718699772130,NOT_IN_INVENTORY
Home & Garden,1322,391,LOW,FLAT,Vista Shower Curtain 180 x 200 cm,Södahl,Home & Garden > Bathroom Accessories > Shower Curtains,"05722000333968,05722000333951,05722000333944",IN_STOCK
Home & Garden,1324,1810,LOW,RISER,Eva Solo Saucepan,Eva Solo,Home & Garden > Kitchen & Dining > Cookware & Bakeware > Cookware > Saucepans,"05706631257718,05706631257749",IN_STOCK
Home & Garden,1330,1616,LOW,RISER,"Philips Bulb LED 2,6W Dimmable G9",Philips,Home & Garden > Lighting > Light Bulbs,08720169301597,NOT_IN_INVENTORY
Home & Garden,1331,1036,LOW,RISER,Kay Bojesen Mini Monkey,Kay Bojesen,Home & Garden > Decor > Artwork,05709513392491,IN_STOCK
Home & Garden,1333,776,LOW,RISER,Night Light Moonboon,Moonboon,Home & Garden > Lighting > Night Lights & Ambient Lighting,05744001617007,NOT_IN_INVENTORY
Home & Garden,1334,2664,LOW,RISER,Georg Jensen STRIPE 1979 Bademåtte,Georg Jensen,Home & Garden > Bathroom Accessories > Bath Mats & Rugs,"05708150222109,05708150222154,05708150222093",NOT_IN_INVENTORY
Home & Garden,1340,2010,LOW,RISER,Georg Jensen Elephant Child Set,Georg Jensen,Home & Garden > Kitchen & Dining > Tableware > Dinnerware > Dinnerware Sets,05705145236677,IN_STOCK
Home & Garden,1342,692,LOW,RISER,Rosti New Classic Pot Spoon Set 4-pack,Rosti Mepal,Home & Garden > Kitchen & Dining > Kitchen Tools & Utensils,"05722000301202,05722000301264,05722000301257",IN_STOCK
Home & Garden,1344,1398,LOW,RISER,Lyngby Porcelæn Rhombe Color Mug,Lyngby Porcelæn,Home & Garden > Kitchen & Dining > Tableware > Drinkware > Mugs,"05711507019635,05711507019734,05711507019710",IN_STOCK
Home & Garden,1351,0,LOW,RELATIVE_DEMAND_CHANGE_TYPE_ENUM_UNSPECIFIED,Ninja Af300eu 2x3.8 L Air Fryer,Ninja,Home & Garden > Kitchen & Dining > Kitchen Appliances > Deep Fryers,00622356239561,NOT_IN_INVENTORY
Home & Garden,1352,1345,LOW,RISER,Aarke Carbonator III,Aarke,Home & Garden > Kitchen & Dining > Kitchen Appliances > Soda Makers,"07350091791060,07350091791558,07350091791053",IN_STOCK
Home & Garden,1353,2185,LOW,RISER,Kenwood Fritstående Mikrobølgeovn k30css25e,Kenwood,Home & Garden > Kitchen & Dining > Kitchen Appliances > Microwave Ovens,05017416816052,NOT_IN_INVENTORY
Home & Garden,1355,1613,LOW,RISER,Bodum Travel Mug,BODUM,Home & Garden > Kitchen & Dining > Food & Beverage Carriers,"00727015052847,00699965656232,00699965630478",OUT_OF_STOCK
Home & Garden,1356,1232,LOW,RISER,Eva Solo Mixing Bowl Set 3pcs,Eva Solo,Home & Garden > Kitchen & Dining > Kitchen Tools & Utensils > Mixing Bowls,05706631228404,NOT_IN_INVENTORY
Home & Garden,1357,834,LOW,RISER,Georg Jensen Damask Soft Duck Down Duvet,Georg Jensen,Home & Garden > Linens & Bedding > Bedding > Quilts & Comforters,"05708150208882,05708150208844,05708150208851",NOT_IN_INVENTORY
Home & Garden,1358,3061,LOW,RISER,Liewood Learning Spoons,Liewood,Home & Garden > Kitchen & Dining > Tableware > Flatware,"05715493422257,05715493422264",NOT_IN_INVENTORY
Home & Garden,1360,4441,LOW,RISER,Kenwood KVL65.001WH Titanium Chef Baker XL,Kenwood,Home & Garden > Kitchen & Dining > Kitchen Appliances > Food Mixers & Blenders,05011423002033,NOT_IN_INVENTORY
Home & Garden,1364,2383,LOW,RISER,Nutribullet Ultra 1200 Blender nb1206dgcc,NutriBullet,Home & Garden > Kitchen & Dining > Kitchen Appliances > Food Mixers & Blenders,08006447002166,NOT_IN_INVENTORY
Home & Garden,1366,1467,LOW,RISER,Kähler Hammershøi Grinder,Kähler,Home & Garden > Kitchen & Dining > Kitchen Tools & Utensils > Spice Grinders,"05703779185422,05703779172095,05703779151168",IN_STOCK
Home & Garden,1375,1009,LOW,RISER,Royal Copenhagen White Fluted Half Lace Plate,Royal Copenhagen,Home & Garden > Kitchen & Dining > Tableware > Dinnerware > Plates,"05705140175766,05705140175841,05705140175803",IN_STOCK
Home & Garden,1376,653,LOW,RISER,LEGO Star Wars Tm 75456 Advent Calendar 2026,LEGO,Home & Garden > Decor > Seasonal & Holiday Decorations > Advent Calendars,05702018062470,NOT_IN_INVENTORY
Home & Garden,1378,1803,LOW,RISER,Royal Copenhagen Gifts with History,Royal Copenhagen,Home & Garden > Kitchen & Dining > Tableware > Drinkware > Mugs,05705140732020,IN_STOCK
Home & Garden,1381,1266,LOW,RISER,LEGO Disney Advent Calendar 2026,LEGO,Home & Garden > Decor > Seasonal & Holiday Decorations > Advent Calendars,05702018068670,IN_STOCK
Home & Garden,1388,1115,LOW,RISER,Moebe Wall Hook,Moebe,Home & Garden > Household Supplies > Storage & Organization > Storage Hooks & Racks > Utility Hooks,"05713520019494,05713520019487,05713520004018",IN_STOCK
Home & Garden,1393,853,LOW,RISER,Kay Bojesen Monkey Mini,Kay Bojesen,Home & Garden > Decor > Artwork,"05709513398011,05709513393658,05709513398004",IN_STOCK
Home & Garden,1396,3566,LOW,RISER,Morsø 1010 Brændeovn,Morsø,Home & Garden > Wood Stoves,05708722342204,NOT_IN_INVENTORY
Home & Garden,1404,0,LOW,RELATIVE_DEMAND_CHANGE_TYPE_ENUM_UNSPECIFIED,Tefal Duetto On Cookware Set,T-fal,Home & Garden > Kitchen & Dining > Cookware & Bakeware > Cookware > Skillets & Frying Pans,03168430376526,NOT_IN_INVENTORY
Home & Garden,1405,2455,LOW,RISER,Georg Jensen 2006 Anniversary Mobile,Georg Jensen,Home & Garden > Decor > Seasonal & Holiday Decorations > Holiday Ornaments,05713275277026,NOT_IN_INVENTORY
Home & Garden,1408,2368,LOW,RISER,Nordlux Rispapir Rice paper sphere shade,Nordlux,Home & Garden > Lighting Accessories > Lamp Shades,"05708715730001,05708839002442,05708715740000",NOT_IN_INVENTORY
Home & Garden,1412,872,LOW,RISER,Bernadotte bestiksæt Georg Jensen,Georg Jensen,Home & Garden > Kitchen & Dining > Tableware > Flatware > Flatware Sets,05713275214540,NOT_IN_INVENTORY
Home & Garden,1419,1097,LOW,RISER,Lyngby Porcelæn Rhombe Plate,Lyngby Porcelæn,Home & Garden > Kitchen & Dining > Tableware > Dinnerware > Plates,05711507238029,IN_STOCK
Home & Garden,1444,1258,LOW,RISER,Liewood Arthur Lunchbox,Liewood,Home & Garden > Kitchen & Dining > Food & Beverage Carriers > Lunch Boxes & Totes,"05715493473372,05715493530235,05715493237769",IN_STOCK
Home & Garden,1448,2658,LOW,RISER,Espresso Machine with Weight-Based Control Repeatable Shots,Cisco,Home & Garden > Kitchen & Dining > Kitchen Appliances > Coffee Makers & Espresso Machines > Espresso Machines,06978272140004,NOT_IN_INVENTORY
Home & Garden,1463,906,LOW,RISER,House Doctor Fold Wall Decoration,House Doctor,Home & Garden > Decor > Artwork,05707644919754,NOT_IN_INVENTORY
Home & Garden,1466,2229,LOW,RISER,OBH Nordica Mainstream brødrister sort,OBH Nordica,Home & Garden > Kitchen & Dining > Kitchen Appliances > Toasters & Grills > Toasters,05708642026352,NOT_IN_INVENTORY
Home & Garden,1471,1317,LOW,RISER,Morsø Forno Gasgrill Gas grill Medio,Morsø,Home & Garden > Kitchen & Dining > Kitchen Appliances > Outdoor Grills,05708722277100,NOT_IN_INVENTORY
Home & Garden,1474,1245,LOW,RISER,Liewood Kimmie Water Bottle,Liewood,Home & Garden > Kitchen & Dining > Food & Beverage Carriers > Water Bottles,"05715493448660,05715493491567,05715493495367",IN_STOCK
Home & Garden,1476,0,LOW,RELATIVE_DEMAND_CHANGE_TYPE_ENUM_UNSPECIFIED,Royal Copenhagen Blue Fluted Mega Plate Decoration 6,Royal Copenhagen,Home & Garden > Kitchen & Dining > Tableware > Dinnerware > Plates,05705140753292,IN_STOCK
Home & Garden,1481,7045,LOW,RISER,Eva Trio Legio Nova Ovnfast Fadsæt,Eva Solo,Home & Garden > Kitchen & Dining > Cookware & Bakeware > Cookware > Casserole Dishes,05706631197038,NOT_IN_INVENTORY
Home & Garden,1483,1661,LOW,RISER,Ninja Foodi 3 in 1 Hand Blender,Ninja,Home & Garden > Kitchen & Dining > Kitchen Appliances > Food Mixers & Blenders,"00622356254762,00622356350983",IN_STOCK
Home & Garden,1484,1884,LOW,RISER,Leifheit Telegant Wall Dryer,Leifheit,Home & Garden > Household Supplies > Laundry Supplies > Drying Racks & Hangers,04006501832016,NOT_IN_INVENTORY
Home & Garden,1485,693,LOW,RISER,De'Longhi La Specialista Arte Coffee Machine,De'Longhi,Home & Garden > Kitchen & Dining > Kitchen Appliances > Coffee Makers & Espresso Machines > Espresso Machines,"08004399021921,08004399025202,08004399025172",NOT_IN_INVENTORY
Home & Garden,1486,2033,LOW,RISER,Sabre Bistrot Cutlery Set,Sabre Paris,Home & Garden > Kitchen & Dining > Tableware > Flatware > Flatware Sets,"03700068485401,03700068485425,03665270049950",NOT_IN_INVENTORY
Home & Garden,1492,0,LOW,RELATIVE_DEMAND_CHANGE_TYPE_ENUM_UNSPECIFIED,Nespresso Travel Mug small,Nespresso,Home & Garden > Kitchen & Dining > Food & Beverage Carriers,"07630100830233,07630585387512,07630100811911",NOT_IN_INVENTORY
